# MagicaVoxel @ Ephtracy

# group
o 

# material
mtllib voxeltree.mtl
usemtl palette

# normals
vn -1 0 0
vn 1 0 0
vn 0 0 1
vn 0 0 -1
vn 0 -1 0
vn 0 1 0

# texcoords
vt 0.220703 0.5
vt 0.345703 0.5
vt 0.349609 0.5
vt 0.509766 0.5
vt 0.513672 0.5
vt 0.533203 0.5
vt 0.556641 0.5
vt 0.841797 0.5

# verts
v -2.9 6.4 2.3
v -2.9 6.4 2.2
v -2.9 6.5 2.3
v -2.9 6.5 2.2
v -2.8 6.3 2.4
v -2.8 6.3 2.1
v -2.8 6.4 2.3
v -2.8 6.4 2.2
v -2.8 6.5 2.4
v -2.8 6.5 2.3
v -2.8 6.5 2.2
v -2.8 6.5 2.1
v -2.7 5.5 3.7
v -2.7 5.5 3.6
v -2.7 5.7 3.7
v -2.7 5.7 3.6
v -2.7 6 2.3
v -2.7 6 2
v -2.7 6 1.9
v -2.7 6.1 2.4
v -2.7 6.1 2.3
v -2.7 6.1 2
v -2.7 6.1 1.9
v -2.7 6.1 1.8
v -2.7 6.2 2.2
v -2.7 6.2 2
v -2.7 6.3 2.4
v -2.7 6.3 2.2
v -2.7 6.3 2.1
v -2.7 6.3 1.9
v -2.7 6.3 1.8
v -2.7 6.4 2.1
v -2.7 6.4 2
v -2.7 6.4 1.9
v -2.6 5.2 3.5
v -2.6 5.2 3.4
v -2.6 5.2 3.3
v -2.6 5.3 3.5
v -2.6 5.3 3.4
v -2.6 5.3 3.3
v -2.6 5.4 3.7
v -2.6 5.4 3.6
v -2.6 5.5 3.7
v -2.6 5.5 3.6
v -2.6 5.5 2.9
v -2.6 5.5 2.6
v -2.6 5.6 3.5
v -2.6 5.6 3.1
v -2.6 5.7 3.4
v -2.6 5.7 3.1
v -2.6 5.7 2.8
v -2.6 5.7 2.6
v -2.6 5.8 3.4
v -2.6 5.8 3.1
v -2.6 5.8 2.9
v -2.6 5.8 2.8
v -2.6 5.8 2.6
v -2.6 5.9 3.5
v -2.6 5.9 3.1
v -2.6 5.9 2.3
v -2.6 5.9 2
v -2.6 6 2.3
v -2.6 6 2
v -2.6 6.3 2.6
v -2.6 6.3 2.4
v -2.6 6.4 2.6
v -2.6 6.4 2.4
v -2.5 5.2 3.7
v -2.5 5.2 3.5
v -2.5 5.3 3.5
v -2.5 5.3 3.4
v -2.5 5.3 3.3
v -2.5 5.3 2.4
v -2.5 5.3 1.7
v -2.5 5.4 3.7
v -2.5 5.4 3.6
v -2.5 5.4 2.9
v -2.5 5.4 2.6
v -2.5 5.5 3.2
v -2.5 5.5 3.1
v -2.5 5.5 2.9
v -2.5 5.5 2.6
v -2.5 5.5 2.4
v -2.5 5.5 2.3
v -2.5 5.6 3.5
v -2.5 5.6 3.3
v -2.5 5.6 3.2
v -2.5 5.6 3.1
v -2.5 5.7 3.6
v -2.5 5.7 3.5
v -2.5 5.7 2.4
v -2.5 5.7 2.3
v -2.5 5.8 2.3
v -2.5 5.8 2
v -2.5 5.8 -0.1
v -2.5 5.8 -0.4
v -2.5 5.9 2.7
v -2.5 5.9 2.4
v -2.5 5.9 2.3
v -2.5 5.9 2
v -2.5 5.9 1.7
v -2.5 5.9 0.8
v -2.5 5.9 0.6
v -2.5 6 2.7
v -2.5 6 2.4
v -2.5 6.1 2.4
v -2.5 6.1 0.8
v -2.5 6.1 0.6
v -2.5 6.2 2.7
v -2.5 6.2 2.4
v -2.5 6.2 -0.1
v -2.5 6.2 -0.4
v -2.4 5 3.4
v -2.4 5 3.1
v -2.4 5.1 3.1
v -2.4 5.1 3
v -2.4 5.1 2.1
v -2.4 5.1 2
v -2.4 5.2 3.4
v -2.4 5.2 3.3
v -2.4 5.2 3.2
v -2.4 5.2 3
v -2.4 5.2 2.8
v -2.4 5.2 2.1
v -2.4 5.2 2
v -2.4 5.3 3.3
v -2.4 5.3 3.2
v -2.4 5.3 3
v -2.4 5.3 2.8
v -2.4 5.3 2.7
v -2.4 5.3 2.4
v -2.4 5.3 1.7
v -2.4 5.3 1.6
v -2.4 5.4 2.9
v -2.4 5.4 2.8
v -2.4 5.4 2.7
v -2.4 5.4 2.6
v -2.4 5.5 3.2
v -2.4 5.5 3.1
v -2.4 5.5 2.4
v -2.4 5.6 3.3
v -2.4 5.6 3.2
v -2.4 5.6 3
v -2.4 5.6 2.9
v -2.4 5.6 0.2
v -2.4 5.6 -0.4
v -2.4 5.7 2.9
v -2.4 5.7 2.6
v -2.4 5.7 2.4
v -2.4 5.8 2.9
v -2.4 5.8 2.8
v -2.4 5.8 2.7
v -2.4 5.8 2.6
v -2.4 5.8 1.7
v -2.4 5.8 1.6
v -2.4 5.8 -0.1
v -2.4 5.8 -0.4
v -2.4 5.9 3.4
v -2.4 5.9 3.1
v -2.4 5.9 2.8
v -2.4 5.9 2.7
v -2.4 5.9 2.4
v -2.4 5.9 2.3
v -2.4 5.9 0.6
v -2.4 5.9 0.2
v -2.4 6 3.4
v -2.4 6 3.2
v -2.4 6 3.1
v -2.4 6 3
v -2.4 6 2.9
v -2.4 6 2.7
v -2.4 6 2.4
v -2.4 6 2.3
v -2.4 6 0.2
v -2.4 6 -0.1
v -2.4 6.1 3.2
v -2.4 6.1 3.1
v -2.4 6.1 3
v -2.4 6.1 2.9
v -2.4 6.1 2.8
v -2.4 6.1 2.4
v -2.4 6.1 2.3
v -2.4 6.1 0.7
v -2.4 6.1 0.6
v -2.4 6.2 2.8
v -2.4 6.2 2.7
v -2.4 6.2 2.4
v -2.4 6.2 0.7
v -2.4 6.2 0.2
v -2.4 6.3 2.7
v -2.4 6.3 2.6
v -2.4 6.3 2.4
v -2.3 0 -0.7
v -2.3 0 -0.9
v -2.3 0.2 -0.7
v -2.3 0.2 -0.9
v -2.3 4.8 2.1
v -2.3 4.8 1.9
v -2.3 5.1 2.1
v -2.3 5.1 2
v -2.3 5.2 2
v -2.3 5.2 1.9
v -2.3 5.3 2.8
v -2.3 5.3 2.7
v -2.3 5.5 0.8
v -2.3 5.5 0.0999999
v -2.3 5.6 2.8
v -2.3 5.6 0.2
v -2.3 5.6 0.0999999
v -2.3 5.7 3.6
v -2.3 5.7 3.4
v -2.3 5.8 3.6
v -2.3 5.8 3.4
v -2.3 5.9 2.8
v -2.3 5.9 2.7
v -2.3 5.9 2.3
v -2.3 5.9 2.2
v -2.3 5.9 2
v -2.3 5.9 1.7
v -2.3 5.9 0.8
v -2.3 5.9 0.2
v -2.3 6 3
v -2.3 6 2.9
v -2.3 6 2.3
v -2.3 6 2.2
v -2.3 6 2
v -2.3 6 1.9
v -2.3 6 0.2
v -2.3 6 0.0999999
v -2.3 6 -0.1
v -2.3 6.1 3.1
v -2.3 6.1 3
v -2.3 6.1 2.9
v -2.3 6.1 2.8
v -2.3 6.1 1.9
v -2.3 6.1 1.8
v -2.3 6.1 0.2
v -2.3 6.1 0.0999999
v -2.3 6.1 -0.1
v -2.3 6.2 3.1
v -2.3 6.2 2.8
v -2.3 6.2 1.8
v -2.3 6.2 1.7
v -2.2 0 2.8
v -2.2 0 2.6
v -2.2 0.1 2.8
v -2.2 0.1 2.6
v -2.2 5.1 2.3
v -2.2 5.1 2.1
v -2.2 5.2 2.1
v -2.2 5.2 1.9
v -2.2 5.3 2.3
v -2.2 5.3 1.9
v -2.2 5.5 -0.1
v -2.2 5.5 -0.2
v -2.2 5.5 -0.3
v -2.2 5.5 -0.5
v -2.2 5.6 -0.1
v -2.2 5.6 -0.2
v -2.2 5.6 -0.3
v -2.2 5.6 -0.4
v -2.2 5.9 -0.4
v -2.2 5.9 -0.5
v -2.1 0 -0.6
v -2.1 0 -0.7
v -2.1 0.2 -0.6
v -2.1 0.2 -0.7
v -2.1 4.7 2.1
v -2.1 4.7 2
v -2.1 4.8 2.1
v -2.1 4.8 2
v -2.1 5.3 1.8
v -2.1 5.3 1.7
v -2.1 5.3 -4.76837e-07
v -2.1 5.3 -0.1
v -2.1 5.4 -0.1
v -2.1 5.4 -0.2
v -2.1 5.5 -0.1
v -2.1 5.5 -0.2
v -2.1 5.6 1.8
v -2.1 5.6 1.7
v -2.1 5.6 -4.76837e-07
v -2.1 5.6 -0.1
v -2 0 2.6
v -2 0 2.3
v -2 0.1 2.6
v -2 0.1 2.3
v -2 4.6 2.2
v -2 4.6 2
v -2 4.7 2.2
v -2 4.7 2.1
v -2 4.7 2
v -2 4.9 3.2
v -2 4.9 3.1
v -2 5 3.2
v -2 5 3.1
v -2 5.1 0.0999999
v -2 5.1 -0.1
v -2 5.3 -4.76837e-07
v -2 5.3 -0.1
v -2 5.4 0.0999999
v -2 5.4 -4.76837e-07
v -2 5.8 3.5
v -2 5.8 3.4
v -2 5.9 0.9
v -2 5.9 0.8
v -2 6 3.5
v -2 6 3.4
v -2 6.1 0.8
v -2 6.1 -4.76837e-07
v -2 6.2 0.9
v -2 6.2 -4.76837e-07
v -1.9 0 2.3
v -1.9 0 2
v -1.9 0 -0.3
v -1.9 0 -0.6
v -1.9 0.1 2.4
v -1.9 0.1 2.3
v -1.9 0.1 2
v -1.9 0.2 2.4
v -1.9 0.2 2.3
v -1.9 0.2 -0.3
v -1.9 0.2 -0.6
v -1.9 4.4 2.2
v -1.9 4.4 2.1
v -1.9 4.5 2.1
v -1.9 4.5 2
v -1.9 4.6 2.2
v -1.9 4.6 2
v -1.9 4.7 3.1
v -1.9 4.7 3
v -1.9 4.7 2.9
v -1.9 4.8 3.2
v -1.9 4.8 3.1
v -1.9 4.9 3.2
v -1.9 4.9 3.1
v -1.9 4.9 3
v -1.9 4.9 2.9
v -1.9 5 0.0999999
v -1.9 5 -0.1
v -1.9 5.1 0.0999999
v -1.9 5.1 -0.1
v -1.9 6.1 -4.76837e-07
v -1.9 6.1 -0.1
v -1.9 6.2 -4.76837e-07
v -1.9 6.2 -0.1
v -1.8 0.1 -0.6
v -1.8 0.1 -0.7
v -1.8 0.2 -0.6
v -1.8 0.2 -0.7
v -1.8 4.5 3
v -1.8 4.5 2.8
v -1.8 4.7 3
v -1.8 4.7 2.9
v -1.8 4.7 2.8
v -1.8 4.9 0.2
v -1.8 4.9 -4.76837e-07
v -1.8 5 0.0999999
v -1.8 5 -4.76837e-07
v -1.8 5.2 0.2
v -1.8 5.2 0.0999999
v -1.8 5.4 0.8
v -1.8 5.4 0.6
v -1.8 5.5 0.8
v -1.8 5.5 0.6
v -1.8 6.1 1
v -1.8 6.1 0.9
v -1.8 6.2 0.9
v -1.8 6.2 0.3
v -1.8 6.2 0.2
v -1.8 6.2 -4.76837e-07
v -1.8 6.4 1
v -1.8 6.4 0.3
v -1.8 6.4 0.2
v -1.8 6.4 -4.76837e-07
v -1.7 0 -4.76837e-07
v -1.7 0 -0.3
v -1.7 0.1 2.2
v -1.7 0.1 2
v -1.7 0.1 -4.76837e-07
v -1.7 0.1 -0.3
v -1.7 0.2 2.2
v -1.7 0.2 2
v -1.7 4.2 2.8
v -1.7 4.2 2.6
v -1.7 4.2 2.3
v -1.7 4.2 2.1
v -1.7 4.4 2.9
v -1.7 4.4 2.8
v -1.7 4.4 2.7
v -1.7 4.4 2.6
v -1.7 4.4 2.3
v -1.7 4.4 2.2
v -1.7 4.4 2.1
v -1.7 4.5 2.9
v -1.7 4.5 2.8
v -1.7 4.6 2.8
v -1.7 4.6 2.7
v -1.7 5.3 0.7
v -1.7 5.3 0.6
v -1.7 5.4 0.7
v -1.7 5.4 0.6
v -1.7 5.5 0.5
v -1.7 5.5 0.4
v -1.7 5.6 0.4
v -1.7 5.8 0.5
v -1.7 5.8 0.4
v -1.6 0.1 2
v -1.6 0.1 1.9
v -1.6 0.2 2
v -1.6 0.2 1.9
v -1.6 4.1 2.7
v -1.6 4.1 2.3
v -1.6 4.2 2.7
v -1.6 4.2 2.6
v -1.6 4.2 2.3
v -1.6 4.3 2.6
v -1.6 4.3 2.3
v -1.6 4.8 0.3
v -1.6 4.8 -4.76837e-07
v -1.6 4.9 0.2
v -1.6 4.9 -4.76837e-07
v -1.6 5 0.3
v -1.6 5 0.2
v -1.6 5.2 0.7
v -1.6 5.2 0.5
v -1.6 5.3 0.7
v -1.6 5.3 0.6
v -1.6 5.5 0.6
v -1.6 5.5 0.5
v -1.6 5.7 0.6
v -1.6 5.7 0.5
v -1.6 5.8 0.6
v -1.6 5.8 0.5
v -1.5 0 1.9
v -1.5 0 1.1
v -1.5 0.1 1.9
v -1.5 0.1 1.7
v -1.5 0.1 1.1
v -1.5 0.2 1.9
v -1.5 0.3 1.9
v -1.5 0.3 1.7
v -1.5 4 2.5
v -1.5 4 2.4
v -1.5 4 2.3
v -1.5 4 2.1
v -1.5 4.1 2.5
v -1.5 4.1 2.4
v -1.5 4.1 2.3
v -1.5 4.2 2.3
v -1.5 4.2 2.1
v -1.5 4.3 3
v -1.5 4.3 2.8
v -1.5 4.4 3.1
v -1.5 4.4 3
v -1.5 4.4 2.8
v -1.5 4.5 2.9
v -1.5 4.5 2.8
v -1.5 4.6 3.1
v -1.5 4.6 2.9
v -1.5 4.7 0.3
v -1.5 4.7 0.2
v -1.5 4.7 0.0999999
v -1.5 4.8 0.4
v -1.5 4.8 0.3
v -1.5 4.8 0.2
v -1.5 4.8 0.0999999
v -1.5 5 3.6
v -1.5 5 3.5
v -1.5 5 0.5
v -1.5 5 0.4
v -1.5 5 0.3
v -1.5 5.1 0.6
v -1.5 5.1 0.5
v -1.5 5.2 3.6
v -1.5 5.2 3.5
v -1.5 5.2 0.6
v -1.5 5.2 0.5
v -1.5 5.2 0.4
v -1.5 5.6 0.6
v -1.5 5.6 0.5
v -1.5 5.7 0.6
v -1.5 5.7 0.5
v -1.4 0 1.1
v -1.4 0 1
v -1.4 0.1 1.7
v -1.4 0.1 1.5
v -1.4 0.1 1.3
v -1.4 0.1 1.1
v -1.4 0.1 -0.1
v -1.4 0.1 -0.3
v -1.4 0.2 1.7
v -1.4 0.2 1.5
v -1.4 0.2 -0.1
v -1.4 0.2 -0.3
v -1.4 0.5 1.3
v -1.4 0.5 1
v -1.4 4 2.4
v -1.4 4 2.3
v -1.4 4.1 2.4
v -1.4 4.1 2.3
v -1.4 4.1 2.1
v -1.4 4.1 2
v -1.4 4.2 2.1
v -1.4 4.2 2
v -1.4 4.5 3.2
v -1.4 4.5 3.1
v -1.4 4.6 3.1
v -1.4 4.6 3
v -1.4 4.7 3.2
v -1.4 4.7 3
v -1.4 4.7 0.4
v -1.4 4.7 0.3
v -1.4 4.8 3.9
v -1.4 4.8 3.5
v -1.4 4.8 0.4
v -1.4 4.8 0.3
v -1.4 4.8 -4.76837e-07
v -1.4 4.8 -0.1
v -1.4 4.9 3.5
v -1.4 4.9 3.2
v -1.4 4.9 0.5
v -1.4 4.9 0.4
v -1.4 4.9 -0.1
v -1.4 4.9 -0.2
v -1.4 5 3.9
v -1.4 5 3.8
v -1.4 5 3.6
v -1.4 5 3.5
v -1.4 5 0.5
v -1.4 5 0.4
v -1.4 5 -4.76837e-07
v -1.4 5.1 3.8
v -1.4 5.1 3.7
v -1.4 5.1 3.4
v -1.4 5.1 3.3
v -1.4 5.1 3.2
v -1.4 5.1 3
v -1.4 5.1 -4.76837e-07
v -1.4 5.1 -0.1
v -1.4 5.2 3.7
v -1.4 5.2 3.6
v -1.4 5.2 3.5
v -1.4 5.2 3.4
v -1.4 5.2 3.3
v -1.4 5.2 3
v -1.4 5.2 -0.1
v -1.4 5.2 -0.2
v -1.4 5.3 3.5
v -1.4 5.3 3.4
v -1.4 5.5 3.6
v -1.4 5.5 3.5
v -1.4 5.7 0.7
v -1.4 5.7 0.6
v -1.4 5.8 0.8
v -1.4 5.8 0.7
v -1.4 5.9 0.8
v -1.4 5.9 0.6
v -1.3 0.2 1.7
v -1.3 0.2 1.6
v -1.3 0.3 1.7
v -1.3 0.3 1.6
v -1.3 4.6 0.4
v -1.3 4.6 0.2
v -1.3 4.7 3.2
v -1.3 4.7 3.1
v -1.3 4.7 0.4
v -1.3 4.7 0.2
v -1.3 4.8 3.2
v -1.3 4.8 3.1
v -1.3 5 -0.2
v -1.3 5 -0.3
v -1.3 5.1 -0.3
v -1.3 5.1 -0.4
v -1.3 5.2 3.7
v -1.3 5.2 3.6
v -1.3 5.2 -0.2
v -1.3 5.2 -0.4
v -1.3 5.2 -0.5
v -1.3 5.3 -0.2
v -1.3 5.3 -0.4
v -1.3 5.3 -0.5
v -1.3 5.3 -0.6
v -1.3 5.4 -0.5
v -1.3 5.4 -0.6
v -1.3 5.5 3.7
v -1.3 5.5 3.6
v -1.3 5.5 -0.4
v -1.3 5.5 -0.5
v -1.2 3.8 2.3
v -1.2 3.8 2.1
v -1.2 4 2.3
v -1.2 4 2.1
v -1.2 4.5 0.5
v -1.2 4.5 0.4
v -1.2 4.5 0.3
v -1.2 4.6 0.4
v -1.2 4.6 0.3
v -1.2 4.7 3.3
v -1.2 4.7 3.2
v -1.2 4.7 0.5
v -1.2 4.7 0.4
v -1.2 4.8 3.3
v -1.2 4.8 3.2
v -1.2 4.8 3.1
v -1.2 4.8 0.5
v -1.2 4.8 0.4
v -1.2 4.9 3.3
v -1.2 4.9 3.2
v -1.2 4.9 3.1
v -1.2 4.9 0.0999999
v -1.2 4.9 -4.76837e-07
v -1.2 5 3.2
v -1.2 5 3.1
v -1.2 5 0.0999999
v -1.2 5 -4.76837e-07
v -1.2 5.1 3.8
v -1.2 5.1 3.7
v -1.2 5.1 3.4
v -1.2 5.1 3.3
v -1.2 5.2 3.8
v -1.2 5.2 3.7
v -1.2 5.2 3.4
v -1.2 5.2 3.3
v -1.2 5.3 -0.3
v -1.2 5.3 -0.4
v -1.2 5.4 -0.3
v -1.2 5.4 -0.4
v -1.2 5.4 -0.5
v -1.2 5.4 -0.6
v -1.2 5.5 -0.5
v -1.2 5.5 -0.6
v -1.2 5.5 -0.7
v -1.2 5.6 -0.4
v -1.2 5.6 -0.5
v -1.2 5.6 -0.7
v -1.2 5.6 -0.8
v -1.2 5.6 -0.9
v -1.2 5.7 1.1
v -1.2 5.7 0.7
v -1.2 5.7 -0.5
v -1.2 5.7 -0.8
v -1.2 5.8 0.8
v -1.2 5.8 0.7
v -1.2 5.9 -0.6
v -1.2 5.9 -0.7
v -1.2 6 -0.4
v -1.2 6 -0.6
v -1.2 6 -0.7
v -1.2 6 -0.9
v -1.2 6.1 1
v -1.2 6.1 0.8
v -1.2 6.2 -4.76837e-07
v -1.2 6.2 -0.1
v -1.2 6.2 -0.3
v -1.2 6.2 -0.4
v -1.2 6.2 -0.5
v -1.2 6.3 -4.76837e-07
v -1.2 6.3 -0.1
v -1.2 6.4 1
v -1.2 6.4 0.5
v -1.2 6.4 -0.3
v -1.2 6.4 -0.5
v -1.2 6.7 1.1
v -1.2 6.7 0.5
v -1.1 0 0.0999999
v -1.1 0 -0.1
v -1.1 0 -0.2
v -1.1 0.1 1.4
v -1.1 0.1 1.3
v -1.1 0.1 -0.1
v -1.1 0.1 -0.2
v -1.1 0.2 1.4
v -1.1 0.2 1.3
v -1.1 0.2 -4.76837e-07
v -1.1 0.2 -0.1
v -1.1 0.3 0.0999999
v -1.1 0.3 -4.76837e-07
v -1.1 3.7 2.1
v -1.1 3.7 1.9
v -1.1 3.8 2.1
v -1.1 3.8 1.9
v -1.1 4 2.1
v -1.1 4 1.9
v -1.1 4.4 0.6
v -1.1 4.4 0.3
v -1.1 4.5 0.5
v -1.1 4.5 0.4
v -1.1 4.5 0.3
v -1.1 4.7 0.6
v -1.1 4.7 0.5
v -1.1 4.8 4.1
v -1.1 4.8 3.9
v -1.1 4.8 3.5
v -1.1 4.8 3.3
v -1.1 4.9 3.5
v -1.1 4.9 3.3
v -1.1 5 4.1
v -1.1 5 4
v -1.1 5 3.9
v -1.1 5 3.8
v -1.1 5.1 4
v -1.1 5.1 3.9
v -1.1 5.1 3.8
v -1.1 5.2 3.9
v -1.1 5.2 3.8
v -1.1 5.2 3.7
v -1.1 5.3 3.9
v -1.1 5.3 3.7
v -1.1 5.6 0.7
v -1.1 5.6 0.6
v -1.1 5.7 0.7
v -1.1 5.7 0.6
v -1.1 6 -0.4
v -1.1 6 -0.6
v -1.1 6 -0.7
v -1.1 6.1 -0.6
v -1.1 6.1 -0.7
v -1.1 6.2 -0.1
v -1.1 6.2 -0.2
v -1.1 6.2 -0.3
v -1.1 6.2 -0.4
v -1.1 6.2 -0.5
v -1.1 6.2 -0.7
v -1.1 6.3 -0.1
v -1.1 6.3 -0.2
v -1.1 6.3 -0.3
v -1.1 6.3 -0.5
v -1.1 6.3 -0.7
v -1.1 6.4 0.5
v -1.1 6.4 0.4
v -1.1 6.7 0.5
v -1.1 6.7 0.4
v -1 0 1
v -1 0 0.8
v -1 0 0.4
v -1 0 0.3
v -1 0 0.0999999
v -1 0 -0.2
v -1 0 -0.3
v -1 0.1 1.5
v -1 0.1 1.4
v -1 0.1 0.4
v -1 0.1 0.3
v -1 0.1 -0.2
v -1 0.1 -0.3
v -1 0.2 1.5
v -1 0.2 1.4
v -1 0.2 1
v -1 0.2 0.8
v -1 0.2 0.3
v -1 0.2 0.0999999
v -1 0.3 1
v -1 0.3 0.9
v -1 0.4 1
v -1 0.4 0.9
v -1 5.1 4
v -1 5.1 3.9
v -1 5.2 3.9
v -1 5.3 4
v -1 5.3 3.9
v -1 6.3 -4.76837e-07
v -1 6.3 -0.1
v -1 6.4 -4.76837e-07
v -1 6.4 -0.1
v -0.9 0.1 0.5
v -0.9 0.1 0.4
v -0.9 0.1 0.3
v -0.9 0.2 1
v -0.9 0.2 0.8
v -0.9 0.2 0.5
v -0.9 0.2 0.3
v -0.9 0.2 0.2
v -0.9 0.2 0.0999999
v -0.9 0.3 1
v -0.9 0.3 0.9
v -0.9 0.3 0.5
v -0.9 0.3 0.3
v -0.9 0.3 0.2
v -0.9 0.3 0.0999999
v -0.9 0.4 0.9
v -0.9 0.4 0.8
v -0.9 3.6 2
v -0.9 3.6 1.7
v -0.9 3.7 2
v -0.9 3.7 1.9
v -0.9 3.8 1.9
v -0.9 3.8 1.8
v -0.9 3.9 1.8
v -0.9 3.9 1.7
v -0.9 4 2
v -0.9 4 1.9
v -0.9 4.1 1.9
v -0.9 4.1 1.8
v -0.9 4.2 2
v -0.9 4.2 1.9
v -0.9 4.2 0.8
v -0.9 4.2 0.7
v -0.9 4.3 0.7
v -0.9 4.3 0.5
v -0.9 4.4 0.6
v -0.9 4.4 0.5
v -0.9 4.5 0.8
v -0.9 4.5 0.6
v -0.8 0.1 1.5
v -0.8 0.1 1.3
v -0.8 0.4 1.5
v -0.8 0.4 1.3
v -0.8 0.5 1.5
v -0.8 0.5 1.3
v -0.8 3 1.6
v -0.8 3 1.4
v -0.8 3.4 1.9
v -0.8 3.4 1.6
v -0.8 3.5 1.9
v -0.8 3.5 1.6
v -0.8 3.5 1.5
v -0.8 3.5 1.4
v -0.8 3.6 1.9
v -0.8 3.6 1.7
v -0.8 3.6 1.6
v -0.8 3.7 1.6
v -0.8 3.7 1.5
v -0.8 3.8 1.7
v -0.8 3.8 1.6
v -0.8 4 2.1
v -0.8 4 2
v -0.8 4.1 0.9
v -0.8 4.1 0.7
v -0.8 4.1 0.6
v -0.8 4.2 2.1
v -0.8 4.2 2
v -0.8 4.2 0.8
v -0.8 4.2 0.7
v -0.8 4.3 0.7
v -0.8 4.3 0.6
v -0.8 4.4 0.9
v -0.8 4.4 0.8
v -0.8 4.7 3.5
v -0.8 4.7 3.3
v -0.8 4.8 3.5
v -0.8 4.8 3.3
v -0.8 5.3 -0.5
v -0.8 5.3 -0.7
v -0.8 5.6 -0.5
v -0.8 5.6 -0.7
v -0.7 0 1.6
v -0.7 0 1.4
v -0.7 0 1.2
v -0.7 0 1.1
v -0.7 0 0.7
v -0.7 0 0.6
v -0.7 0.1 1.5
v -0.7 0.1 1.4
v -0.7 0.1 1.1
v -0.7 0.2 1.6
v -0.7 0.2 1.5
v -0.7 0.3 0.5
v -0.7 0.3 0.3
v -0.7 0.4 1.2
v -0.7 0.4 1.1
v -0.7 0.4 1
v -0.7 0.4 0.9
v -0.7 0.4 0.8
v -0.7 0.4 0.7
v -0.7 0.4 0.5
v -0.7 0.4 0.3
v -0.7 0.5 1
v -0.7 0.5 0.9
v -0.7 0.6 1.1
v -0.7 0.6 1
v -0.7 0.7 1.1
v -0.7 0.7 1
v -0.7 0.7 0.9
v -0.7 0.8 0.8
v -0.7 0.8 0.6
v -0.7 0.9 1.1
v -0.7 0.9 1
v -0.7 0.9 0.9
v -0.7 0.9 0.7
v -0.7 0.9 0.6
v -0.7 1 1
v -0.7 1 0.9
v -0.7 1 0.8
v -0.7 1 0.7
v -0.7 1.2 1.1
v -0.7 1.2 1
v -0.7 1.2 0.9
v -0.7 1.3 1
v -0.7 1.3 0.9
v -0.7 1.5 1.1
v -0.7 1.5 1
v -0.7 1.7 1.1
v -0.7 1.7 1
v -0.7 2.1 1
v -0.7 2.1 0.8
v -0.7 2.2 1
v -0.7 2.2 0.8
v -0.7 2.8 1.7
v -0.7 2.8 1.5
v -0.7 3 1.7
v -0.7 3 1.6
v -0.7 3 1.5
v -0.7 3.1 1.7
v -0.7 3.1 1.6
v -0.7 3.4 1.7
v -0.7 3.4 1.6
v -0.7 3.5 1.5
v -0.7 3.5 1.4
v -0.7 3.7 1.6
v -0.7 3.7 1.5
v -0.7 3.8 1.6
v -0.7 3.8 1.4
v -0.7 3.9 1
v -0.7 3.9 0.8
v -0.7 3.9 0.7
v -0.7 4.1 2.2
v -0.7 4.1 2.1
v -0.7 4.1 1
v -0.7 4.1 0.9
v -0.7 4.1 0.8
v -0.7 4.1 0.7
v -0.7 4.2 2.2
v -0.7 4.2 2.1
v -0.7 4.2 2
v -0.7 4.3 2.1
v -0.7 4.3 2
v -0.7 4.4 2.2
v -0.7 4.4 2.1
v -0.7 4.4 1
v -0.7 4.4 0.9
v -0.7 4.6 3.5
v -0.7 4.6 3.2
v -0.7 4.7 3.5
v -0.7 4.7 3.3
v -0.7 4.8 3.3
v -0.7 4.8 3.2
v -0.7 5.4 -0.7
v -0.7 5.4 -0.8
v -0.7 5.5 -0.1
v -0.7 5.5 -0.5
v -0.7 5.5 -0.8
v -0.7 5.5 -1
v -0.7 5.6 -0.1
v -0.7 5.6 -0.5
v -0.7 5.6 -0.7
v -0.7 5.6 -0.9
v -0.7 5.7 -0.9
v -0.7 5.7 -1
v -0.6 0 0.8
v -0.6 0 0.7
v -0.6 0 0.5
v -0.6 0 0.4
v -0.6 0.1 0.8
v -0.6 0.1 0.5
v -0.6 0.1 0.4
v -0.6 0.2 1
v -0.6 0.2 0.8
v -0.6 0.2 0.3
v -0.6 0.2 0.2
v -0.6 0.3 1.6
v -0.6 0.3 1.5
v -0.6 0.3 0.2
v -0.6 0.4 1.6
v -0.6 0.4 1.5
v -0.6 0.4 1
v -0.6 0.4 0.9
v -0.6 0.4 0.8
v -0.6 0.4 0.7
v -0.6 0.4 0.3
v -0.6 0.4 0.2
v -0.6 0.5 1
v -0.6 0.5 0.9
v -0.6 0.5 0.8
v -0.6 0.5 0.6
v -0.6 0.5 0.5
v -0.6 0.6 1
v -0.6 0.7 1.1
v -0.6 0.7 1
v -0.6 0.7 0.9
v -0.6 0.7 0.8
v -0.6 0.8 0.8
v -0.6 0.8 0.6
v -0.6 0.8 0.5
v -0.6 0.9 1.1
v -0.6 0.9 1
v -0.6 0.9 0.9
v -0.6 0.9 0.8
v -0.6 1 1
v -0.6 1 0.9
v -0.6 1 0.8
v -0.6 1.1 0.9
v -0.6 1.1 0.8
v -0.6 1.2 1.1
v -0.6 1.2 1
v -0.6 1.2 0.9
v -0.6 1.3 1
v -0.6 1.3 0.9
v -0.6 1.5 1.1
v -0.6 1.5 1
v -0.6 1.7 1.1
v -0.6 1.7 1
v -0.6 1.9 1.1
v -0.6 1.9 0.9
v -0.6 2 0.9
v -0.6 2 0.8
v -0.6 2.1 1
v -0.6 2.1 0.9
v -0.6 2.1 0.8
v -0.6 2.2 1
v -0.6 2.2 0.9
v -0.6 2.2 0.8
v -0.6 2.4 0.9
v -0.6 2.4 0.8
v -0.6 2.5 1
v -0.6 2.5 0.8
v -0.6 2.7 1.5
v -0.6 2.7 1.3
v -0.6 2.7 1.2
v -0.6 2.7 1
v -0.6 2.7 0.8
v -0.6 2.7 0.7
v -0.6 2.8 1.5
v -0.6 2.8 1.3
v -0.6 2.9 1
v -0.6 2.9 0.9
v -0.6 3 1.5
v -0.6 3 1.4
v -0.6 3 1.1
v -0.6 3 1
v -0.6 3 0.9
v -0.6 3.1 1.4
v -0.6 3.1 1.2
v -0.6 3.1 0.8
v -0.6 3.1 0.7
v -0.6 3.2 1.2
v -0.6 3.2 1.1
v -0.6 3.2 1
v -0.6 3.2 0.9
v -0.6 3.2 0.8
v -0.6 3.2 0.7
v -0.6 3.3 1
v -0.6 3.3 0.9
v -0.6 3.5 1
v -0.6 3.5 0.9
v -0.6 3.6 1.1
v -0.6 3.6 1
v -0.6 3.6 0.9
v -0.6 3.6 0.8
v -0.6 3.6 0.7
v -0.6 3.7 1.4
v -0.6 3.7 1.2
v -0.6 3.9 1
v -0.6 3.9 0.8
v -0.6 3.9 0.7
v -0.6 4.1 1.2
v -0.6 4.1 1
v -0.6 4.2 2.3
v -0.6 4.2 2.2
v -0.6 4.3 1.2
v -0.6 4.3 1
v -0.6 4.4 2.3
v -0.6 4.4 2.2
v -0.6 4.6 3.6
v -0.6 4.6 3.5
v -0.6 4.6 3.2
v -0.6 4.6 3.1
v -0.6 4.7 3.6
v -0.6 4.7 3.5
v -0.6 4.8 3.2
v -0.6 4.8 3.1
v -0.6 5.2 -0.6
v -0.6 5.2 -0.7
v -0.6 5.3 0.9
v -0.6 5.3 0.7
v -0.6 5.3 -0.6
v -0.6 5.3 -0.7
v -0.6 5.4 1
v -0.6 5.4 0.9
v -0.6 5.4 0.7
v -0.6 5.4 0.5
v -0.6 5.5 1.2
v -0.6 5.5 1
v -0.6 5.5 0.5
v -0.6 5.6 0.7
v -0.6 5.6 0.5
v -0.6 5.7 1.2
v -0.6 5.7 1.1
v -0.6 5.7 0.7
v -0.6 6 -0.7
v -0.6 6 -0.8
v -0.6 6.1 -0.7
v -0.6 6.1 -0.8
v -0.6 6.3 -0.1
v -0.6 6.3 -0.4
v -0.6 6.4 0.4
v -0.6 6.4 -0.1
v -0.6 6.4 -0.3
v -0.6 6.4 -0.4
v -0.6 6.5 0.4
v -0.6 6.5 -0.3
v -0.5 0 1.7
v -0.5 0 1.6
v -0.5 0 0.6
v -0.5 0 0.5
v -0.5 0.2 1.6
v -0.5 0.2 1.5
v -0.5 0.2 0.6
v -0.5 0.2 0.5
v -0.5 0.3 1.6
v -0.5 0.3 1.5
v -0.5 0.4 1.7
v -0.5 0.4 1.6
v -0.5 0.4 1.5
v -0.5 0.4 0.5
v -0.5 0.4 0.4
v -0.5 0.5 0.6
v -0.5 0.5 0.5
v -0.5 0.5 0.4
v -0.5 0.6 1.6
v -0.5 0.6 1.5
v -0.5 0.8 0.6
v -0.5 0.8 0.5
v -0.5 0.9 0.7
v -0.5 0.9 0.6
v -0.5 1 0.8
v -0.5 1 0.7
v -0.5 1 0.6
v -0.5 1 0.5
v -0.5 1.1 0.8
v -0.5 1.1 0.7
v -0.5 1.2 0.7
v -0.5 1.2 0.6
v -0.5 2 0.8
v -0.5 2.2 0.7
v -0.5 2.2 0.6
v -0.5 2.4 0.8
v -0.5 2.4 0.6
v -0.5 2.4 0.5
v -0.5 2.5 1.3
v -0.5 2.5 1.2
v -0.5 2.5 1.1
v -0.5 2.5 0.8
v -0.5 2.6 1.4
v -0.5 2.6 1.3
v -0.5 2.6 1.2
v -0.5 2.6 1.1
v -0.5 2.7 1.4
v -0.5 2.7 1.3
v -0.5 2.7 1.2
v -0.5 2.7 0.8
v -0.5 2.7 0.7
v -0.5 2.9 0.6
v -0.5 2.9 0.5
v -0.5 3 1.1
v -0.5 3 1
v -0.5 3 0.9
v -0.5 3 0.7
v -0.5 3 0.6
v -0.5 3.1 1.2
v -0.5 3.2 1.2
v -0.5 3.2 1.1
v -0.5 3.2 1
v -0.5 3.2 0.9
v -0.5 3.2 0.8
v -0.5 3.3 0.9
v -0.5 3.5 0.9
v -0.5 3.6 0.9
v -0.5 3.6 0.8
v -0.5 3.7 1.4
v -0.5 3.7 1.2
v -0.5 3.8 1.4
v -0.5 3.9 1.4
v -0.5 3.9 1.2
v -0.5 4.3 2.4
v -0.5 4.3 2.3
v -0.5 4.4 3.3
v -0.5 4.4 3.2
v -0.5 4.4 2.3
v -0.5 4.5 3.3
v -0.5 4.5 3.2
v -0.5 4.5 3
v -0.5 4.5 2.8
v -0.5 4.5 2.7
v -0.5 4.5 2.4
v -0.5 4.5 2.3
v -0.5 4.6 3.2
v -0.5 4.6 3.1
v -0.5 4.6 3
v -0.5 4.6 2.9
v -0.5 4.6 2.8
v -0.5 4.6 2.7
v -0.5 4.8 3.4
v -0.5 4.8 3.1
v -0.5 4.9 3.4
v -0.5 4.9 2.9
v -0.5 5.4 0.2
v -0.5 5.4 -0.5
v -0.5 5.5 -0.1
v -0.5 5.5 -0.5
v -0.5 5.6 0.2
v -0.5 5.6 -0.1
v -0.5 6.3 1.4
v -0.5 6.3 1.1
v -0.5 6.6 1.4
v -0.5 6.6 1.1
v -0.4 0 0.3
v -0.4 0 0.2
v -0.4 0.1 0.3
v -0.4 0.1 0.2
v -0.4 0.2 1.1
v -0.4 0.2 1
v -0.4 0.4 1.7
v -0.4 0.4 1.6
v -0.4 0.4 1.5
v -0.4 0.4 1.3
v -0.4 0.4 1.1
v -0.4 0.6 1.7
v -0.4 0.6 1.6
v -0.4 0.6 1.5
v -0.4 0.6 1.3
v -0.4 0.6 1.2
v -0.4 0.6 1.1
v -0.4 0.6 1
v -0.4 0.7 1.7
v -0.4 0.7 1.6
v -0.4 0.7 1.1
v -0.4 1 1.2
v -0.4 1 1.1
v -0.4 1.2 0.7
v -0.4 1.2 0.6
v -0.4 1.5 0.7
v -0.4 1.5 0.6
v -0.4 2.3 1.4
v -0.4 2.3 1.3
v -0.4 2.3 1.2
v -0.4 2.5 1.3
v -0.4 2.5 1.2
v -0.4 2.5 1.1
v -0.4 2.6 1.4
v -0.4 2.6 1.3
v -0.4 4.3 2.5
v -0.4 4.3 2.4
v -0.4 4.4 2.7
v -0.4 4.4 2.6
v -0.4 4.4 2.5
v -0.4 4.5 2.9
v -0.4 4.5 2.8
v -0.4 4.5 2.7
v -0.4 4.5 2.6
v -0.4 4.5 2.5
v -0.4 4.5 2.4
v -0.4 4.6 3.5
v -0.4 4.6 3.4
v -0.4 4.6 2.9
v -0.4 4.6 2.8
v -0.4 4.6 2.7
v -0.4 4.6 2.5
v -0.4 4.6 2.4
v -0.4 4.7 3.6
v -0.4 4.7 3.5
v -0.4 4.7 3.4
v -0.4 4.7 2.9
v -0.4 4.7 2.5
v -0.4 4.8 3.5
v -0.4 4.8 3.4
v -0.4 4.9 3.6
v -0.4 4.9 3.5
v -0.4 4.9 3.4
v -0.4 4.9 2.9
v -0.4 5 3.5
v -0.4 5 2.9
v -0.4 5.2 0.9
v -0.4 5.2 0.6
v -0.4 5.2 0.2
v -0.4 5.2 -0.5
v -0.4 5.3 0.9
v -0.4 5.3 0.7
v -0.4 5.3 0.4
v -0.4 5.3 0.2
v -0.4 5.3 -0.5
v -0.4 5.4 0.7
v -0.4 5.4 0.6
v -0.4 5.4 0.5
v -0.4 5.4 0.4
v -0.4 5.4 0.2
v -0.4 5.4 -0.5
v -0.4 5.4 -0.7
v -0.4 5.4 -0.9
v -0.4 5.5 0.5
v -0.4 5.5 0.4
v -0.4 5.5 0.2
v -0.4 5.5 -0.7
v -0.4 5.5 -0.9
v -0.4 5.8 1.2
v -0.4 5.8 1.1
v -0.4 6 -0.7
v -0.4 6 -0.9
v -0.4 6.1 1.1
v -0.4 6.1 -0.7
v -0.4 6.1 -0.8
v -0.4 6.1 -0.9
v -0.4 6.3 1.2
v -0.4 6.3 1.1
v -0.4 6.3 -0.6
v -0.4 6.3 -0.7
v -0.4 6.4 -0.6
v -0.4 6.4 -0.8
v -0.4 6.5 0.4
v -0.4 6.5 -4.76837e-07
v -0.4 6.6 0.4
v -0.4 6.6 -4.76837e-07
v -0.3 0.1 1.8
v -0.3 0.1 1.7
v -0.3 0.2 1.8
v -0.3 0.2 1.7
v -0.3 0.6 1.6
v -0.3 0.6 1.4
v -0.3 0.6 1.3
v -0.3 0.6 1.2
v -0.3 0.7 1.6
v -0.3 0.7 1.4
v -0.3 0.7 1.3
v -0.3 0.7 1.2
v -0.3 0.7 0.5
v -0.3 0.7 0.4
v -0.3 0.8 0.5
v -0.3 0.8 0.4
v -0.3 0.9 0.6
v -0.3 0.9 0.5
v -0.3 1 1.2
v -0.3 1.1 1.3
v -0.3 1.1 1.2
v -0.3 1.1 0.6
v -0.3 1.2 0.6
v -0.3 1.2 0.5
v -0.3 1.3 0.6
v -0.3 1.3 0.5
v -0.3 1.4 1.5
v -0.3 1.4 1.4
v -0.3 1.4 1.3
v -0.3 1.5 0.7
v -0.3 1.5 0.6
v -0.3 1.8 0.7
v -0.3 2.2 1.5
v -0.3 2.2 1.4
v -0.3 2.2 0.7
v -0.3 2.2 0.6
v -0.3 2.3 1.4
v -0.3 2.3 1.3
v -0.3 2.3 1.2
v -0.3 3.7 1.5
v -0.3 3.7 1.4
v -0.3 3.9 1.5
v -0.3 3.9 1.4
v -0.3 4.3 3.4
v -0.3 4.3 3.2
v -0.3 4.4 3.3
v -0.3 4.4 3.2
v -0.3 4.4 2.7
v -0.3 4.5 3.4
v -0.3 4.5 3.3
v -0.3 4.5 3.2
v -0.3 4.5 3
v -0.3 4.5 2.9
v -0.3 4.5 2.7
v -0.3 4.6 3.3
v -0.3 4.6 3.2
v -0.3 4.6 3
v -0.3 4.6 2.9
v -0.3 4.6 2.5
v -0.3 4.6 2.4
v -0.3 4.7 2.9
v -0.3 4.7 2.7
v -0.3 4.7 2.6
v -0.3 4.7 2.5
v -0.3 4.8 2.5
v -0.3 4.8 2.4
v -0.3 4.9 3.6
v -0.3 4.9 3.5
v -0.3 4.9 2.6
v -0.3 4.9 2.5
v -0.3 5 3.6
v -0.3 5 3.5
v -0.3 5 2.9
v -0.3 5 2.7
v -0.3 5.1 0.5
v -0.3 5.1 -0.3
v -0.3 5.2 1
v -0.3 5.2 0.9
v -0.3 5.2 0.6
v -0.3 5.2 0.5
v -0.3 5.2 0.2
v -0.3 5.2 -0.3
v -0.3 5.3 0.4
v -0.3 5.3 0.2
v -0.3 5.4 0.6
v -0.3 5.4 0.4
v -0.3 5.5 1
v -0.3 5.5 0.9
v -0.3 5.5 0.6
v -0.3 5.5 0.5
v -0.3 5.5 0.4
v -0.3 5.5 0.2
v -0.3 5.6 0.6
v -0.3 5.6 0.5
v -0.3 5.6 0.4
v -0.3 5.6 0.2
v -0.3 6.6 0.4
v -0.3 6.6 0.0999999
v -0.3 6.7 0.8
v -0.3 6.7 0.4
v -0.3 6.8 0.8
v -0.3 6.8 0.4
v -0.3 6.8 0.3
v -0.3 6.8 0.0999999
v -0.3 6.9 0.4
v -0.3 6.9 0.3
v -0.2 0.7 1.6
v -0.2 0.7 1.4
v -0.2 0.7 1.3
v -0.2 1 1.6
v -0.2 1 1.5
v -0.2 1.1 1.3
v -0.2 1.2 1.4
v -0.2 1.2 1.3
v -0.2 1.4 1.5
v -0.2 1.4 1.4
v -0.2 1.4 1.3
v -0.2 2.2 0.6
v -0.2 2.2 0.5
v -0.2 2.4 0.6
v -0.2 2.4 0.5
v -0.2 4.7 2.7
v -0.2 4.7 2.6
v -0.2 4.9 2.6
v -0.2 5 3.1
v -0.2 5 2.8
v -0.2 5 2.7
v -0.2 5 2.6
v -0.2 5.2 3.1
v -0.2 5.2 2.8
v -0.2 6.7 0.0999999
v -0.2 6.7 -4.76837e-07
v -0.2 6.7 -0.1
v -0.2 6.8 0.0999999
v -0.2 6.8 -4.76837e-07
v -0.2 6.8 -0.1
v -0.2 6.9 0.0999999
v -0.2 6.9 -0.1
v -0.0999999 0.4 0.5
v -0.0999999 0.4 0.4
v -0.0999999 0.6 1.7
v -0.0999999 0.6 1.6
v -0.0999999 0.7 0.5
v -0.0999999 0.7 0.4
v -0.0999999 1 1.7
v -0.0999999 1 1.6
v -0.0999999 1 1.5
v -0.0999999 1 0.6
v -0.0999999 1 0.5
v -0.0999999 1 0.4
v -0.0999999 1.1 1.6
v -0.0999999 1.1 1.5
v -0.0999999 1.1 0.6
v -0.0999999 1.1 0.5
v -0.0999999 1.8 1.6
v -0.0999999 1.8 1.5
v -0.0999999 2.1 1.6
v -0.0999999 2.1 1.5
v -0.0999999 2.2 1.6
v -0.0999999 2.2 1.5
v -0.0999999 2.2 1.4
v -0.0999999 2.4 1.5
v -0.0999999 2.4 1.4
v -0.0999999 2.6 1.5
v -0.0999999 2.6 1.4
v -0.0999999 2.8 1.5
v -0.0999999 2.8 1.4
v -0.0999999 2.9 1.5
v -0.0999999 2.9 1.4
v -0.0999999 3.2 0.8
v -0.0999999 3.2 0.7
v -0.0999999 3.4 0.8
v -0.0999999 3.9 0.8
v -0.0999999 3.9 0.7
v -0.0999999 3.9 0.6
v -0.0999999 4.1 0.7
v -0.0999999 4.1 0.6
v -0.0999999 4.3 2.9
v -0.0999999 4.3 2.8
v -0.0999999 4.4 2.9
v -0.0999999 4.4 2.8
v -0.0999999 4.8 2.5
v -0.0999999 4.8 2.4
v -0.0999999 4.9 2.5
v -0.0999999 4.9 2.4
v -0.0999999 5 3.4
v -0.0999999 5 3.1
v -0.0999999 5.1 3.4
v -0.0999999 5.1 3.1
v -0.0999999 5.1 -0.3
v -0.0999999 5.1 -0.5
v -0.0999999 5.2 -0.3
v -0.0999999 5.2 -0.4
v -0.0999999 5.3 -0.5
v -0.0999999 5.4 -0.4
v -0.0999999 5.4 -0.5
v -0.0999999 6 -0.8
v -0.0999999 6 -0.9
v -0.0999999 6.2 -0.8
v -0.0999999 6.2 -0.9
v -0.0999999 6.6 0.0999999
v -0.0999999 6.6 -4.76837e-07
v -0.0999999 6.6 -0.1
v -0.0999999 6.7 0.0999999
v -0.0999999 6.7 -4.76837e-07
v -0.0999999 6.7 -0.1
v 0 0 2.3
v 0 0 2
v 0 0.1 2
v 0 0.1 1.7
v 0 0.2 2.3
v 0 0.2 1.7
v 0 1.1 0.6
v 0 1.1 0.5
v 0 1.2 0.6
v 0 1.2 0.5
v 0 2.2 1.6
v 0 2.2 1.5
v 0 2.3 1.6
v 0 2.3 1.5
v 0 3.5 0.7
v 0 3.5 0.6
v 0 3.9 0.7
v 0 3.9 0.6
v 0 4 0.6
v 0 4 0.5
v 0 4.1 0.7
v 0 4.1 0.6
v 0 4.1 0.5
v 0 4.2 0.9
v 0 4.2 0.7
v 0 4.3 3.1
v 0 4.3 2.9
v 0 4.3 0.9
v 0 4.3 0.6
v 0 4.4 3.1
v 0 4.4 2.9
v 0 4.5 3.5
v 0 4.5 3.3
v 0 4.7 3.5
v 0 4.7 3.3
v 0 5 2.8
v 0 5 2.7
v 0 5.1 3.3
v 0 5.1 3.1
v 0 5.2 3.3
v 0 5.2 3.2
v 0 5.2 3.1
v 0 5.2 2.8
v 0 5.3 3
v 0 5.3 2.7
v 0 5.4 3.2
v 0 5.4 3
v 0 5.8 1.3
v 0 5.8 1.2
v 0 5.9 1.2
v 0 6 1.2
v 0 6.3 1.3
v 0 6.3 1.2
v 0 6.3 -0.4
v 0 6.3 -0.5
v 0 6.4 -0.3
v 0 6.4 -0.4
v 0 6.4 -0.5
v 0 6.5 -4.76837e-07
v 0 6.5 -0.1
v 0 6.5 -0.2
v 0 6.5 -0.3
v 0 6.6 1.3
v 0 6.6 0.8
v 0 6.6 -4.76837e-07
v 0 6.6 -0.1
v 0 6.7 1.4
v 0 6.7 1.3
v 0 6.7 -0.1
v 0 6.7 -0.2
v 0 6.7 -0.4
v 0 6.7 -0.5
v 0 6.8 0.8
v 0 6.8 0.6
v 0 6.9 1.4
v 0 6.9 0.6
v 0.1 0 1.8
v 0.1 0 1.7
v 0.1 0.1 1.8
v 0.1 0.1 1.7
v 0.1 0.2 2.2
v 0.1 0.2 1.8
v 0.1 0.2 1.7
v 0.1 0.2 1.6
v 0.1 0.3 2.2
v 0.1 0.3 1.8
v 0.1 0.6 1.7
v 0.1 0.6 1.6
v 0.1 2.3 1.7
v 0.1 2.3 1.6
v 0.1 2.3 1.5
v 0.1 2.5 1.7
v 0.1 2.5 1.5
v 0.1 4.1 0.6
v 0.1 4.1 0.5
v 0.1 4.2 1
v 0.1 4.2 0.9
v 0.1 4.3 1
v 0.1 4.3 0.9
v 0.1 4.3 0.8
v 0.1 4.3 0.6
v 0.1 4.3 0.5
v 0.1 4.3 0.4
v 0.1 4.5 0.8
v 0.1 4.5 0.4
v 0.1 4.9 3.4
v 0.1 4.9 3.3
v 0.1 5 3.4
v 0.1 5 3.3
v 0.1 5.4 1.1
v 0.1 5.4 1
v 0.1 5.5 1.1
v 0.1 5.5 1
v 0.1 5.7 1.1
v 0.1 5.7 1
v 0.1 5.8 1.5
v 0.1 5.8 1.3
v 0.1 5.8 1.1
v 0.1 5.8 1
v 0.1 6.3 1.5
v 0.1 6.3 1.4
v 0.1 6.3 1.3
v 0.1 6.6 1.5
v 0.1 6.6 1.4
v 0.1 6.6 1.3
v 0.1 6.7 1.4
v 0.1 6.7 1.3
v 0.1 6.8 1.5
v 0.1 6.8 1.4
v 0.1 6.9 1.3
v 0.1 6.9 1
v 0.1 7 1.3
v 0.1 7 1
v 0.2 0 1.9
v 0.2 0 1.8
v 0.2 0.1 1.9
v 0.2 0.1 1.8
v 0.2 0.2 1.8
v 0.2 0.2 1.7
v 0.2 0.3 1.9
v 0.2 0.3 1.8
v 0.2 0.4 0.5
v 0.2 0.4 0.4
v 0.2 0.5 1.9
v 0.2 0.5 1.7
v 0.2 0.6 1.7
v 0.2 0.6 1.6
v 0.2 0.7 0.5
v 0.2 0.7 0.4
v 0.2 0.9 0.5
v 0.2 0.9 0.4
v 0.2 1 1.7
v 0.2 1 1.6
v 0.2 3.9 0.9
v 0.2 3.9 0.8
v 0.2 4 0.9
v 0.2 4 0.8
v 0.2 4.1 0.5
v 0.2 4.1 0.3
v 0.2 4.3 3.2
v 0.2 4.3 3.1
v 0.2 4.3 0.5
v 0.2 4.3 0.4
v 0.2 4.3 0.3
v 0.2 4.4 3.2
v 0.2 4.4 3.1
v 0.2 4.5 2.7
v 0.2 4.5 2.5
v 0.2 4.6 2.7
v 0.2 4.6 2.6
v 0.2 4.7 2.6
v 0.2 4.7 2.5
v 0.2 5.3 1.6
v 0.2 5.3 1
v 0.2 5.4 1.1
v 0.2 5.4 1
v 0.2 5.5 1.2
v 0.2 5.5 1.1
v 0.2 5.7 1.6
v 0.2 5.7 1.5
v 0.2 5.7 1.2
v 0.2 5.7 1.1
v 0.2 5.8 1.6
v 0.2 5.8 1.5
v 0.2 5.8 1.1
v 0.2 6.1 1.6
v 0.2 6.1 1.5
v 0.2 6.3 1.6
v 0.2 6.3 1.5
v 0.2 6.8 0.6
v 0.2 6.8 0.5
v 0.2 6.9 1.4
v 0.2 6.9 1.3
v 0.2 6.9 1
v 0.2 6.9 0.6
v 0.2 7 1.4
v 0.2 7 1.3
v 0.2 7 1
v 0.2 7 0.5
v 0.3 0 2
v 0.3 0 1.9
v 0.3 0.1 2
v 0.3 0.1 1.9
v 0.3 2.3 1.3
v 0.3 2.3 1.2
v 0.3 2.5 1.6
v 0.3 2.5 1.5
v 0.3 2.6 1.6
v 0.3 2.6 1.5
v 0.3 2.6 1.3
v 0.3 2.6 1.2
v 0.3 4.3 0.4
v 0.3 4.3 0.3
v 0.3 4.3 0.2
v 0.3 4.5 0.5
v 0.3 4.5 0.4
v 0.3 4.7 0.5
v 0.3 4.7 0.2
v 0.3 4.9 2.6
v 0.3 4.9 2.5
v 0.3 5 3.3
v 0.3 5 3.1
v 0.3 5 3
v 0.3 5 2.8
v 0.3 5 2.6
v 0.3 5 2.5
v 0.3 5.1 3.3
v 0.3 5.1 3.1
v 0.3 5.1 3
v 0.3 5.1 2.8
v 0.3 5.1 2.6
v 0.4 0 2.5
v 0.4 0 2.3
v 0.4 0.2 2.5
v 0.4 0.2 2.3
v 0.4 1.2 1.1
v 0.4 1.2 0.9
v 0.4 1.3 0.9
v 0.4 1.3 0.8
v 0.4 1.7 1.1
v 0.4 1.7 1
v 0.4 1.8 1
v 0.4 1.8 0.9
v 0.4 1.8 0.8
v 0.4 2 1
v 0.4 2 0.9
v 0.4 4.4 0.2
v 0.4 4.4 0.0999999
v 0.4 4.5 0.6
v 0.4 4.5 0.5
v 0.4 4.6 0.6
v 0.4 4.6 0.5
v 0.4 4.7 0.2
v 0.4 4.7 0.0999999
v 0.4 5.1 3.1
v 0.4 5.1 2.8
v 0.4 5.2 3.1
v 0.4 5.2 2.8
v 0.4 5.3 -0.4
v 0.4 5.3 -0.5
v 0.4 5.4 -0.4
v 0.4 5.4 -0.5
v 0.5 0 2.6
v 0.5 0 2.5
v 0.5 0.1 2.6
v 0.5 0.1 2.5
v 0.5 0.2 2.4
v 0.5 0.2 2.2
v 0.5 0.3 2.4
v 0.5 0.3 2.2
v 0.5 2.5 1.7
v 0.5 2.5 1.6
v 0.5 2.6 1.6
v 0.5 2.6 1.5
v 0.5 2.7 1.7
v 0.5 2.7 1.5
v 0.5 4.6 0.0999999
v 0.5 4.6 -4.76837e-07
v 0.5 4.7 0.3
v 0.5 4.7 0.2
v 0.5 4.7 0.0999999
v 0.5 4.8 0.3
v 0.5 4.8 0.2
v 0.5 4.8 -4.76837e-07
v 0.5 5 3.2
v 0.5 5 3.1
v 0.5 5.1 3.2
v 0.5 5.1 3.1
v 0.5 5.4 -0.7
v 0.5 5.4 -0.9
v 0.5 5.5 -0.7
v 0.5 5.5 -0.9
v 0.5 6.7 -0.1
v 0.5 6.7 -0.2
v 0.5 6.8 -0.1
v 0.5 6.8 -0.2
v 0.6 0 0.5
v 0.6 0 0.2
v 0.6 0.1 0.5
v 0.6 0.1 0.2
v 0.6 0.3 0.3
v 0.6 0.3 0.2
v 0.6 0.5 0.5
v 0.6 0.5 0.3
v 0.6 2.6 1.8
v 0.6 2.6 1.7
v 0.6 2.7 1.9
v 0.6 2.7 1.8
v 0.6 2.7 1.7
v 0.6 2.7 1.6
v 0.6 2.8 1.9
v 0.6 2.8 1.7
v 0.6 2.8 1.6
v 0.6 2.9 2.1
v 0.6 2.9 2
v 0.6 2.9 1.9
v 0.6 2.9 1.8
v 0.6 2.9 1.7
v 0.6 3 2
v 0.6 3 1.8
v 0.6 3.1 2
v 0.6 3.1 1.8
v 0.6 3.2 2.1
v 0.6 3.2 2
v 0.6 3.2 1.8
v 0.6 4 3
v 0.6 4 2.5
v 0.6 4.2 3
v 0.6 4.2 2.5
v 0.6 4.6 0.6
v 0.6 4.6 0.5
v 0.6 4.7 0.6
v 0.6 4.7 0.5
v 0.6 4.8 0.2
v 0.6 4.8 -4.76837e-07
v 0.6 4.8 -0.1
v 0.6 4.9 0.2
v 0.6 4.9 0.0999999
v 0.6 5 0.0999999
v 0.6 5 -0.1
v 0.6 5.6 1.7
v 0.6 5.6 1.6
v 0.6 5.8 1.7
v 0.6 5.8 1.6
v 0.6 5.9 1.7
v 0.6 5.9 1.6
v 0.6 6.3 1.6
v 0.6 6.3 1.5
v 0.6 6.4 1.6
v 0.6 6.4 1.5
v 0.6 6.5 1.6
v 0.6 6.5 1.5
v 0.7 0 2.4
v 0.7 0 2.3
v 0.7 0.1 2.4
v 0.7 0.1 2.3
v 0.7 0.3 0.3
v 0.7 0.3 0.2
v 0.7 0.4 0.3
v 0.7 0.4 0.2
v 0.7 2.5 1.8
v 0.7 2.5 1.7
v 0.7 2.6 1.8
v 0.7 2.6 1.7
v 0.7 2.7 1.6
v 0.7 2.7 1.5
v 0.7 2.8 2
v 0.7 2.8 1.9
v 0.7 2.8 1.7
v 0.7 2.8 1.6
v 0.7 2.9 2
v 0.7 2.9 1.9
v 0.7 2.9 1.7
v 0.7 2.9 1.6
v 0.7 2.9 1.5
v 0.7 3 1.7
v 0.7 3 1.6
v 0.7 3.1 2.2
v 0.7 3.1 2.1
v 0.7 3.2 2.3
v 0.7 3.2 2.2
v 0.7 3.2 2.1
v 0.7 3.2 2
v 0.7 3.3 2.1
v 0.7 3.3 2
v 0.7 3.4 2.4
v 0.7 3.4 2.3
v 0.7 3.4 2.2
v 0.7 3.4 2.1
v 0.7 3.6 2.5
v 0.7 3.6 2.4
v 0.7 3.6 2.3
v 0.7 3.6 2.2
v 0.7 3.7 2.6
v 0.7 3.7 2.5
v 0.7 3.7 2.4
v 0.7 3.7 2.3
v 0.7 3.8 2.7
v 0.7 3.8 2.6
v 0.7 3.8 2.5
v 0.7 3.8 2.4
v 0.7 3.9 2.9
v 0.7 3.9 2.7
v 0.7 3.9 2.6
v 0.7 3.9 2.5
v 0.7 3.9 2.4
v 0.7 4 2.9
v 0.7 4 2.7
v 0.7 4 2.6
v 0.7 4 2.5
v 0.7 4.2 2.8
v 0.7 4.2 2.6
v 0.7 4.2 2.5
v 0.7 4.2 2.4
v 0.7 4.3 2.8
v 0.7 4.3 2.6
v 0.7 4.7 0.6
v 0.7 4.7 0.3
v 0.7 4.8 0.6
v 0.7 4.8 0.3
v 0.8 0.1 0.2
v 0.8 0.1 0.0999999
v 0.8 0.2 0.2
v 0.8 0.2 0.0999999
v 0.8 2.9 1.8
v 0.8 2.9 1.7
v 0.8 2.9 1.6
v 0.8 2.9 1.5
v 0.8 3 1.8
v 0.8 3 1.7
v 0.8 3 1.6
v 0.8 3 1.5
v 0.8 3.3 2.4
v 0.8 3.3 2.3
v 0.8 3.4 2.4
v 0.8 3.4 2.3
v 0.8 3.6 2.6
v 0.8 3.6 2.5
v 0.8 3.7 2.6
v 0.8 3.7 2.5
v 0.8 3.7 2.4
v 0.8 3.7 2.3
v 0.8 3.8 2.8
v 0.8 3.8 2.7
v 0.8 3.8 2.5
v 0.8 3.8 2.4
v 0.8 3.9 2.8
v 0.8 3.9 2.7
v 0.8 3.9 2.5
v 0.8 3.9 2.4
v 0.8 3.9 2.3
v 0.8 4.2 3
v 0.8 4.2 2.8
v 0.8 4.2 2.6
v 0.8 4.2 2.4
v 0.8 4.2 2.3
v 0.8 4.3 3
v 0.8 4.3 2.8
v 0.8 4.3 2.6
v 0.8 4.3 2.4
v 0.8 4.8 0.6
v 0.8 4.8 0.3
v 0.8 4.9 0.6
v 0.8 4.9 0.3
v 0.8 4.9 -0.1
v 0.8 4.9 -0.2
v 0.8 5 -0.1
v 0.8 5 -0.2
v 0.8 5 -0.3
v 0.8 5.1 -0.1
v 0.8 5.1 -0.3
v 0.8 5.5 1.8
v 0.8 5.5 1.6
v 0.8 5.6 1.7
v 0.8 5.6 1.6
v 0.8 5.7 1.8
v 0.8 5.7 1.7
v 0.9 0 2.7
v 0.9 0 2.6
v 0.9 0 0.2
v 0.9 0 -4.76837e-07
v 0.9 0.1 2.7
v 0.9 0.1 2.6
v 0.9 0.1 0.2
v 0.9 0.1 0.0999999
v 0.9 0.1 -4.76837e-07
v 0.9 0.2 0.2
v 0.9 0.2 0.0999999
v 0.9 0.3 0.2
v 0.9 0.3 -4.76837e-07
v 0.9 3 1.8
v 0.9 3 1.5
v 0.9 3.1 2
v 0.9 3.1 1.8
v 0.9 3.1 1.6
v 0.9 3.2 2
v 0.9 3.2 1.8
v 0.9 3.2 1.6
v 0.9 3.2 1.5
v 0.9 3.8 2
v 0.9 3.8 1.6
v 0.9 3.9 2.3
v 0.9 3.9 2
v 0.9 4 1.7
v 0.9 4 1.6
v 0.9 4.2 2.3
v 0.9 4.2 1.7
v 0.9 4.3 2.7
v 0.9 4.3 2.4
v 0.9 4.4 2.7
v 0.9 4.4 2.4
v 0.9 5.1 -0.1
v 0.9 5.1 -0.3
v 0.9 5.1 -0.4
v 0.9 5.2 0.0999999
v 0.9 5.2 -0.1
v 0.9 5.2 -0.2
v 0.9 5.2 -0.4
v 0.9 5.2 -0.5
v 0.9 5.3 -0.2
v 0.9 5.3 -0.4
v 0.9 5.4 -0.5
v 0.9 5.6 0.0999999
v 0.9 5.6 -0.5
v 0.9 6.8 0.5
v 0.9 6.8 0.4
v 0.9 6.9 0.5
v 0.9 7 0.5
v 0.9 7 0.4
v 1 3.1 1.7
v 1 3.1 1.6
v 1 3.2 1.9
v 1 3.2 1.8
v 1 3.2 1.7
v 1 3.2 1.6
v 1 3.3 1.9
v 1 3.3 1.8
v 1 4.9 0.5
v 1 4.9 0.4
v 1 5 0.5
v 1 5 0.4
v 1 6.3 1.7
v 1 6.3 1.6
v 1 6.4 1.7
v 1 6.4 1.6
v 1.1 0 2.8
v 1.1 0 2.7
v 1.1 0 -4.76837e-07
v 1.1 0 -0.3
v 1.1 0.1 2.8
v 1.1 0.1 2.7
v 1.1 0.1 -4.76837e-07
v 1.1 0.1 -0.3
v 1.1 0.2 -4.76837e-07
v 1.1 0.2 -0.3
v 1.1 3.1 1.8
v 1.1 3.1 1.7
v 1.1 3.2 1.7
v 1.1 3.2 1.5
v 1.1 3.3 1.8
v 1.1 3.5 1.8
v 1.1 3.5 1.5
v 1.1 4.2 2.4
v 1.1 4.2 2.3
v 1.1 4.2 2
v 1.1 4.4 2.4
v 1.1 4.4 2
v 1.1 4.9 0.4
v 1.1 4.9 0.3
v 1.1 5 0.4
v 1.1 5 0.3
v 1.1 6.2 1.7
v 1.1 6.2 1.6
v 1.1 6.3 1.7
v 1.1 6.3 1.6
v 1.1 6.4 1.7
v 1.1 6.4 1.6
v 1.1 6.5 1.6
v 1.1 6.5 1.5
v 1.1 6.6 1.7
v 1.1 6.6 1.5
v 1.2 0 -0.3
v 1.2 0 -0.5
v 1.2 0.1 -0.3
v 1.2 0.1 -0.5
v 1.2 3.2 1.5
v 1.2 3.2 1.4
v 1.2 3.5 1.5
v 1.2 3.5 1.4
v 1.2 3.7 2.2
v 1.2 3.7 1.6
v 1.2 3.8 2
v 1.2 3.8 1.6
v 1.2 3.9 2.2
v 1.2 3.9 2
v 1.2 4 1.7
v 1.2 4 1.6
v 1.2 4.1 1.7
v 1.2 4.1 1.6
v 1.2 5 0.5
v 1.2 5 0.3
v 1.2 5.1 0.5
v 1.2 5.1 0.3
v 1.2 6.6 1.6
v 1.2 6.6 1.5
v 1.2 6.8 1.6
v 1.2 6.8 1.5
v 1.3 0 -0.5
v 1.3 0 -0.9
v 1.3 0.1 -0.4
v 1.3 0.1 -0.5
v 1.3 0.2 -0.4
v 1.3 0.2 -0.5
v 1.3 0.2 -0.9
v 1.3 3.2 1.9
v 1.3 3.2 1.8
v 1.3 3.4 2
v 1.3 3.4 1.9
v 1.3 3.5 1.8
v 1.3 3.5 1.5
v 1.3 3.6 2.5
v 1.3 3.6 2
v 1.3 3.6 1.8
v 1.3 3.6 1.5
v 1.3 3.7 2.8
v 1.3 3.7 2.5
v 1.3 3.7 2.2
v 1.3 3.7 1.8
v 1.3 3.9 2.3
v 1.3 3.9 2.2
v 1.3 4 2.8
v 1.3 4 2.4
v 1.3 4.2 2.4
v 1.3 4.2 2.3
v 1.3 5.1 0.5
v 1.3 5.1 0.4
v 1.3 5.2 0.5
v 1.3 5.2 0.4
v 1.3 6.8 0.5
v 1.3 6.8 0.4
v 1.3 6.9 0.5
v 1.3 6.9 0.4
v 1.4 4.1 1.7
v 1.4 4.1 1.6
v 1.4 4.2 2
v 1.4 4.2 1.7
v 1.4 4.3 1.7
v 1.4 4.3 1.6
v 1.4 4.4 2.3
v 1.4 4.4 2
v 1.4 4.5 2.3
v 1.4 4.5 1.7
v 1.4 6 -4.76837e-07
v 1.4 6 -0.1
v 1.4 6.1 -0.1
v 1.4 6.1 -0.2
v 1.4 6.2 -4.76837e-07
v 1.4 6.2 -0.1
v 1.4 6.2 -0.2
v 1.4 6.3 -4.76837e-07
v 1.4 6.3 -0.1
v 1.5 3.3 1.4
v 1.5 3.3 1.3
v 1.5 3.5 2.1
v 1.5 3.5 2
v 1.5 3.5 1.5
v 1.5 3.5 1.4
v 1.5 3.6 2.1
v 1.5 3.6 2
v 1.5 3.6 1.8
v 1.5 3.6 1.5
v 1.5 3.7 1.7
v 1.5 3.7 1.3
v 1.5 3.8 1.7
v 1.5 3.9 1.7
v 1.5 4 1.7
v 1.5 4.1 1.8
v 1.5 4.1 1.7
v 1.5 6.8 1.5
v 1.5 6.8 1.4
v 1.5 7 1.5
v 1.5 7 1.4
v 1.6 3.8 1.6
v 1.6 3.8 1.4
v 1.6 3.9 1.6
v 1.6 3.9 1.5
v 1.6 3.9 1.4
v 1.6 4 1.5
v 1.6 4 1.4
v 1.6 5.2 0.5
v 1.6 5.2 0.4
v 1.6 5.3 0.5
v 1.6 5.3 0.4
v 1.7 3.3 2.5
v 1.7 3.3 2.3
v 1.7 3.4 2.3
v 1.7 3.4 2
v 1.7 3.5 1.3
v 1.7 3.5 1.1
v 1.7 3.6 2.5
v 1.7 3.6 2
v 1.7 3.7 1.7
v 1.7 3.7 1.5
v 1.7 3.7 1.3
v 1.7 3.7 1.1
v 1.7 3.8 1.7
v 1.7 3.8 1.5
v 1.7 3.9 1.6
v 1.7 3.9 1.5
v 1.7 4 1.5
v 1.7 4.2 1.6
v 1.7 4.2 1.5
v 1.7 4.5 2.2
v 1.7 4.5 2.1
v 1.7 4.6 2.2
v 1.7 4.6 2.1
v 1.7 5.3 0.5
v 1.7 5.3 0.4
v 1.7 5.4 0.5
v 1.7 5.4 0.4
v 1.8 6.3 1.6
v 1.8 6.3 1.5
v 1.8 6.4 1.6
v 1.8 6.4 1.5
v 1.9 4.1 1.8
v 1.9 4.1 1.7
v 1.9 4.2 1.8
v 1.9 4.2 1.7
v 1.9 4.5 2
v 1.9 4.5 1.8
v 1.9 4.6 2
v 1.9 4.6 1.8
v 2 3.8 1.9
v 2 3.8 1.8
v 2 3.9 1.9
v 2 3.9 1.8
v 2 6.5 0.0999999
v 2 6.5 -4.76837e-07
v 2 6.7 0.0999999
v 2 6.7 -4.76837e-07
v 2.2 6.1 1.4
v 2.2 6.1 1.3
v 2.2 6.1 1.2
v 2.2 6.2 1.4
v 2.2 6.2 1.3
v 2.2 6.2 1.2
v -2.5 5.6 3.7
v -2.5 5.6 3.6
v -2.5 5.7 3.7
v -2.5 5.7 3.6
v -2.4 5.4 2.8
v -2.4 5.4 2.7
v -2.4 5.6 2.8
v -2.4 5.7 3.5
v -2.4 5.7 3.4
v -2.4 5.7 2.8
v -2.4 5.7 2.7
v -2.4 5.8 2.8
v -2.4 5.8 2.7
v -2.4 5.9 3.5
v -2.4 5.9 3.4
v -2.4 5.9 2.3
v -2.4 5.9 2.2
v -2.4 6 2.3
v -2.4 6 2.2
v -2.4 6.3 2.4
v -2.4 6.3 2.3
v -2.4 6.4 2.4
v -2.4 6.4 2.3
v -2.4 6.4 2.1
v -2.4 6.5 2.4
v -2.4 6.5 2.1
v -2.3 5.3 1.8
v -2.3 5.3 1.7
v -2.3 5.6 1.8
v -2.3 5.6 1.7
v -2.3 6.1 2.5
v -2.3 6.1 2.4
v -2.3 6.2 2.7
v -2.3 6.2 2.5
v -2.3 6.2 2.4
v -2.3 6.2 2.3
v -2.3 6.2 1.9
v -2.3 6.2 1.8
v -2.3 6.3 2.7
v -2.3 6.3 2.6
v -2.3 6.3 2.4
v -2.3 6.3 2.3
v -2.3 6.3 1.9
v -2.3 6.3 1.8
v -2.3 6.4 2.6
v -2.3 6.4 2.4
v -2.2 6.1 3.1
v -2.2 6.1 3
v -2.2 6.2 3.1
v -2.2 6.2 3
v -2.2 6.2 2.3
v -2.2 6.2 2.1
v -2.2 6.2 2
v -2.2 6.2 1.9
v -2.2 6.3 2
v -2.2 6.3 1.9
v -2.2 6.4 2.3
v -2.2 6.4 2.1
v -2.2 6.4 1.9
v -2.1 0 2.8
v -2.1 0 2.6
v -2.1 0 -0.8
v -2.1 0 -0.9
v -2.1 0.1 2.8
v -2.1 0.1 2.6
v -2.1 0.2 -0.8
v -2.1 0.2 -0.9
v -2.1 5.5 3.7
v -2.1 5.5 3.6
v -2.1 5.6 3.7
v -2.1 5.6 3.6
v -2.1 6 3.2
v -2.1 6 3.1
v -2.1 6.1 3.2
v -2.1 6.1 3.1
v -2.1 6.1 0.7
v -2.1 6.1 0.2
v -2.1 6.2 0.7
v -2.1 6.2 0.2
v -2 4.8 2
v -2 4.8 1.9
v -2 4.9 2.1
v -2 4.9 2
v -2 5 3.4
v -2 5 3.3
v -2 5.1 3.4
v -2 5.1 3.3
v -2 5.1 2.1
v -2 5.1 1.9
v -2 5.5 -4.76837e-07
v -2 5.5 -0.2
v -2 5.6 -4.76837e-07
v -2 5.6 -0.2
v -2 6.1 3
v -2 6.1 2.5
v -2 6.2 3
v -2 6.2 2.5
v -1.9 0 2.6
v -1.9 0 2.4
v -1.9 0 -0.7
v -1.9 0 -0.8
v -1.9 0.1 2.6
v -1.9 0.1 2.4
v -1.9 0.1 -0.6
v -1.9 0.1 -0.7
v -1.9 0.2 -0.6
v -1.9 0.2 -0.8
v -1.9 4.7 2.1
v -1.9 4.7 2
v -1.9 4.9 2.1
v -1.9 4.9 2
v -1.9 5 3.3
v -1.9 5 3.2
v -1.9 5.1 3.3
v -1.9 5.1 3.2
v -1.9 5.2 3.7
v -1.9 5.2 3.5
v -1.9 5.3 3.6
v -1.9 5.3 3.5
v -1.9 5.4 -0.1
v -1.9 5.4 -0.2
v -1.9 5.5 3.7
v -1.9 5.5 3.6
v -1.9 5.5 0.6
v -1.9 5.5 0.0999999
v -1.9 5.5 -0.1
v -1.9 5.5 -0.2
v -1.9 5.6 0.4
v -1.9 5.6 0.0999999
v -1.9 5.7 0.8
v -1.9 5.7 0.7
v -1.9 5.7 0.6
v -1.9 5.8 0.8
v -1.9 5.8 0.7
v -1.9 5.8 0.4
v -1.8 4.5 2.1
v -1.8 4.5 2
v -1.8 4.6 2.2
v -1.8 4.6 2.1
v -1.8 4.7 2.2
v -1.8 4.7 2
v -1.8 4.9 3.2
v -1.8 4.9 3.1
v -1.8 5.1 3.2
v -1.8 5.1 3.1
v -1.8 5.2 -4.76837e-07
v -1.8 5.2 -0.1
v -1.8 5.3 0.0999999
v -1.8 5.3 -4.76837e-07
v -1.8 5.4 0.0999999
v -1.8 5.4 -4.76837e-07
v -1.8 5.5 0.8
v -1.8 5.5 0.7
v -1.8 5.5 -4.76837e-07
v -1.8 5.5 -0.1
v -1.8 5.6 1.7
v -1.8 5.6 1.6
v -1.8 5.6 0.7
v -1.8 5.6 0.6
v -1.8 5.7 0.8
v -1.8 5.7 0.6
v -1.8 5.8 1.7
v -1.8 5.8 1.6
v -1.7 0.1 2.4
v -1.7 0.1 2.3
v -1.7 0.2 2.4
v -1.7 0.2 2.3
v -1.7 4.5 3
v -1.7 4.5 2.9
v -1.7 4.5 2.2
v -1.7 4.5 2.1
v -1.7 4.6 2.2
v -1.7 4.6 2.1
v -1.7 4.7 3
v -1.7 4.7 2.9
v -1.7 4.8 3.1
v -1.7 4.8 3
v -1.7 4.9 3.1
v -1.7 4.9 3
v -1.7 4.9 2.9
v -1.7 5 -4.76837e-07
v -1.7 5 -0.1
v -1.7 5.2 0.0999999
v -1.7 5.2 -4.76837e-07
v -1.7 5.2 -0.1
v -1.7 5.3 3.6
v -1.7 5.3 3.5
v -1.7 5.3 0.0999999
v -1.7 5.3 -4.76837e-07
v -1.7 5.4 3.6
v -1.7 5.4 3.5
v -1.7 5.5 0.7
v -1.7 5.5 0.6
v -1.7 5.6 0.7
v -1.7 5.6 0.6
v -1.6 0.1 2.2
v -1.6 0.1 2.1
v -1.6 0.2 2.2
v -1.6 0.2 2.1
v -1.6 4.4 2.9
v -1.6 4.4 2.8
v -1.6 4.4 2.7
v -1.6 4.4 2.2
v -1.6 4.4 2.1
v -1.6 4.5 2.2
v -1.6 4.5 2.1
v -1.6 4.6 2.8
v -1.6 4.6 2.7
v -1.6 4.7 3.1
v -1.6 4.7 3
v -1.6 4.7 2.9
v -1.6 4.7 2.8
v -1.6 4.8 3.2
v -1.6 4.8 3.1
v -1.6 4.8 3
v -1.6 4.9 3.2
v -1.6 4.9 3.1
v -1.6 5.1 0.2
v -1.6 5.1 -4.76837e-07
v -1.6 5.2 3.5
v -1.6 5.2 3.4
v -1.6 5.2 0.2
v -1.6 5.2 -4.76837e-07
v -1.6 5.3 3.5
v -1.6 5.3 3.4
v -1.6 5.4 3.6
v -1.6 5.4 3.5
v -1.6 5.4 0.8
v -1.6 5.4 0.7
v -1.6 5.4 0.6
v -1.6 5.5 3.6
v -1.6 5.5 3.5
v -1.6 5.5 0.8
v -1.6 5.5 0.6
v -1.6 5.8 3.6
v -1.6 5.8 3.5
v -1.6 5.8 1.8
v -1.6 5.8 1.7
v -1.6 5.8 0.8
v -1.6 5.8 0.6
v -1.6 5.9 3.5
v -1.6 5.9 3.4
v -1.6 5.9 0.8
v -1.6 5.9 0.6
v -1.6 6 3.5
v -1.6 6 3.4
v -1.6 6.1 2.4
v -1.6 6.1 2
v -1.6 6.1 1.8
v -1.6 6.2 2.4
v -1.6 6.2 2
v -1.6 6.2 1.8
v -1.6 6.2 1.7
v -1.5 0 2.4
v -1.5 0 2
v -1.5 0.1 2.4
v -1.5 0.1 2.1
v -1.5 0.1 2
v -1.5 0.1 -0.6
v -1.5 0.1 -0.7
v -1.5 0.2 -0.6
v -1.5 0.2 -0.7
v -1.5 4.2 2.3
v -1.5 4.2 2.2
v -1.5 4.3 2.3
v -1.5 4.3 2.2
v -1.5 4.3 2.1
v -1.5 4.4 2.3
v -1.5 4.4 2.1
v -1.5 5 0.0999999
v -1.5 5 -4.76837e-07
v -1.5 5.1 3.4
v -1.5 5.1 3
v -1.5 5.1 0.0999999
v -1.5 5.1 -4.76837e-07
v -1.5 5.2 3.4
v -1.5 5.2 3
v -1.5 5.2 0.7
v -1.5 5.2 0.6
v -1.5 5.3 0.6
v -1.5 5.3 0.5
v -1.5 5.4 0.7
v -1.5 5.4 0.6
v -1.5 5.5 0.6
v -1.5 5.5 0.5
v -1.5 5.8 2.7
v -1.5 5.8 1.8
v -1.5 5.9 3.4
v -1.5 5.9 2.7
v -1.5 6 3.4
v -1.5 6 3.1
v -1.5 6.1 3.1
v -1.5 6.1 1.8
v -1.4 0.1 2.1
v -1.4 0.1 1.9
v -1.4 0.2 2.1
v -1.4 0.2 1.9
v -1.4 4.1 2.7
v -1.4 4.1 2.6
v -1.4 4.2 2.8
v -1.4 4.2 2.7
v -1.4 4.2 2.4
v -1.4 4.2 2.3
v -1.4 4.2 2.2
v -1.4 4.2 2.1
v -1.4 4.3 3
v -1.4 4.3 2.8
v -1.4 4.3 2.6
v -1.4 4.3 2.4
v -1.4 4.3 2.3
v -1.4 4.3 2.2
v -1.4 4.3 2.1
v -1.4 4.4 3
v -1.4 4.4 2.9
v -1.4 4.4 2.8
v -1.4 4.4 2.7
v -1.4 4.4 2.6
v -1.4 4.5 2.9
v -1.4 4.5 2.8
v -1.4 5.1 0.6
v -1.4 5.1 0.5
v -1.4 5.1 0.4
v -1.4 5.2 0.5
v -1.4 5.2 0.4
v -1.4 5.3 0.6
v -1.4 5.3 0.5
v -1.4 5.5 -0.3
v -1.4 5.5 -0.5
v -1.4 5.6 3.5
v -1.4 5.6 3.4
v -1.4 5.6 2.7
v -1.4 5.6 2.6
v -1.4 5.6 2.3
v -1.4 5.6 1.9
v -1.4 5.6 1.7
v -1.4 5.6 -0.3
v -1.4 5.6 -0.4
v -1.4 5.7 3.4
v -1.4 5.7 3.1
v -1.4 5.7 2.2
v -1.4 5.7 1.9
v -1.4 5.8 2.7
v -1.4 5.8 2.3
v -1.4 5.8 2.2
v -1.4 5.8 1.7
v -1.4 5.9 3.5
v -1.4 5.9 3.1
v -1.4 5.9 -0.4
v -1.4 5.9 -0.5
v -1.3 0.1 -0.3
v -1.3 0.1 -0.5
v -1.3 0.1 -0.6
v -1.3 0.2 1.9
v -1.3 0.2 1.7
v -1.3 0.2 -0.3
v -1.3 0.2 -0.5
v -1.3 0.2 -0.6
v -1.3 0.3 1.9
v -1.3 0.3 1.7
v -1.3 4.1 2.6
v -1.3 4.1 2.5
v -1.3 4.1 2.1
v -1.3 4.1 2
v -1.3 4.2 2.5
v -1.3 4.2 2.4
v -1.3 4.2 2.1
v -1.3 4.2 2
v -1.3 4.3 2.6
v -1.3 4.3 2.4
v -1.3 4.4 3.1
v -1.3 4.4 2.9
v -1.3 4.5 3.1
v -1.3 4.5 3
v -1.3 4.6 3
v -1.3 4.6 2.9
v -1.3 4.8 0.4
v -1.3 4.8 0.3
v -1.3 4.9 0.5
v -1.3 4.9 0.4
v -1.3 4.9 0.3
v -1.3 4.9 0.2
v -1.3 4.9 0.0999999
v -1.3 4.9 -4.76837e-07
v -1.3 5 0.4
v -1.3 5 0.2
v -1.3 5 0.0999999
v -1.3 5 -4.76837e-07
v -1.3 5.1 2.3
v -1.3 5.1 1.9
v -1.3 5.1 0.5
v -1.3 5.1 0.4
v -1.3 5.1 0.2
v -1.3 5.1 0.0999999
v -1.3 5.2 3
v -1.3 5.2 2.8
v -1.3 5.3 2.8
v -1.3 5.3 2.3
v -1.3 5.3 1.9
v -1.3 5.3 1.6
v -1.3 5.4 2.6
v -1.3 5.4 2.5
v -1.3 5.5 2.7
v -1.3 5.5 2.6
v -1.3 5.5 2.5
v -1.3 5.6 3
v -1.3 5.6 2.9
v -1.3 5.6 2.7
v -1.3 5.6 2.6
v -1.3 5.6 2.3
v -1.3 5.6 1.9
v -1.3 5.6 1.6
v -1.3 5.7 2.9
v -1.3 5.7 2.8
v -1.3 5.7 2.7
v -1.3 5.7 2.2
v -1.3 5.7 1.9
v -1.3 5.8 2.3
v -1.3 5.8 2.2
v -1.3 5.9 0.9
v -1.3 5.9 0.8
v -1.3 6.1 0.9
v -1.3 6.1 0.8
v -1.2 0 -4.76837e-07
v -1.2 0 -0.7
v -1.2 0.1 -4.76837e-07
v -1.2 0.1 -0.1
v -1.2 0.1 -0.3
v -1.2 0.1 -0.7
v -1.2 0.2 -0.1
v -1.2 0.2 -0.3
v -1.2 4.1 2.2
v -1.2 4.1 2.1
v -1.2 4.2 2.2
v -1.2 4.2 2.1
v -1.2 4.5 3.2
v -1.2 4.5 3
v -1.2 4.6 3.2
v -1.2 4.6 3.1
v -1.2 4.7 3.1
v -1.2 4.7 3
v -1.2 5.1 -0.3
v -1.2 5.1 -0.4
v -1.2 5.2 -0.3
v -1.2 5.2 -0.4
v -1.2 5.5 3.3
v -1.2 5.5 3
v -1.2 5.6 3.4
v -1.2 5.6 3.3
v -1.2 5.6 3
v -1.2 5.6 2.9
v -1.2 5.7 3.4
v -1.2 5.7 3.1
v -1.2 5.7 3
v -1.2 5.7 2.9
v -1.2 5.7 2.8
v -1.2 5.7 2.7
v -1.2 5.9 3.1
v -1.2 5.9 3
v -1.2 5.9 2.8
v -1.2 5.9 2.7
v -1.1 0 1.9
v -1.1 0 1.7
v -1.1 0.1 1.7
v -1.1 0.1 1.6
v -1.1 0.1 1.5
v -1.1 0.2 1.9
v -1.1 0.2 1.7
v -1.1 0.2 1.6
v -1.1 0.2 1.5
v -1.1 0.3 1.7
v -1.1 0.3 1.6
v -1.1 4 2.5
v -1.1 4 2.3
v -1.1 4.1 2.3
v -1.1 4.1 2.2
v -1.1 4.2 2.5
v -1.1 4.2 2.2
v -1.1 4.6 3.2
v -1.1 4.6 3.1
v -1.1 4.7 3.2
v -1.1 4.7 3.1
v -1.1 4.7 0.2
v -1.1 4.7 0.0999999
v -1.1 4.8 0.3
v -1.1 4.8 0.2
v -1.1 4.8 0.0999999
v -1.1 4.8 -4.76837e-07
v -1.1 4.8 -0.1
v -1.1 4.9 0.3
v -1.1 4.9 0.2
v -1.1 4.9 -4.76837e-07
v -1.1 4.9 -0.1
v -1.1 4.9 -0.2
v -1.1 5 0.2
v -1.1 5 -4.76837e-07
v -1.1 5 -0.2
v -1.1 5 -0.3
v -1.1 5.1 -4.76837e-07
v -1.1 5.1 -0.1
v -1.1 5.2 -0.1
v -1.1 5.2 -0.2
v -1.1 5.2 -0.3
v -1.1 5.2 -0.5
v -1.1 5.3 -0.2
v -1.1 5.3 -0.3
v -1.1 5.3 -0.5
v -1.1 5.3 -0.6
v -1.1 5.4 -0.3
v -1.1 5.4 -0.4
v -1.1 5.5 -0.4
v -1.1 5.5 -0.5
v -1.1 5.5 -0.6
v -1.1 5.5 -0.7
v -1.1 5.6 -0.5
v -1.1 5.6 -0.7
v -1 3.8 2.3
v -1 3.8 2.2
v -1 4 2.2
v -1 4 2.1
v -1 4.1 2.3
v -1 4.1 2.1
v -1 4.6 0.3
v -1 4.6 0.2
v -1 4.7 0.5
v -1 4.7 0.3
v -1 4.7 0.2
v -1 4.8 0.5
v -1 4.8 0.2
v -1 4.8 -4.76837e-07
v -1 4.9 3.3
v -1 4.9 3.1
v -1 4.9 0.2
v -1 4.9 -4.76837e-07
v -1 5 4
v -1 5 3.9
v -1 5 3.2
v -1 5 3.1
v -1 5.1 4
v -1 5.1 3.9
v -1 5.1 3.5
v -1 5.1 3.3
v -1 5.1 3.2
v -1 5.1 3
v -1 5.2 3.5
v -1 5.2 3.2
v -1 5.5 3.5
v -1 5.5 3.3
v -1 5.5 3.2
v -1 5.5 3
v -1 5.6 3.5
v -1 5.6 3.3
v -0.9 0 -0.1
v -0.9 0 -0.2
v -0.9 0 -0.3
v -0.9 0.1 1.5
v -0.9 0.1 1.3
v -0.9 0.1 -0.1
v -0.9 0.1 -0.2
v -0.9 0.1 -0.3
v -0.9 0.2 1.5
v -0.9 0.2 1.3
v -0.9 3.7 2.1
v -0.9 3.7 2
v -0.9 3.8 2.2
v -0.9 3.8 2.1
v -0.9 3.8 2
v -0.9 4 2.2
v -0.9 4 2
v -0.9 4.4 0.5
v -0.9 4.4 0.3
v -0.9 4.5 0.5
v -0.9 4.5 0.4
v -0.9 4.7 3.3
v -0.9 4.7 3.1
v -0.9 4.7 0.4
v -0.9 4.7 0.3
v -0.9 4.8 4.1
v -0.9 4.8 3.3
v -0.9 4.8 3.1
v -0.9 4.9 3.3
v -0.9 4.9 3.1
v -0.9 5 4.1
v -0.9 5 3.9
v -0.9 5 3.5
v -0.9 5.1 3.5
v -0.9 5.1 3.3
v -0.9 5.2 3.8
v -0.9 5.2 3.5
v -0.9 5.2 3.2
v -0.9 5.3 3.8
v -0.9 5.3 3.7
v -0.9 5.5 3.7
v -0.9 5.5 3.2
v -0.8 0 1.7
v -0.8 0 1.4
v -0.8 0 1.2
v -0.8 0 1.1
v -0.8 0 -4.76837e-07
v -0.8 0 -0.1
v -0.8 0.1 1.7
v -0.8 0.1 1.5
v -0.8 0.1 1.4
v -0.8 0.1 1.1
v -0.8 0.2 -4.76837e-07
v -0.8 0.2 -0.1
v -0.8 0.4 1.1
v -0.8 0.4 1
v -0.8 0.5 1.2
v -0.8 0.5 1.1
v -0.8 0.5 1
v -0.8 3.6 2
v -0.8 3.6 1.9
v -0.8 3.8 2
v -0.8 3.8 1.9
v -0.8 3.9 1.9
v -0.8 3.9 1.8
v -0.8 4 2
v -0.8 4 1.8
v -0.8 4.5 0.5
v -0.8 4.5 0.4
v -0.8 4.6 0.6
v -0.8 4.6 0.5
v -0.8 4.7 0.6
v -0.8 4.7 0.4
v -0.8 5 3.9
v -0.8 5 3.5
v -0.8 5.1 3.9
v -0.8 5.1 3.8
v -0.8 5.2 3.8
v -0.8 5.2 3.5
v -0.8 6.3 -0.3
v -0.8 6.3 -0.5
v -0.8 6.4 -0.3
v -0.8 6.4 -0.5
v -0.7 0.2 1.1
v -0.7 0.2 1
v -0.7 0.2 0.8
v -0.7 0.4 1.1
v -0.7 0.4 1
v -0.7 0.4 0.9
v -0.7 0.4 0.8
v -0.7 4 2
v -0.7 4 1.8
v -0.7 4.1 1.9
v -0.7 4.1 1.8
v -0.7 4.2 2
v -0.7 4.2 1.9
v -0.7 4.5 0.6
v -0.7 4.5 0.5
v -0.7 4.6 0.6
v -0.7 4.6 0.5
v -0.7 5.1 4
v -0.7 5.1 3.8
v -0.7 5.3 4
v -0.7 5.3 3.8
v -0.6 0 0.3
v -0.6 0 -4.76837e-07
v -0.6 0.2 0.3
v -0.6 0.2 0.2
v -0.6 0.2 -4.76837e-07
v -0.6 0.3 0.2
v -0.6 0.3 -4.76837e-07
v -0.6 0.4 1.5
v -0.6 0.4 1.2
v -0.6 0.5 1.5
v -0.6 0.5 1.2
v -0.6 3.4 1.9
v -0.6 3.4 1.8
v -0.6 3.5 1.9
v -0.6 3.5 1.8
v -0.6 3.6 1.9
v -0.6 3.6 1.8
v -0.6 3.8 1.9
v -0.6 3.8 1.8
v -0.6 3.8 1.7
v -0.6 3.9 1.9
v -0.6 3.9 1.8
v -0.6 3.9 1.7
v -0.6 4 2.1
v -0.6 4 2
v -0.6 4.1 2.1
v -0.6 4.1 2
v -0.6 4.3 0.6
v -0.6 4.3 0.5
v -0.6 4.5 0.6
v -0.6 4.5 0.5
v -0.6 5.4 -0.7
v -0.6 5.4 -0.8
v -0.6 5.5 -0.7
v -0.6 5.5 -0.8
v -0.5 3.4 1.8
v -0.5 3.4 1.7
v -0.5 3.5 1.8
v -0.5 3.5 1.7
v -0.5 3.6 1.8
v -0.5 3.6 1.7
v -0.5 3.7 1.5
v -0.5 3.7 1.4
v -0.5 3.8 1.8
v -0.5 3.8 1.7
v -0.5 3.8 1.5
v -0.5 3.8 1.4
v -0.5 4.1 2.2
v -0.5 4.1 2
v -0.5 4.1 0.7
v -0.5 4.1 0.6
v -0.5 4.2 2.2
v -0.5 4.2 2.1
v -0.5 4.3 2.1
v -0.5 4.3 2
v -0.5 4.4 0.8
v -0.5 4.4 0.7
v -0.5 4.5 0.8
v -0.5 4.5 0.6
v -0.5 4.6 3.5
v -0.5 4.6 3.4
v -0.5 4.7 3.5
v -0.5 4.7 3.4
v -0.5 5.2 -0.6
v -0.5 5.2 -0.7
v -0.5 5.3 -0.6
v -0.5 5.3 -0.7
v -0.5 6 -0.7
v -0.5 6 -0.8
v -0.5 6.1 -0.7
v -0.5 6.1 -0.8
v -0.4 0.2 0.3
v -0.4 0.2 0.2
v -0.4 0.4 0.3
v -0.4 0.4 0.2
v -0.4 0.9 0.6
v -0.4 0.9 0.5
v -0.4 1 0.6
v -0.4 1 0.5
v -0.4 2.8 1.7
v -0.4 2.8 1.6
v -0.4 2.8 1.5
v -0.4 3 1.7
v -0.4 3 1.6
v -0.4 3.1 1.7
v -0.4 3.1 1.6
v -0.4 3.5 1.7
v -0.4 3.5 1.6
v -0.4 3.5 1.5
v -0.4 3.6 1.7
v -0.4 3.6 1.6
v -0.4 3.7 1.5
v -0.4 3.8 1.7
v -0.4 3.8 1.6
v -0.4 3.8 1.5
v -0.4 4.2 2.3
v -0.4 4.2 2.1
v -0.4 4.3 2.3
v -0.4 4.3 2.2
v -0.4 4.3 1
v -0.4 4.3 0.7
v -0.4 4.4 2.2
v -0.4 4.4 2.1
v -0.4 4.4 1
v -0.4 4.4 0.7
v -0.4 5.4 1
v -0.4 5.4 0.9
v -0.4 5.5 1
v -0.4 5.5 0.9
v -0.4 5.5 0.6
v -0.4 5.5 0.5
v -0.4 5.6 0.6
v -0.4 5.6 0.5
v -0.3 0 0.3
v -0.3 0 0.2
v -0.3 0.1 0.3
v -0.3 0.1 0.2
v -0.3 2.7 1.5
v -0.3 2.7 1.4
v -0.3 2.8 1.5
v -0.3 2.8 1.4
v -0.3 3.5 1.5
v -0.3 3.5 1.4
v -0.3 3.6 1.5
v -0.3 3.6 1.4
v -0.3 4.3 2.4
v -0.3 4.3 2.2
v -0.3 4.4 2.7
v -0.3 4.4 2.6
v -0.3 4.4 2.3
v -0.3 4.4 2.2
v -0.3 4.5 2.7
v -0.3 4.5 2.6
v -0.3 4.5 2.4
v -0.3 4.5 2.3
v -0.3 4.6 3.6
v -0.3 4.6 3.5
v -0.3 4.7 3.6
v -0.3 4.7 3.5
v -0.3 5.7 1.1
v -0.3 5.7 1
v -0.3 5.8 1.1
v -0.3 5.8 1
v -0.3 6.6 1.1
v -0.3 6.6 0.8
v -0.3 6.7 1.1
v -0.3 6.7 0.8
v -0.2 0.4 0.5
v -0.2 0.4 0.4
v -0.2 0.5 1.7
v -0.2 0.5 1.6
v -0.2 0.5 0.5
v -0.2 0.5 0.4
v -0.2 0.7 1.7
v -0.2 0.7 1.6
v -0.2 0.7 0.5
v -0.2 0.7 0.4
v -0.2 0.8 0.5
v -0.2 0.8 0.4
v -0.2 1 0.6
v -0.2 1 0.5
v -0.2 1.2 0.6
v -0.2 1.2 0.5
v -0.2 1.3 0.6
v -0.2 1.3 0.5
v -0.2 3.6 0.8
v -0.2 3.6 0.7
v -0.2 3.9 0.8
v -0.2 3.9 0.7
v -0.2 4.2 1.2
v -0.2 4.2 1.1
v -0.2 4.2 0.7
v -0.2 4.3 3.4
v -0.2 4.3 3.2
v -0.2 4.3 2.5
v -0.2 4.3 2.4
v -0.2 4.3 1.2
v -0.2 4.3 1.1
v -0.2 4.3 0.7
v -0.2 4.4 3.3
v -0.2 4.4 3.2
v -0.2 4.4 2.6
v -0.2 4.4 2.5
v -0.2 4.5 3.4
v -0.2 4.5 3.3
v -0.2 4.5 2.6
v -0.2 4.5 2.5
v -0.2 4.6 3.5
v -0.2 4.6 3.3
v -0.2 4.6 2.5
v -0.2 4.6 2.4
v -0.2 4.7 3.5
v -0.2 4.7 3.3
v -0.2 5.2 -0.4
v -0.2 5.2 -0.5
v -0.2 5.3 -0.5
v -0.2 5.4 -0.4
v -0.2 5.4 -0.5
v -0.2 6 -0.8
v -0.2 6 -0.9
v -0.2 6.1 -0.8
v -0.2 6.1 -0.9
v -0.0999999 0.1 1.8
v -0.0999999 0.1 1.7
v -0.0999999 0.2 1.8
v -0.0999999 0.2 1.7
v -0.0999999 0.2 1.6
v -0.0999999 0.3 1.7
v -0.0999999 0.3 1.6
v -0.0999999 0.5 1.7
v -0.0999999 0.5 1.6
v -0.0999999 2.2 0.6
v -0.0999999 2.2 0.5
v -0.0999999 2.4 0.6
v -0.0999999 2.4 0.5
v -0.0999999 2.7 0.7
v -0.0999999 2.7 0.6
v -0.0999999 2.9 0.6
v -0.0999999 2.9 0.5
v -0.0999999 3 0.7
v -0.0999999 3 0.6
v -0.0999999 4.5 2.7
v -0.0999999 4.5 2.5
v -0.0999999 4.6 2.7
v -0.0999999 4.6 2.6
v -0.0999999 4.6 2.5
v -0.0999999 4.6 2.4
v -0.0999999 4.7 2.6
v -0.0999999 4.7 2.5
v -0.0999999 4.7 2.4
v -0.0999999 6.8 0.4
v -0.0999999 6.8 0.3
v -0.0999999 6.9 0.4
v -0.0999999 6.9 0.3
v 0 0.6 1.7
v 0 0.6 1.6
v 0 0.6 0.5
v 0 0.6 0.4
v 0 0.7 0.5
v 0 0.7 0.4
v 0 0.8 1.7
v 0 0.8 1.6
v 0 1 0.5
v 0 1 0.4
v 0 1.2 1
v 0 1.2 0.9
v 0 1.2 0.7
v 0 1.2 0.6
v 0 1.4 0.7
v 0 1.4 0.6
v 0 2 1
v 0 2 0.9
v 0 2 0.8
v 0 2 0.7
v 0 2.1 1
v 0 2.1 0.9
v 0 2.1 0.8
v 0 2.2 1
v 0 2.2 0.9
v 0 2.4 0.9
v 0 2.4 0.8
v 0 2.7 1
v 0 2.7 0.9
v 0 2.7 0.7
v 0 2.7 0.6
v 0 3.3 1
v 0 3.3 0.9
v 0 3.5 1
v 0 3.5 0.9
v 0 3.5 0.8
v 0 3.5 0.7
v 0 4.9 3.4
v 0 4.9 3.3
v 0 5 3.4
v 0 5 3.3
v 0 5.1 0.5
v 0 5.1 -0.1
v 0 5.2 0.5
v 0 5.2 -0.1
v 0 6.8 0.0999999
v 0 6.8 -4.76837e-07
v 0 6.8 -0.1
v 0 6.9 0.0999999
v 0 6.9 -0.1
v 0.1 0 0.5
v 0.1 0 0.3
v 0.1 0.4 0.4
v 0.1 0.4 0.3
v 0.1 0.6 0.5
v 0.1 0.6 0.4
v 0.1 0.8 1.7
v 0.1 0.8 1.6
v 0.1 1 1.7
v 0.1 1 1.6
v 0.1 1.2 1.1
v 0.1 1.2 1
v 0.1 2 1.1
v 0.1 2 1
v 0.1 3.6 1.5
v 0.1 3.6 1.4
v 0.1 3.9 1.5
v 0.1 3.9 1.4
v 0.1 3.9 1.2
v 0.1 3.9 1.1
v 0.1 3.9 0.9
v 0.1 3.9 0.8
v 0.1 4 0.9
v 0.1 4 0.8
v 0.1 4.1 1.1
v 0.1 4.1 1
v 0.1 4.2 1.2
v 0.1 4.2 1
v 0.1 4.9 3.6
v 0.1 4.9 3.4
v 0.1 5 3.6
v 0.1 5 3.4
v 0.1 5.1 3
v 0.1 5.1 2.7
v 0.1 5.3 3
v 0.1 5.3 2.7
v 0.2 1 1.6
v 0.2 1 1.5
v 0.2 1 0.9
v 0.2 1 0.7
v 0.2 1 0.6
v 0.2 1.1 0.6
v 0.2 1.1 0.5
v 0.2 1.2 0.9
v 0.2 1.2 0.7
v 0.2 1.2 0.5
v 0.2 1.5 1.6
v 0.2 1.5 1.5
v 0.2 1.7 1.6
v 0.2 1.7 1.5
v 0.2 2.3 1.3
v 0.2 2.3 1.2
v 0.2 2.8 1.3
v 0.2 2.9 1.4
v 0.2 2.9 1.3
v 0.2 3 1.3
v 0.2 3 1.2
v 0.2 3.3 1.3
v 0.2 3.3 1.2
v 0.2 3.4 1.3
v 0.2 3.4 1.2
v 0.2 3.5 0.7
v 0.2 3.5 0.6
v 0.2 3.7 1.2
v 0.2 3.7 0.7
v 0.2 3.9 1.4
v 0.2 3.9 1.2
v 0.2 3.9 0.7
v 0.2 3.9 0.6
v 0.2 5 3.4
v 0.2 5 3
v 0.2 5 2.8
v 0.2 5 2.7
v 0.2 5.1 3.4
v 0.2 5.1 3.3
v 0.2 5.1 3
v 0.2 5.1 2.8
v 0.2 5.1 2.7
v 0.2 5.1 -0.1
v 0.2 5.1 -0.5
v 0.2 5.2 3.3
v 0.2 5.2 3.2
v 0.2 5.2 -0.1
v 0.2 5.2 -0.4
v 0.2 5.3 -0.5
v 0.2 5.4 3.2
v 0.2 5.4 3
v 0.2 5.4 -0.4
v 0.2 5.4 -0.5
v 0.2 5.5 0.0999999
v 0.2 5.5 -0.1
v 0.2 5.6 0.0999999
v 0.2 5.6 -0.1
v 0.3 0.4 0.5
v 0.3 0.4 0.4
v 0.3 0.7 0.6
v 0.3 0.7 0.5
v 0.3 0.7 0.4
v 0.3 0.8 0.7
v 0.3 0.8 0.6
v 0.3 0.9 0.7
v 0.3 0.9 0.6
v 0.3 0.9 0.5
v 0.3 0.9 0.4
v 0.3 1 0.6
v 0.3 1 0.5
v 0.3 1.1 0.6
v 0.3 1.1 0.5
v 0.3 2.2 1.2
v 0.3 2.2 1.1
v 0.3 2.2 1
v 0.3 2.6 1.5
v 0.3 2.6 1.3
v 0.3 2.6 1.2
v 0.3 2.7 1.1
v 0.3 2.7 1
v 0.3 2.8 1.5
v 0.3 2.8 1.3
v 0.3 2.9 1.5
v 0.3 2.9 1.3
v 0.3 3 1.3
v 0.3 3 1.2
v 0.3 3.1 1.1
v 0.3 3.1 1
v 0.3 3.3 1.3
v 0.3 3.3 1.2
v 0.3 3.3 1.1
v 0.3 3.5 1.1
v 0.3 3.5 0.8
v 0.3 3.5 0.7
v 0.3 3.7 1.2
v 0.3 3.7 1.1
v 0.3 3.7 0.8
v 0.3 3.7 0.7
v 0.3 3.8 1.1
v 0.3 3.9 1.2
v 0.3 3.9 1.1
v 0.3 3.9 0.8
v 0.3 3.9 0.7
v 0.3 4.3 2.9
v 0.3 4.3 2.8
v 0.3 4.4 2.9
v 0.3 4.4 2.8
v 0.3 4.7 3.6
v 0.3 4.7 3.5
v 0.3 4.8 3.5
v 0.3 4.8 3.4
v 0.3 4.9 3.6
v 0.3 4.9 3.4
v 0.3 4.9 3.3
v 0.3 5 3.4
v 0.3 5 3.3
v 0.3 5.4 0.0999999
v 0.3 5.4 -0.3
v 0.3 5.4 -0.7
v 0.3 5.4 -0.9
v 0.3 5.5 0.0999999
v 0.3 5.5 -0.1
v 0.3 5.5 -0.3
v 0.3 5.5 -0.7
v 0.3 5.5 -0.9
v 0.3 6 -0.8
v 0.3 6 -0.9
v 0.3 6.2 -0.8
v 0.3 6.2 -0.9
v 0.4 0 2
v 0.4 0 1.9
v 0.4 0 1.7
v 0.4 0 1.6
v 0.4 0.1 2
v 0.4 0.1 1.9
v 0.4 0.1 1.7
v 0.4 0.1 1.6
v 0.4 0.2 2.1
v 0.4 0.2 1.9
v 0.4 0.2 1.7
v 0.4 0.2 1.6
v 0.4 0.3 2.1
v 0.4 0.3 1.9
v 0.4 0.5 1.7
v 0.4 0.5 1.6
v 0.4 0.8 1.6
v 0.4 0.9 1
v 0.4 0.9 0.8
v 0.4 0.9 0.7
v 0.4 0.9 0.5
v 0.4 1 1.7
v 0.4 1 1.6
v 0.4 1 1.5
v 0.4 1 1.3
v 0.4 1 0.9
v 0.4 1 0.7
v 0.4 1 0.5
v 0.4 1.2 1
v 0.4 1.2 0.9
v 0.4 1.6 1.3
v 0.4 1.6 1.2
v 0.4 1.7 1.5
v 0.4 1.7 1.2
v 0.4 1.7 1.1
v 0.4 2 1.1
v 0.4 2 1
v 0.4 2.2 1.2
v 0.4 2.2 1.1
v 0.4 2.2 1
v 0.4 3.1 1.1
v 0.4 3.1 1
v 0.4 3.3 1.1
v 0.4 3.3 1
v 0.4 3.5 1.1
v 0.4 3.5 1
v 0.4 3.5 0.9
v 0.4 3.5 0.8
v 0.4 3.7 1
v 0.4 3.7 0.9
v 0.4 3.8 1.1
v 0.4 3.8 1
v 0.4 3.9 0.8
v 0.4 3.9 0.7
v 0.4 3.9 0.6
v 0.4 4 0.6
v 0.4 4 0.5
v 0.4 4.1 1.1
v 0.4 4.1 1
v 0.4 4.1 0.9
v 0.4 4.1 0.7
v 0.4 4.1 0.5
v 0.4 4.1 0.3
v 0.4 4.2 0.9
v 0.4 4.2 0.8
v 0.4 4.2 0.7
v 0.4 4.2 0.6
v 0.4 4.2 0.5
v 0.4 4.2 0.3
v 0.4 4.3 3.2
v 0.4 4.3 2.9
v 0.4 4.3 1
v 0.4 4.3 0.9
v 0.4 4.3 0.8
v 0.4 4.3 0.7
v 0.4 4.3 0.6
v 0.4 4.4 3.3
v 0.4 4.4 3.2
v 0.4 4.4 2.9
v 0.4 4.4 2.7
v 0.4 4.5 3.3
v 0.4 4.5 2.7
v 0.4 4.8 3.4
v 0.4 4.8 3.2
v 0.4 4.9 3.4
v 0.4 4.9 3.3
v 0.4 5 3.3
v 0.4 5 3.2
v 0.4 5 3.1
v 0.4 5 2.8
v 0.4 5 2.6
v 0.4 5.1 3.3
v 0.4 5.1 3.1
v 0.4 5.1 2.8
v 0.4 5.1 2.6
v 0.4 5.2 0.0999999
v 0.4 5.2 -0.4
v 0.4 5.3 -0.4
v 0.4 5.4 0.0999999
v 0.4 5.4 -0.3
v 0.4 5.4 -0.4
v 0.4 6 -0.7
v 0.4 6 -0.8
v 0.4 6.3 -0.6
v 0.4 6.3 -0.7
v 0.4 6.3 -0.8
v 0.4 6.4 -0.6
v 0.4 6.4 -0.8
v 0.5 0 2.1
v 0.5 0 2
v 0.5 0 1.6
v 0.5 0 1.5
v 0.5 0.1 2.1
v 0.5 0.1 2
v 0.5 0.1 1.6
v 0.5 0.2 1.6
v 0.5 0.2 1.4
v 0.5 0.2 1.2
v 0.5 0.3 1.3
v 0.5 0.3 1.2
v 0.5 0.5 1.2
v 0.5 0.5 1.1
v 0.5 0.7 1.2
v 0.5 0.7 1.1
v 0.5 0.7 1
v 0.5 0.7 0.8
v 0.5 0.7 0.6
v 0.5 0.8 1.6
v 0.5 0.8 1.5
v 0.5 0.8 1.4
v 0.5 0.8 1.3
v 0.5 0.8 1
v 0.5 0.8 0.9
v 0.5 0.8 0.8
v 0.5 0.8 0.7
v 0.5 0.8 0.6
v 0.5 0.9 1.1
v 0.5 0.9 1
v 0.5 0.9 0.9
v 0.5 0.9 0.8
v 0.5 0.9 0.7
v 0.5 1 1.6
v 0.5 1 1.5
v 0.5 1 1.4
v 0.5 1 1.3
v 0.5 1 1.2
v 0.5 1 1.1
v 0.5 1.1 1.2
v 0.5 1.1 1.1
v 0.5 1.2 1
v 0.5 1.2 0.9
v 0.5 1.3 0.9
v 0.5 1.3 0.8
v 0.5 1.6 1.3
v 0.5 1.6 1.2
v 0.5 1.6 1.1
v 0.5 1.7 1.6
v 0.5 1.7 1.2
v 0.5 1.7 1
v 0.5 1.8 1
v 0.5 1.8 0.9
v 0.5 1.8 0.8
v 0.5 2 1
v 0.5 2 0.9
v 0.5 2.1 1.6
v 0.5 2.1 1.2
v 0.5 4.1 0.9
v 0.5 4.1 0.5
v 0.5 4.2 0.9
v 0.5 4.2 0.6
v 0.5 4.2 0.5
v 0.5 4.2 0.3
v 0.5 4.3 0.8
v 0.5 4.3 0.6
v 0.5 4.3 0.5
v 0.5 4.3 0.3
v 0.5 4.3 0.2
v 0.5 4.4 0.3
v 0.5 4.4 0.2
v 0.5 4.5 0.8
v 0.5 4.5 0.6
v 0.5 4.6 0.6
v 0.5 4.6 0.5
v 0.5 5.1 3.1
v 0.5 5.1 2.8
v 0.5 5.2 3.1
v 0.5 5.2 2.8
v 0.6 0 2.4
v 0.6 0 2.2
v 0.6 0 1.5
v 0.6 0 1.2
v 0.6 0 1
v 0.6 0.1 2.4
v 0.6 0.1 2.2
v 0.6 0.2 2.2
v 0.6 0.2 2.1
v 0.6 0.2 1.4
v 0.6 0.2 1.2
v 0.6 0.3 2.2
v 0.6 0.3 2.1
v 0.6 0.5 1.2
v 0.6 0.5 1.1
v 0.6 0.5 1
v 0.6 0.6 1
v 0.6 0.7 1.2
v 0.6 0.7 1.1
v 0.6 0.7 1
v 0.6 0.8 0.9
v 0.6 0.8 0.8
v 0.6 0.9 1.1
v 0.6 0.9 1
v 0.6 0.9 0.9
v 0.6 0.9 0.8
v 0.6 1 1.5
v 0.6 1 1.4
v 0.6 1 1.2
v 0.6 1 1.1
v 0.6 2.1 1.6
v 0.6 2.1 1.2
v 0.6 2.2 1.6
v 0.6 2.2 1.2
v 0.6 2.3 1.7
v 0.6 2.3 1.6
v 0.6 2.4 1.7
v 0.6 2.4 1.5
v 0.6 2.6 1.5
v 0.6 2.6 1.2
v 0.6 4.3 0.5
v 0.6 4.3 0.3
v 0.6 4.4 0.3
v 0.6 4.4 0.0999999
v 0.6 4.5 3.5
v 0.6 4.5 2.9
v 0.6 4.6 3
v 0.6 4.6 2.9
v 0.6 4.6 0.5
v 0.6 4.6 0.3
v 0.6 4.6 0.2
v 0.6 4.6 0.0999999
v 0.6 4.7 3
v 0.6 4.7 2.9
v 0.6 4.7 2.6
v 0.6 4.7 2.5
v 0.6 4.7 2.4
v 0.6 4.7 0.3
v 0.6 4.7 0.2
v 0.6 4.8 3.5
v 0.6 4.8 3.2
v 0.6 4.8 0.3
v 0.6 4.8 0.2
v 0.6 4.9 2.5
v 0.6 4.9 2.4
v 0.6 5 3.2
v 0.6 5 3.1
v 0.6 5 2.9
v 0.6 5 2.6
v 0.6 5 2.5
v 0.6 5.1 3.2
v 0.6 5.1 3.1
v 0.6 5.5 -0.1
v 0.6 5.5 -0.3
v 0.6 5.5 -0.9
v 0.6 5.5 -1
v 0.6 5.6 -0.1
v 0.6 5.6 -0.3
v 0.6 5.7 -0.9
v 0.6 5.7 -1
v 0.7 0 1
v 0.7 0 0.9
v 0.7 0.1 2.4
v 0.7 0.1 2.3
v 0.7 0.1 2.2
v 0.7 0.1 2.1
v 0.7 0.1 1.9
v 0.7 0.1 1.7
v 0.7 0.1 1.6
v 0.7 0.2 2.4
v 0.7 0.2 2.2
v 0.7 0.2 2.1
v 0.7 0.2 1.9
v 0.7 0.2 1.7
v 0.7 0.2 1.6
v 0.7 0.3 2.4
v 0.7 0.3 2.2
v 0.7 0.5 0.9
v 0.7 0.5 0.6
v 0.7 0.5 0.5
v 0.7 0.6 1
v 0.7 0.6 0.8
v 0.7 0.6 0.6
v 0.7 0.7 1
v 0.7 0.7 0.8
v 0.7 0.7 0.5
v 0.7 2.4 1.7
v 0.7 2.4 1.5
v 0.7 2.5 1.7
v 0.7 2.5 1.6
v 0.7 2.6 1.6
v 0.7 2.6 1.5
v 0.7 4.5 2.8
v 0.7 4.5 2.5
v 0.7 4.6 3
v 0.7 4.6 2.9
v 0.7 4.6 2.8
v 0.7 4.6 2.7
v 0.7 4.6 0.2
v 0.7 4.6 -4.76837e-07
v 0.7 4.7 3
v 0.7 4.7 2.9
v 0.7 4.7 2.6
v 0.7 4.7 2.5
v 0.7 4.8 2.9
v 0.7 4.8 2.7
v 0.7 4.8 0.2
v 0.7 4.8 -4.76837e-07
v 0.7 4.9 0.0999999
v 0.7 4.9 -4.76837e-07
v 0.7 5 3.1
v 0.7 5 2.9
v 0.7 5 2.8
v 0.7 5 2.6
v 0.7 5 0.0999999
v 0.7 5 -4.76837e-07
v 0.7 5.1 3.1
v 0.7 5.1 2.8
v 0.7 5.3 -0.5
v 0.7 5.3 -0.7
v 0.7 5.4 -0.3
v 0.7 5.4 -0.4
v 0.7 5.4 -0.5
v 0.7 5.4 -0.7
v 0.7 5.4 -0.9
v 0.7 5.6 -0.3
v 0.7 5.6 -0.4
v 0.7 5.6 -0.7
v 0.7 5.6 -0.9
v 0.8 0 2.5
v 0.8 0 2.3
v 0.8 0 2.2
v 0.8 0 2.1
v 0.8 0.1 2.5
v 0.8 0.1 2.4
v 0.8 0.1 2.3
v 0.8 0.2 2.5
v 0.8 0.2 2.4
v 0.8 0.2 2.2
v 0.8 0.2 2.1
v 0.8 0.2 0.9
v 0.8 0.2 0.7
v 0.8 0.3 0.7
v 0.8 0.3 0.6
v 0.8 0.3 0.4
v 0.8 0.4 0.4
v 0.8 0.4 0.3
v 0.8 0.5 0.9
v 0.8 0.5 0.6
v 0.8 0.5 0.3
v 0.8 2.5 1.8
v 0.8 2.5 1.6
v 0.8 2.6 1.6
v 0.8 2.6 1.5
v 0.8 2.7 1.9
v 0.8 2.7 1.8
v 0.8 2.7 1.5
v 0.8 2.8 1.9
v 0.8 2.8 1.8
v 0.8 2.9 2.1
v 0.8 2.9 2
v 0.8 3 2.1
v 0.8 3 2
v 0.8 3.1 2
v 0.8 3.1 1.8
v 0.8 3.2 2
v 0.8 3.2 1.8
v 0.8 4.5 2.9
v 0.8 4.5 2.8
v 0.8 4.6 2.8
v 0.8 4.6 2.7
v 0.8 4.6 0.5
v 0.8 4.6 0.3
v 0.8 4.7 0.5
v 0.8 4.7 0.3
v 0.8 4.8 2.9
v 0.8 4.8 2.7
v 0.8 4.8 0.2
v 0.8 4.8 -0.1
v 0.8 4.9 0.2
v 0.8 4.9 -4.76837e-07
v 0.8 4.9 -0.1
v 0.8 5.3 -0.4
v 0.8 5.3 -0.5
v 0.8 5.4 -0.5
v 0.8 5.6 -0.4
v 0.8 5.6 -0.5
v 0.8 6.7 -0.1
v 0.8 6.7 -0.2
v 0.8 6.8 -0.1
v 0.8 6.8 -0.2
v 0.9 0 1.9
v 0.9 0 1.7
v 0.9 0 0.9
v 0.9 0 0.6
v 0.9 0 0.5
v 0.9 0.2 0.9
v 0.9 0.2 0.7
v 0.9 0.3 0.7
v 0.9 0.3 0.6
v 0.9 0.3 0.5
v 0.9 0.3 0.4
v 0.9 0.3 0.2
v 0.9 0.4 0.4
v 0.9 0.4 0.2
v 0.9 0.5 1.9
v 0.9 0.5 1.7
v 0.9 2.7 1.8
v 0.9 2.7 1.5
v 0.9 2.8 2
v 0.9 2.8 1.9
v 0.9 2.8 1.8
v 0.9 2.8 1.7
v 0.9 2.9 1.7
v 0.9 2.9 1.5
v 0.9 3 2.1
v 0.9 3 2
v 0.9 3 1.9
v 0.9 3.1 2.2
v 0.9 3.1 2.1
v 0.9 3.2 2.3
v 0.9 3.2 2.2
v 0.9 3.2 2
v 0.9 3.3 2.4
v 0.9 3.3 2.3
v 0.9 3.3 2.1
v 0.9 3.3 2
v 0.9 3.4 2.2
v 0.9 3.4 2.1
v 0.9 3.6 2.6
v 0.9 3.6 2.4
v 0.9 3.6 2.3
v 0.9 3.6 2.2
v 0.9 3.8 2.6
v 0.9 3.8 2.3
v 0.9 4.6 0.6
v 0.9 4.6 0.5
v 0.9 4.7 0.6
v 0.9 4.7 0.5
v 0.9 4.9 -4.76837e-07
v 0.9 4.9 -0.2
v 0.9 5 -4.76837e-07
v 0.9 5 -0.1
v 0.9 5 -0.2
v 0.9 5.4 -0.6
v 0.9 5.4 -0.7
v 0.9 5.5 1.8
v 0.9 5.5 1.6
v 0.9 5.6 -0.6
v 0.9 5.6 -0.7
v 0.9 5.7 1.8
v 0.9 5.7 1.7
v 0.9 5.7 1.6
v 1 0.2 0.5
v 1 0.2 -4.76837e-07
v 1 0.3 0.5
v 1 0.3 -4.76837e-07
v 1 2.8 1.9
v 1 2.8 1.7
v 1 2.9 1.7
v 1 3 2
v 1 3 1.9
v 1 3 1.8
v 1 3.1 1.8
v 1 3.1 1.7
v 1 3.2 2
v 1 3.2 1.9
v 1 3.8 2.8
v 1 3.8 2.3
v 1 3.9 2.9
v 1 3.9 2.8
v 1 3.9 2.4
v 1 3.9 2.3
v 1 4 2.9
v 1 4 2.8
v 1 4.2 2.4
v 1 4.2 2.3
v 1 4.7 0.6
v 1 4.7 0.3
v 1 4.8 0.5
v 1 4.8 0.3
v 1 4.9 0.6
v 1 4.9 0.5
v 1 5 -0.1
v 1 5 -0.3
v 1 5.1 -0.2
v 1 5.1 -0.3
v 1 5.1 -0.4
v 1 5.2 -0.1
v 1 5.2 -0.2
v 1 5.2 -0.3
v 1 5.2 -0.4
v 1 5.4 -0.5
v 1 5.4 -0.6
v 1 5.6 -0.5
v 1 5.6 -0.6
v 1 5.7 1.7
v 1 5.7 1.6
v 1 5.8 1.6
v 1 5.9 1.7
v 1 5.9 1.6
v 1 6 -0.4
v 1 6 -0.7
v 1 6.2 -0.4
v 1 6.2 -0.6
v 1 6.3 -0.4
v 1 6.3 -0.5
v 1 6.3 -0.6
v 1 6.3 -0.7
v 1.1 0 0.5
v 1.1 0 0.4
v 1.1 0.1 0.4
v 1.1 0.2 0.5
v 1.1 0.2 0.4
v 1.1 3.9 2.8
v 1.1 3.9 2.4
v 1.1 4 2.8
v 1.1 4 2.4
v 1.1 4.3 2.7
v 1.1 4.3 2.5
v 1.1 4.4 2.7
v 1.1 4.4 2.5
v 1.1 5.1 -0.2
v 1.1 5.1 -0.3
v 1.1 5.2 -0.2
v 1.1 5.2 -0.3
v 1.1 5.3 1.6
v 1.1 5.3 1.5
v 1.1 5.3 1
v 1.1 5.4 1.1
v 1.1 5.4 1
v 1.1 5.5 1.5
v 1.1 5.5 1.1
v 1.1 5.6 1.6
v 1.1 5.6 1.4
v 1.1 5.6 1.3
v 1.1 5.6 1.1
v 1.1 5.8 1.6
v 1.1 5.8 1.5
v 1.1 5.8 1.4
v 1.1 5.9 1.6
v 1.1 5.9 1.5
v 1.1 6 1.6
v 1.1 6 1.5
v 1.1 6.7 0.0999999
v 1.1 6.7 -0.1
v 1.1 6.8 0.0999999
v 1.1 6.8 -0.1
v 1.2 0 2.8
v 1.2 0 2.5
v 1.2 0 0.4
v 1.2 0 0.0999999
v 1.2 0.1 2.8
v 1.2 0.1 2.5
v 1.2 0.1 0.4
v 1.2 0.1 0.0999999
v 1.2 0.2 0.4
v 1.2 0.2 0.0999999
v 1.2 3 1.9
v 1.2 3 1.8
v 1.2 3.1 1.8
v 1.2 3.3 1.9
v 1.2 3.3 1.8
v 1.2 4 3
v 1.2 4 2.8
v 1.2 4.3 3
v 1.2 4.3 2.8
v 1.2 6.8 0.5
v 1.2 6.8 0.4
v 1.2 7 0.5
v 1.2 7 0.4
v 1.3 0 0.0999999
v 1.3 0 -0.3
v 1.3 0.1 0.0999999
v 1.3 0.1 -0.3
v 1.3 0.2 0.0999999
v 1.3 0.2 -0.3
v 1.3 2.9 1.7
v 1.3 2.9 1.5
v 1.3 3.1 1.7
v 1.3 3.1 1.6
v 1.3 3.1 1.5
v 1.3 4.2 2.8
v 1.3 4.2 2.7
v 1.3 4.3 2.8
v 1.3 4.3 2.7
v 1.3 4.8 0.5
v 1.3 4.8 0.3
v 1.3 4.9 0.5
v 1.3 4.9 0.3
v 1.3 5.6 -0.5
v 1.3 5.6 -0.9
v 1.3 5.8 -0.5
v 1.3 5.8 -0.9
v 1.3 6 -4.76837e-07
v 1.3 6 -0.4
v 1.3 6 -0.5
v 1.3 6 -0.9
v 1.3 6.2 -4.76837e-07
v 1.3 6.2 -0.4
v 1.3 6.3 -4.76837e-07
v 1.3 6.3 -0.4
v 1.4 0 -0.3
v 1.4 0 -0.4
v 1.4 0.1 -0.3
v 1.4 0.1 -0.4
v 1.4 3.7 1.8
v 1.4 3.7 1.6
v 1.4 3.8 1.7
v 1.4 3.8 1.6
v 1.4 3.9 1.7
v 1.4 4 1.7
v 1.4 4.2 1.8
v 1.4 4.2 1.7
v 1.4 4.9 0.5
v 1.4 4.9 0.3
v 1.4 5 0.5
v 1.4 5 0.4
v 1.4 5.1 0.4
v 1.4 5.1 0.3
v 1.4 5.2 1
v 1.4 5.2 0.8
v 1.4 5.2 0.5
v 1.4 5.2 0.4
v 1.4 5.2 0.3
v 1.4 5.2 -0.4
v 1.4 5.2 -0.5
v 1.4 5.4 1
v 1.4 5.4 0.8
v 1.4 5.4 0.3
v 1.4 5.4 -0.1
v 1.4 5.6 -0.1
v 1.4 5.6 -0.3
v 1.4 5.7 -0.3
v 1.4 5.7 -0.4
v 1.4 5.8 -0.4
v 1.4 5.8 -0.5
v 1.4 6 -0.4
v 1.4 6 -0.5
v 1.5 3.1 1.8
v 1.5 3.1 1.5
v 1.5 3.2 1.8
v 1.5 3.2 1.5
v 1.5 4.2 2.4
v 1.5 4.2 2.3
v 1.5 4.2 2.2
v 1.5 4.3 2.5
v 1.5 4.3 2.4
v 1.5 4.4 2.5
v 1.5 4.4 2.3
v 1.5 4.4 2.2
v 1.5 5.7 -0.3
v 1.5 5.7 -0.4
v 1.5 5.8 -0.1
v 1.5 5.8 -0.3
v 1.5 5.8 -0.4
v 1.5 5.9 -0.1
v 1.5 5.9 -0.2
v 1.5 6 -0.2
v 1.5 6 -0.4
v 1.5 6.1 -0.1
v 1.5 6.1 -0.2
v 1.5 6.2 -0.1
v 1.5 6.2 -0.2
v 1.6 0 -0.4
v 1.6 0 -0.9
v 1.6 0.2 -0.4
v 1.6 0.2 -0.9
v 1.6 3.5 2.1
v 1.6 3.5 2
v 1.6 3.6 2.1
v 1.6 3.6 2
v 1.6 4.1 2.8
v 1.6 4.1 2.7
v 1.6 4.2 2.8
v 1.6 4.2 2.7
v 1.6 5 0.5
v 1.6 5 0.4
v 1.6 5.1 0.5
v 1.6 5.1 0.4
v 1.6 5.7 -0.1
v 1.6 5.7 -0.3
v 1.6 5.8 -0.1
v 1.6 5.8 -0.3
v 1.6 5.9 -0.1
v 1.6 5.9 -0.2
v 1.6 6 1.6
v 1.6 6 1.5
v 1.6 6 -0.1
v 1.6 6 -0.2
v 1.6 6.2 1.6
v 1.6 6.3 1.7
v 1.6 6.3 1.6
v 1.6 6.3 -0.1
v 1.6 6.3 -0.5
v 1.6 6.4 1.5
v 1.6 6.5 1.5
v 1.6 6.5 -4.76837e-07
v 1.6 6.5 -0.1
v 1.6 6.5 -0.5
v 1.6 6.6 1.7
v 1.6 6.6 1.6
v 1.6 6.6 0.0999999
v 1.6 6.6 -4.76837e-07
v 1.6 6.7 1.6
v 1.6 6.7 1.5
v 1.6 6.7 0.0999999
v 1.6 6.7 -0.5
v 1.6 6.8 1.6
v 1.6 6.8 1.5
v 1.7 3.2 1.5
v 1.7 3.2 1.4
v 1.7 3.3 1.5
v 1.7 3.3 1.4
v 1.7 3.7 2.8
v 1.7 3.7 2.5
v 1.7 3.9 1.5
v 1.7 3.9 1.4
v 1.7 4 2.7
v 1.7 4 2.5
v 1.7 4 1.5
v 1.7 4 1.4
v 1.7 4.1 2.8
v 1.7 4.1 2.7
v 1.7 4.4 2.3
v 1.7 4.4 2.2
v 1.7 4.5 2.3
v 1.7 4.5 2.2
v 1.7 5.1 0.5
v 1.7 5.1 0.4
v 1.7 5.2 0.5
v 1.7 5.2 0.4
v 1.7 5.6 1.4
v 1.7 5.6 1.1
v 1.7 5.6 -0.1
v 1.7 5.6 -0.3
v 1.7 5.7 -0.1
v 1.7 5.7 -0.3
v 1.7 5.8 1.4
v 1.7 5.8 1.1
v 1.7 6.2 1.7
v 1.7 6.2 1.6
v 1.7 6.3 1.7
v 1.7 6.3 1.6
v 1.8 3.2 1.9
v 1.8 3.2 1.8
v 1.8 3.3 2.5
v 1.8 3.3 2.3
v 1.8 3.4 2.4
v 1.8 3.4 2.3
v 1.8 3.4 2
v 1.8 3.4 1.9
v 1.8 3.5 2.5
v 1.8 3.5 2.4
v 1.8 3.6 2
v 1.8 3.6 1.8
v 1.8 3.8 1.5
v 1.8 3.8 1.4
v 1.8 3.9 1.5
v 1.8 3.9 1.4
v 1.8 4.5 2.2
v 1.8 4.5 2.1
v 1.8 4.6 2.2
v 1.8 4.6 2.1
v 1.9 3.2 1.8
v 1.9 3.2 1.5
v 1.9 3.3 1.7
v 1.9 3.3 1.5
v 1.9 3.4 2.4
v 1.9 3.4 2
v 1.9 3.5 2.5
v 1.9 3.5 2.4
v 1.9 3.5 1.3
v 1.9 3.5 1.1
v 1.9 3.6 2
v 1.9 3.6 1.8
v 1.9 3.6 1.3
v 1.9 3.6 1.1
v 1.9 3.7 1.8
v 1.9 3.7 1.7
v 1.9 3.7 1.5
v 1.9 3.7 1.3
v 1.9 3.7 1.1
v 1.9 3.9 2.5
v 1.9 3.9 2.4
v 1.9 3.9 2.1
v 1.9 3.9 1.8
v 1.9 3.9 1.7
v 1.9 3.9 1.5
v 1.9 4 2.5
v 1.9 4 2.4
v 1.9 4 2.3
v 1.9 4 2.1
v 1.9 4.1 2.4
v 1.9 4.2 2.4
v 1.9 4.2 2.3
v 1.9 4.2 2.2
v 1.9 4.2 2.1
v 1.9 4.2 1.7
v 1.9 4.2 1.6
v 1.9 4.3 1.7
v 1.9 4.3 1.6
v 1.9 5.2 0.5
v 1.9 5.2 0.4
v 1.9 5.3 0.5
v 1.9 5.3 0.4
v 1.9 5.4 1.1
v 1.9 5.4 0.6
v 1.9 5.5 1.1
v 1.9 5.5 0.6
v 1.9 6.3 1.6
v 1.9 6.3 1.5
v 1.9 6.4 1.6
v 1.9 6.4 1.5
v 1.9 6.5 0.0999999
v 1.9 6.5 -4.76837e-07
v 1.9 6.6 0.0999999
v 1.9 6.6 -4.76837e-07
v 1.9 6.8 1.5
v 1.9 6.8 1.4
v 1.9 6.8 0.5
v 1.9 6.8 0.4
v 1.9 6.9 0.5
v 1.9 6.9 0.4
v 1.9 7 1.5
v 1.9 7 1.4
v 2 3.3 1.7
v 2 3.3 1.3
v 2 3.4 1.5
v 2 3.4 1.3
v 2 3.6 1.5
v 2 3.6 1.3
v 2 3.7 1.7
v 2 3.7 1.3
v 2 3.9 1.7
v 2 3.9 1.5
v 2 4 2.7
v 2 4 2.6
v 2 4 2.4
v 2 4 1.9
v 2 4 1.8
v 2 4.1 2.7
v 2 4.1 2.6
v 2 4.1 2.5
v 2 4.1 2.4
v 2 4.1 2.1
v 2 4.1 2
v 2 4.1 1.9
v 2 4.1 1.8
v 2 4.1 1.7
v 2 4.2 2.5
v 2 4.2 2.4
v 2 4.2 2.2
v 2 4.2 2.1
v 2 4.2 1.7
v 2 4.2 1.5
v 2 4.3 2.7
v 2 4.3 2.4
v 2 4.3 2.2
v 2 4.3 2
v 2 4.4 2
v 2 4.4 1.8
v 2 4.5 2.2
v 2 4.5 2
v 2 4.5 1.8
v 2 4.5 1.7
v 2 5.3 0.5
v 2 5.3 0.4
v 2 5.4 0.6
v 2 5.4 0.5
v 2 5.4 0.4
v 2 5.4 0.3
v 2 5.4 -0.1
v 2 5.5 0.6
v 2 5.5 0.3
v 2 5.5 0.0999999
v 2 5.7 0.0999999
v 2 5.7 -0.1
v 2 5.8 0.2
v 2 5.8 0.0999999
v 2 6.2 0.2
v 2 6.2 0.0999999
v 2 6.4 0.0999999
v 2 6.4 -4.76837e-07
v 2 6.5 -4.76837e-07
v 2 6.5 -0.1
v 2.1 3.4 1.5
v 2.1 3.4 1.3
v 2.1 3.6 1.5
v 2.1 3.6 1.3
v 2.1 3.7 1.8
v 2.1 3.7 1.7
v 2.1 3.8 1.8
v 2.1 3.8 1.7
v 2.1 3.9 2.1
v 2.1 3.9 2
v 2.1 3.9 1.9
v 2.1 4 2.1
v 2.1 4 2
v 2.1 4 1.9
v 2.1 4 1.8
v 2.1 4 1.7
v 2.1 4.1 2.1
v 2.1 4.1 2
v 2.1 4.1 1.9
v 2.1 4.1 1.8
v 2.1 4.1 1.7
v 2.1 4.4 2
v 2.1 4.4 1.8
v 2.1 4.6 2
v 2.1 4.6 1.8
v 2.1 5.5 1.1
v 2.1 5.5 0.3
v 2.1 5.5 0.0999999
v 2.1 5.7 0.4
v 2.1 5.7 0.3
v 2.1 5.7 0.0999999
v 2.1 5.8 1.5
v 2.1 5.8 1.2
v 2.1 5.8 1.1
v 2.1 5.8 0.4
v 2.1 5.8 0.3
v 2.1 5.8 0.2
v 2.1 5.8 0.0999999
v 2.1 6.1 1.5
v 2.1 6.1 1.3
v 2.1 6.2 1.4
v 2.1 6.2 1.3
v 2.1 6.2 1.2
v 2.1 6.2 0.2
v 2.1 6.2 0.0999999
v 2.1 6.3 1.5
v 2.1 6.3 1.4
v 2.1 6.4 0.2
v 2.1 6.4 0.0999999
v 2.1 6.7 0.5
v 2.1 6.7 0.0999999
v 2.1 6.8 1.5
v 2.1 6.8 1.4
v 2.1 6.8 0.5
v 2.1 6.8 0.0999999
v 2.2 3.8 1.9
v 2.2 3.8 1.7
v 2.2 4 1.9
v 2.2 4 1.7
v 2.2 6.4 1.4
v 2.2 6.4 1.2
v 2.2 6.6 1.3
v 2.2 6.6 1.2
v 2.2 6.7 1.3
v 2.2 6.7 0.5
v 2.2 7 1.4
v 2.2 7 0.5
v 2.3 5.8 1.2
v 2.3 5.8 0.2
v 2.3 6.1 1.2
v 2.3 6.1 0.8
v 2.3 6.4 0.9
v 2.3 6.4 0.8
v 2.3 6.4 0.3
v 2.3 6.4 0.2
v 2.3 6.5 1.2
v 2.3 6.5 1.1
v 2.3 6.5 0.9
v 2.3 6.6 1.2
v 2.3 6.6 1.1
v 2.3 6.7 1.1
v 2.3 6.7 0.3
v 2.4 6.1 1.4
v 2.4 6.1 1.3
v 2.4 6.3 1.3
v 2.4 6.4 1.4
v 2.4 6.4 1.3
v 2.4 6.4 0.3
v 2.4 6.4 -4.76837e-07
v 2.4 6.6 1.3
v 2.4 6.6 1.2
v 2.4 6.7 1.3
v 2.4 6.7 1.2
v 2.4 6.7 0.3
v 2.4 6.7 -4.76837e-07
v 2.5 6.1 1.3
v 2.5 6.1 0.9
v 2.5 6.1 0.8
v 2.5 6.2 1
v 2.5 6.2 0.9
v 2.5 6.3 1.3
v 2.5 6.3 1.2
v 2.5 6.3 1
v 2.5 6.3 0.9
v 2.5 6.4 1.3
v 2.5 6.4 1.2
v 2.5 6.4 0.9
v 2.5 6.4 0.8
v 2.5 6.6 1.2
v 2.5 6.6 1.1
v 2.5 6.7 1.2
v 2.5 6.7 1.1
v 2.6 6.3 1.2
v 2.6 6.3 0.9
v 2.6 6.5 1.2
v 2.6 6.5 0.9
v -1.1 4.8 4.1
v -1.1 5 4.1
v -0.9 4.8 4.1
v -0.9 5 4.1
v -1.1 5 4
v -1.1 5.1 4
v -1 5 4
v -1 5.1 4
v -1 5.3 4
v -0.7 5.1 4
v -0.7 5.3 4
v -1.4 4.8 3.9
v -1.4 5 3.9
v -1.1 4.8 3.9
v -1.1 5 3.9
v -1.1 5.1 3.9
v -1.1 5.2 3.9
v -1.1 5.3 3.9
v -1 5 3.9
v -1 5.1 3.9
v -1 5.2 3.9
v -1 5.3 3.9
v -0.9 5 3.9
v -0.8 5 3.9
v -0.8 5.1 3.9
v -1.4 5 3.8
v -1.4 5.1 3.8
v -1.2 5.1 3.8
v -1.2 5.2 3.8
v -1.1 5 3.8
v -1.1 5.1 3.8
v -1.1 5.2 3.8
v -2.7 5.5 3.7
v -2.7 5.7 3.7
v -2.6 5.4 3.7
v -2.6 5.5 3.7
v -2.5 5.2 3.7
v -2.5 5.4 3.7
v -2.5 5.6 3.7
v -2.5 5.7 3.7
v -2.2 5.2 3.7
v -2.2 5.6 3.7
v -2.1 5.5 3.7
v -2.1 5.6 3.7
v -1.9 5.2 3.7
v -1.9 5.5 3.7
v -1.4 5.1 3.7
v -1.4 5.2 3.7
v -1.3 5.2 3.7
v -1.3 5.5 3.7
v -1.2 5.1 3.7
v -1.2 5.2 3.7
v -1.1 5.2 3.7
v -1.1 5.3 3.7
v -0.9 5.3 3.7
v -0.9 5.5 3.7
v -2.5 5.6 3.6
v -2.5 5.7 3.6
v -2.3 5.7 3.6
v -2.3 5.8 3.6
v -2.2 5.6 3.6
v -2.1 5.5 3.6
v -2.1 5.6 3.6
v -1.9 5.3 3.6
v -1.9 5.5 3.6
v -1.7 5.3 3.6
v -1.7 5.4 3.6
v -1.7 5.5 3.6
v -1.7 5.6 3.6
v -1.6 5.4 3.6
v -1.6 5.5 3.6
v -1.6 5.8 3.6
v -1.5 5 3.6
v -1.5 5.2 3.6
v -1.4 5 3.6
v -1.4 5.2 3.6
v -1.4 5.5 3.6
v -1.3 5.2 3.6
v -1.3 5.5 3.6
v -0.6 4.6 3.6
v -0.6 4.7 3.6
v -0.4 4.7 3.6
v -0.4 4.9 3.6
v -0.3 4.6 3.6
v -0.3 4.7 3.6
v -0.3 4.9 3.6
v -0.3 5 3.6
v -0.0999999 4.8 3.6
v -0.0999999 4.9 3.6
v 0.1 4.8 3.6
v 0.1 4.9 3.6
v 0.1 5 3.6
v 0.3 4.7 3.6
v 0.3 4.9 3.6
v -2.6 5.2 3.5
v -2.6 5.3 3.5
v -2.6 5.6 3.5
v -2.6 5.9 3.5
v -2.5 5.2 3.5
v -2.5 5.3 3.5
v -2.5 5.6 3.5
v -2.5 5.7 3.5
v -2.4 5.7 3.5
v -2.4 5.9 3.5
v -2 5.8 3.5
v -2 6 3.5
v -1.9 5.2 3.5
v -1.9 5.3 3.5
v -1.7 5.2 3.5
v -1.7 5.3 3.5
v -1.7 5.4 3.5
v -1.6 5.2 3.5
v -1.6 5.3 3.5
v -1.6 5.4 3.5
v -1.6 5.5 3.5
v -1.6 5.8 3.5
v -1.6 5.9 3.5
v -1.6 6 3.5
v -1.5 5.3 3.5
v -1.5 5.5 3.5
v -1.4 5.3 3.5
v -1.4 5.5 3.5
v -1.4 5.6 3.5
v -1.4 5.9 3.5
v -1 5.5 3.5
v -1 5.6 3.5
v -0.8 4.7 3.5
v -0.8 4.8 3.5
v -0.7 4.6 3.5
v -0.7 4.7 3.5
v -0.6 4.6 3.5
v -0.6 4.7 3.5
v -0.4 4.7 3.5
v -0.4 4.8 3.5
v -0.4 4.9 3.5
v -0.4 5 3.5
v -0.3 4.6 3.5
v -0.3 4.7 3.5
v -0.3 4.9 3.5
v -0.3 5 3.5
v -0.2 4.6 3.5
v -0.2 4.7 3.5
v 0 4.5 3.5
v 0 4.7 3.5
v 0.3 4.7 3.5
v 0.3 4.8 3.5
v 0.6 4.5 3.5
v 0.6 4.8 3.5
v -2.4 5 3.4
v -2.4 5.2 3.4
v -2.4 5.7 3.4
v -2.4 5.9 3.4
v -2.4 6 3.4
v -2.3 5.7 3.4
v -2.3 5.8 3.4
v -2.2 5.2 3.4
v -2.1 5.1 3.4
v -2.1 5.2 3.4
v -2 5 3.4
v -2 5.1 3.4
v -2 5.2 3.4
v -2 5.8 3.4
v -2 6 3.4
v -1.7 5.2 3.4
v -1.6 5.2 3.4
v -1.6 5.3 3.4
v -1.6 5.9 3.4
v -1.6 6 3.4
v -1.5 5.1 3.4
v -1.5 5.2 3.4
v -1.5 5.3 3.4
v -1.5 5.9 3.4
v -1.5 6 3.4
v -1.4 5.2 3.4
v -1.4 5.3 3.4
v -1.4 5.6 3.4
v -1.4 5.7 3.4
v -1.2 5.6 3.4
v -1.2 5.7 3.4
v -0.5 4.6 3.4
v -0.5 4.7 3.4
v -0.5 4.8 3.4
v -0.5 4.9 3.4
v -0.4 4.6 3.4
v -0.4 4.7 3.4
v -0.4 4.8 3.4
v -0.4 4.9 3.4
v -0.3 4.3 3.4
v -0.3 4.5 3.4
v -0.2 4.3 3.4
v -0.2 4.5 3.4
v -0.0999999 5 3.4
v -0.0999999 5.1 3.4
v 0.1 4.9 3.4
v 0.1 5 3.4
v 0.2 5 3.4
v 0.2 5.1 3.4
v 0.3 4.8 3.4
v 0.3 4.9 3.4
v 0.3 5 3.4
v 0.4 4.8 3.4
v 0.4 4.9 3.4
v -2 5 3.3
v -2 5.1 3.3
v -1.9 5 3.3
v -1.9 5.1 3.3
v -1.4 5.1 3.3
v -1.4 5.2 3.3
v -1.2 4.7 3.3
v -1.2 4.8 3.3
v -1.2 4.9 3.3
v -1.2 5.1 3.3
v -1.2 5.2 3.3
v -1.1 4.8 3.3
v -1.1 4.9 3.3
v -0.9 4.7 3.3
v -0.9 4.8 3.3
v -0.5 4.4 3.3
v -0.5 4.5 3.3
v -0.3 4.4 3.3
v -0.3 4.5 3.3
v -0.3 4.6 3.3
v -0.2 4.4 3.3
v -0.2 4.5 3.3
v -0.2 4.6 3.3
v -0.2 4.7 3.3
v 0 4.5 3.3
v 0 4.7 3.3
v 0 4.9 3.3
v 0 5 3.3
v 0 5.1 3.3
v 0 5.2 3.3
v 0.1 4.9 3.3
v 0.1 5 3.3
v 0.2 5.1 3.3
v 0.2 5.2 3.3
v 0.3 4.9 3.3
v 0.3 5 3.3
v 0.3 5.1 3.3
v 0.4 4.4 3.3
v 0.4 4.5 3.3
v 0.4 4.9 3.3
v 0.4 5 3.3
v 0.4 5.1 3.3
v -2.5 5.5 3.2
v -2.5 5.6 3.2
v -2.4 5.5 3.2
v -2.4 5.6 3.2
v -2.4 6 3.2
v -2.4 6.1 3.2
v -2.1 6 3.2
v -2.1 6.1 3.2
v -2 4.9 3.2
v -2 5 3.2
v -1.9 4.8 3.2
v -1.9 4.9 3.2
v -1.9 5 3.2
v -1.9 5.1 3.2
v -1.8 4.9 3.2
v -1.8 5.1 3.2
v -1.6 4.8 3.2
v -1.6 4.9 3.2
v -1.4 4.5 3.2
v -1.4 4.7 3.2
v -1.3 4.7 3.2
v -1.3 4.8 3.2
v -1.2 4.5 3.2
v -1.2 4.6 3.2
v -1.2 4.7 3.2
v -1.2 4.8 3.2
v -1.1 4.6 3.2
v -1.1 4.7 3.2
v -0.5 4.5 3.2
v -0.5 4.6 3.2
v -0.3 4.5 3.2
v -0.3 4.6 3.2
v 0 5.2 3.2
v 0 5.4 3.2
v 0.2 4.3 3.2
v 0.2 4.4 3.2
v 0.2 5.2 3.2
v 0.2 5.4 3.2
v 0.4 4.3 3.2
v 0.4 4.4 3.2
v 0.4 4.8 3.2
v 0.4 5 3.2
v 0.5 5 3.2
v 0.5 5.1 3.2
v 0.6 4.8 3.2
v 0.6 5 3.2
v 0.6 5.1 3.2
v -2.3 6.1 3.1
v -2.3 6.2 3.1
v -2.2 6.1 3.1
v -2.2 6.2 3.1
v -2.1 6 3.1
v -2.1 6.1 3.1
v -1.9 4.7 3.1
v -1.9 4.8 3.1
v -1.8 6 3.1
v -1.8 6.1 3.1
v -1.6 4.7 3.1
v -1.6 4.8 3.1
v -1.5 4.4 3.1
v -1.5 4.6 3.1
v -1.5 6 3.1
v -1.5 6.1 3.1
v -1.4 4.5 3.1
v -1.4 4.6 3.1
v -1.4 5.7 3.1
v -1.4 5.9 3.1
v -1.3 4.4 3.1
v -1.3 4.5 3.1
v -1.2 5.7 3.1
v -1.2 5.9 3.1
v -0.2 5 3.1
v -0.2 5.2 3.1
v -0.0999999 5 3.1
v -0.0999999 5.1 3.1
v 0 4.3 3.1
v 0 4.4 3.1
v 0 5.1 3.1
v 0 5.2 3.1
v 0.2 4.3 3.1
v 0.2 4.4 3.1
v 0.4 5 3.1
v 0.4 5.1 3.1
v 0.4 5.2 3.1
v 0.5 5 3.1
v 0.5 5.1 3.1
v 0.5 5.2 3.1
v 0.6 5 3.1
v 0.6 5.1 3.1
v 0.7 5 3.1
v 0.7 5.1 3.1
v -2.2 6.1 3
v -2.2 6.2 3
v -2 6.1 3
v -2 6.2 3
v -1.8 4.5 3
v -1.8 4.7 3
v -1.7 4.5 3
v -1.7 4.7 3
v -1.5 4.3 3
v -1.5 4.4 3
v -1.4 4.3 3
v -1.4 4.4 3
v 0.2 5 3
v 0.2 5.1 3
v 0.3 5 3
v 0.3 5.1 3
v 0.6 4 3
v 0.6 4.2 3
v 0.6 4.6 3
v 0.6 4.7 3
v 0.7 4.6 3
v 0.7 4.7 3
v 0.8 4.2 3
v 0.8 4.3 3
v 1.2 4 3
v 1.2 4.3 3
v -2.6 5.5 2.9
v -2.6 5.8 2.9
v -2.5 5.4 2.9
v -2.5 5.5 2.9
v -2.5 5.7 2.9
v -2.5 5.8 2.9
v -2.4 5.4 2.9
v -2.4 5.6 2.9
v -2.4 5.7 2.9
v -2.4 5.8 2.9
v -2.4 6 2.9
v -2.4 6.1 2.9
v -2.3 6 2.9
v -2.3 6.1 2.9
v -1.7 4.4 2.9
v -1.7 4.5 2.9
v -1.7 4.7 2.9
v -1.6 4.4 2.9
v -1.6 4.7 2.9
v -0.4 4.5 2.9
v -0.4 4.6 2.9
v -0.3 4.5 2.9
v -0.3 4.6 2.9
v -0.0999999 4.3 2.9
v -0.0999999 4.4 2.9
v 0 4.3 2.9
v 0 4.4 2.9
v 0.6 4.5 2.9
v 0.6 4.6 2.9
v 0.6 4.7 2.9
v 0.6 5 2.9
v 0.7 3.9 2.9
v 0.7 4 2.9
v 0.7 4.6 2.9
v 0.7 4.7 2.9
v 0.7 4.8 2.9
v 0.7 5 2.9
v 0.8 4.5 2.9
v 0.8 4.8 2.9
v 1 3.9 2.9
v 1 4 2.9
v -2.4 6.1 2.8
v -2.4 6.2 2.8
v -2.3 6.1 2.8
v -2.3 6.2 2.8
v -2.2 0 2.8
v -2.2 0.1 2.8
v -2.1 0 2.8
v -2.1 0.1 2.8
v -1.7 4.2 2.8
v -1.7 4.4 2.8
v -1.6 4.2 2.8
v -1.6 4.4 2.8
v -1.5 4.3 2.8
v -1.5 4.4 2.8
v -1.4 4.2 2.8
v -1.4 4.3 2.8
v -0.5 4.5 2.8
v -0.5 4.6 2.8
v -0.4 4.5 2.8
v -0.4 4.6 2.8
v 0.7 4.2 2.8
v 0.7 4.3 2.8
v 0.8 3.8 2.8
v 0.8 3.9 2.8
v 0.8 4.2 2.8
v 0.8 4.3 2.8
v 1 3.8 2.8
v 1 3.9 2.8
v 1 4 2.8
v 1.1 0 2.8
v 1.1 0.1 2.8
v 1.1 3.9 2.8
v 1.1 4 2.8
v 1.2 0 2.8
v 1.2 0.1 2.8
v 1.2 4 2.8
v 1.2 4.3 2.8
v 1.3 3.7 2.8
v 1.3 4 2.8
v 1.3 4.2 2.8
v 1.3 4.3 2.8
v 1.6 4.1 2.8
v 1.6 4.2 2.8
v 1.7 3.7 2.8
v 1.7 4.1 2.8
v -2.5 5.9 2.7
v -2.5 6 2.7
v -2.5 6.2 2.7
v -2.4 5.3 2.7
v -2.4 5.4 2.7
v -2.4 5.7 2.7
v -2.4 5.8 2.7
v -2.4 5.9 2.7
v -2.4 6 2.7
v -2.4 6.2 2.7
v -2.4 6.3 2.7
v -2.3 5.3 2.7
v -2.3 5.9 2.7
v -2.3 6.2 2.7
v -2.3 6.3 2.7
v -1.6 4.1 2.7
v -1.6 4.2 2.7
v -1.4 4.1 2.7
v -1.4 4.2 2.7
v -0.4 4.4 2.7
v -0.4 4.5 2.7
v -0.3 4.4 2.7
v -0.3 4.5 2.7
v 0.7 3.8 2.7
v 0.7 3.9 2.7
v 0.8 3.8 2.7
v 0.8 3.9 2.7
v 0.9 0 2.7
v 0.9 0.1 2.7
v 0.9 4.3 2.7
v 0.9 4.4 2.7
v 1.1 0 2.7
v 1.1 0.1 2.7
v 1.1 4.3 2.7
v 1.1 4.4 2.7
v 1.3 4.2 2.7
v 1.3 4.3 2.7
v 1.5 4.2 2.7
v 1.5 4.3 2.7
v 1.6 4.1 2.7
v 1.6 4.2 2.7
v 1.7 4 2.7
v 1.7 4.1 2.7
v 1.9 4 2.7
v 1.9 4.1 2.7
v 1.9 4.3 2.7
v 2 4 2.7
v 2 4.1 2.7
v 2 4.3 2.7
v -2.6 6.3 2.6
v -2.6 6.4 2.6
v -2.4 6.3 2.6
v -2.3 6.3 2.6
v -2.3 6.4 2.6
v -2 0 2.6
v -2 0.1 2.6
v -1.9 0 2.6
v -1.9 0.1 2.6
v -1.4 4.1 2.6
v -1.4 4.3 2.6
v -1.3 4.1 2.6
v -1.3 4.3 2.6
v -0.3 4.4 2.6
v -0.3 4.5 2.6
v -0.3 4.7 2.6
v -0.3 4.9 2.6
v -0.2 4.4 2.6
v -0.2 4.5 2.6
v -0.2 4.7 2.6
v -0.2 4.9 2.6
v 0.5 0 2.6
v 0.5 0.1 2.6
v 0.7 3.7 2.6
v 0.7 3.8 2.6
v 0.8 3.6 2.6
v 0.8 3.7 2.6
v 0.9 0 2.6
v 0.9 0.1 2.6
v 0.9 3.6 2.6
v 0.9 3.8 2.6
v -1.5 4 2.5
v -1.5 4.1 2.5
v -1.3 4.1 2.5
v -1.3 4.2 2.5
v -1.2 4 2.5
v -1.2 4.2 2.5
v -1.1 4 2.5
v -1.1 4.2 2.5
v -0.4 4.3 2.5
v -0.4 4.4 2.5
v -0.2 4.3 2.5
v -0.2 4.4 2.5
v 0.4 0 2.5
v 0.4 0.2 2.5
v 0.5 0 2.5
v 0.5 0.1 2.5
v 0.7 3.6 2.5
v 0.7 3.7 2.5
v 0.8 0.1 2.5
v 0.8 0.2 2.5
v 0.8 3.6 2.5
v 0.8 3.7 2.5
v 1.1 4.3 2.5
v 1.1 4.4 2.5
v 1.3 3.6 2.5
v 1.3 3.7 2.5
v 1.5 4.3 2.5
v 1.5 4.4 2.5
v 1.7 3.3 2.5
v 1.7 3.6 2.5
v 1.7 3.7 2.5
v 1.7 4 2.5
v 1.8 3.3 2.5
v 1.8 3.5 2.5
v 1.8 3.9 2.5
v 1.8 4 2.5
v 1.9 3.5 2.5
v 1.9 3.9 2.5
v 1.9 4 2.5
v -2.8 6.3 2.4
v -2.8 6.5 2.4
v -2.7 6.1 2.4
v -2.7 6.3 2.4
v -2.6 6.1 2.4
v -2.6 6.3 2.4
v -2.6 6.4 2.4
v -2.6 6.5 2.4
v -2.5 5.3 2.4
v -2.5 5.5 2.4
v -2.5 5.7 2.4
v -2.5 5.9 2.4
v -2.5 6.1 2.4
v -2.5 6.2 2.4
v -2.4 5.3 2.4
v -2.4 5.5 2.4
v -2.4 5.7 2.4
v -2.4 5.9 2.4
v -2.4 6.2 2.4
v -2.4 6.3 2.4
v -2.4 6.4 2.4
v -2.4 6.5 2.4
v -2.3 6.1 2.4
v -2.3 6.2 2.4
v -1.9 0 2.4
v -1.9 0.1 2.4
v -1.9 0.2 2.4
v -1.8 6.1 2.4
v -1.8 6.2 2.4
v -1.7 0.1 2.4
v -1.7 0.2 2.4
v -1.6 6.1 2.4
v -1.6 6.2 2.4
v -1.5 0 2.4
v -1.5 0.1 2.4
v -0.5 4.3 2.4
v -0.5 4.5 2.4
v -0.4 4.3 2.4
v -0.4 4.5 2.4
v 0.5 0.2 2.4
v 0.5 0.3 2.4
v 0.7 0.2 2.4
v 0.7 0.3 2.4
v 0.7 3.4 2.4
v 0.7 3.6 2.4
v 0.8 3.3 2.4
v 0.8 3.4 2.4
v 0.9 3.3 2.4
v 0.9 3.6 2.4
v 1.8 3.4 2.4
v 1.8 3.5 2.4
v 1.9 3.4 2.4
v 1.9 3.5 2.4
v -2.9 6.4 2.3
v -2.9 6.5 2.3
v -2.8 6.4 2.3
v -2.8 6.5 2.3
v -2.7 6 2.3
v -2.7 6.1 2.3
v -2.6 5.9 2.3
v -2.6 6 2.3
v -2.6 6.1 2.3
v -2.5 5.9 2.3
v -2.4 5.9 2.3
v -2.4 6 2.3
v -2.4 6.1 2.3
v -2.4 6.3 2.3
v -2.4 6.4 2.3
v -2.3 6.2 2.3
v -2.3 6.3 2.3
v -2.2 5.1 2.3
v -2.2 5.3 2.3
v -2.2 6.2 2.3
v -2.2 6.4 2.3
v -1.7 4.2 2.3
v -1.7 4.4 2.3
v -1.6 4.2 2.3
v -1.6 4.3 2.3
v -1.5 4 2.3
v -1.5 4.1 2.3
v -1.5 4.3 2.3
v -1.5 4.4 2.3
v -1.4 4 2.3
v -1.4 4.1 2.3
v -1.4 5.6 2.3
v -1.4 5.8 2.3
v -1.3 5.1 2.3
v -1.3 5.3 2.3
v -1.3 5.6 2.3
v -1.3 5.8 2.3
v -1.2 3.8 2.3
v -1.2 4 2.3
v -1.1 4 2.3
v -1.1 4.1 2.3
v -1 3.8 2.3
v -1 4.1 2.3
v -0.6 4.2 2.3
v -0.6 4.4 2.3
v -0.5 4.3 2.3
v -0.5 4.4 2.3
v -0.4 4.2 2.3
v -0.4 4.3 2.3
v 0 0 2.3
v 0 0.2 2.3
v 0.3 0 2.3
v 0.3 0.2 2.3
v 0.4 0 2.3
v 0.4 0.2 2.3
v 0.7 3.2 2.3
v 0.7 3.4 2.3
v 0.8 3.3 2.3
v 0.8 3.4 2.3
v 0.9 3.2 2.3
v 0.9 3.3 2.3
v 1 3.9 2.3
v 1 4.2 2.3
v 1.1 4.2 2.3
v 1.3 3.9 2.3
v 1.3 4.2 2.3
v 1.4 4.4 2.3
v 1.4 4.5 2.3
v 1.5 4.4 2.3
v 1.7 4.4 2.3
v 1.7 4.5 2.3
v -2.4 5.9 2.2
v -2.4 6 2.2
v -2.3 5.9 2.2
v -2.3 6 2.2
v -2 4.6 2.2
v -2 4.7 2.2
v -1.9 4.4 2.2
v -1.9 4.6 2.2
v -1.8 4.6 2.2
v -1.8 4.7 2.2
v -1.7 0.1 2.2
v -1.7 0.2 2.2
v -1.7 4.4 2.2
v -1.7 4.5 2.2
v -1.7 4.6 2.2
v -1.6 0.1 2.2
v -1.6 0.2 2.2
v -1.6 4.4 2.2
v -1.6 4.5 2.2
v -1.5 4.2 2.2
v -1.5 4.3 2.2
v -1.4 4.2 2.2
v -1.4 4.3 2.2
v -1 3.8 2.2
v -1 4 2.2
v -0.9 3.8 2.2
v -0.9 4 2.2
v -0.7 4.1 2.2
v -0.7 4.2 2.2
v -0.7 4.4 2.2
v -0.6 4.1 2.2
v -0.6 4.2 2.2
v -0.6 4.4 2.2
v -0.5 4.1 2.2
v -0.5 4.2 2.2
v 0.1 0.2 2.2
v 0.1 0.3 2.2
v 0.3 0.2 2.2
v 0.3 0.3 2.2
v 0.4 0.2 2.2
v 0.4 0.3 2.2
v 0.5 0.2 2.2
v 0.5 0.3 2.2
v 0.6 0 2.2
v 0.6 0.1 2.2
v 0.7 0.1 2.2
v 0.7 0.2 2.2
v 0.7 3.1 2.2
v 0.7 3.2 2.2
v 0.8 0 2.2
v 0.8 0.2 2.2
v 0.9 3.1 2.2
v 0.9 3.2 2.2
v 1.2 3.7 2.2
v 1.2 3.9 2.2
v 1.3 3.7 2.2
v 1.3 3.9 2.2
v 1.5 4.2 2.2
v 1.5 4.4 2.2
v 1.7 4.4 2.2
v 1.7 4.5 2.2
v 1.7 4.6 2.2
v 1.8 4.5 2.2
v 1.8 4.6 2.2
v 1.9 4.2 2.2
v 1.9 4.3 2.2
v 2 4.2 2.2
v 2 4.3 2.2
v 2 4.5 2.2
v -2.4 5.1 2.1
v -2.4 5.2 2.1
v -2.3 4.8 2.1
v -2.3 5.1 2.1
v -2.2 5.1 2.1
v -2.2 5.2 2.1
v -2.1 4.7 2.1
v -2.1 4.8 2.1
v -2 4.7 2.1
v -2 4.9 2.1
v -2 5.1 2.1
v -1.9 4.7 2.1
v -1.9 4.9 2.1
v -1.6 0.1 2.1
v -1.6 0.2 2.1
v -1.5 0.1 2.1
v -1.4 0.1 2.1
v -1.4 0.2 2.1
v -1.1 3.7 2.1
v -1.1 3.8 2.1
v -0.9 3.7 2.1
v -0.9 3.8 2.1
v -0.8 4 2.1
v -0.8 4.2 2.1
v -0.7 4.1 2.1
v -0.7 4.2 2.1
v -0.6 4 2.1
v -0.6 4.1 2.1
v 0.6 2.9 2.1
v 0.6 3.2 2.1
v 0.7 3.1 2.1
v 0.7 3.2 2.1
v 0.8 2.9 2.1
v 0.8 3 2.1
v 0.9 3 2.1
v 0.9 3.1 2.1
v 1.5 3.5 2.1
v 1.5 3.6 2.1
v 1.6 3.5 2.1
v 1.6 3.6 2.1
v 1.9 3.9 2.1
v 1.9 4 2.1
v 1.9 4.2 2.1
v 2 4.1 2.1
v 2 4.2 2.1
v 2.1 3.9 2.1
v 2.1 4 2.1
v 2.1 4.1 2.1
v -0.9 3.6 2
v -0.9 3.7 2
v -0.9 3.8 2
v -0.9 4 2
v -0.9 4.2 2
v -0.8 3.6 2
v -0.8 3.8 2
v -0.8 4 2
v -0.8 4.2 2
v 0.7 2.8 2
v 0.7 2.9 2
v 0.8 2.9 2
v 0.8 3 2
v 0.9 2.8 2
v 0.9 3 2
v 0.9 3.2 2
v 0.9 3.8 2
v 0.9 3.9 2
v 1 3 2
v 1 3.2 2
v 1.2 3.8 2
v 1.2 3.9 2
v 1.3 3.4 2
v 1.3 3.6 2
v 1.5 3.5 2
v 1.5 3.6 2
v 1.6 3.5 2
v 1.6 3.6 2
v 1.7 3.4 2
v 1.7 3.6 2
v 1.9 4.5 2
v 1.9 4.6 2
v 2 4.4 2
v 2 4.5 2
v 2.1 4.4 2
v 2.1 4.6 2
v -1.5 0 1.9
v -1.5 0.1 1.9
v -1.5 0.2 1.9
v -1.5 0.3 1.9
v -1.4 0.1 1.9
v -1.4 0.2 1.9
v -1.3 0.2 1.9
v -1.3 0.3 1.9
v -1.2 0 1.9
v -1.2 0.2 1.9
v -1.1 0 1.9
v -1.1 0.2 1.9
v -0.8 3.4 1.9
v -0.8 3.5 1.9
v -0.8 3.6 1.9
v -0.8 3.8 1.9
v -0.8 3.9 1.9
v -0.6 3.4 1.9
v -0.6 3.5 1.9
v -0.6 3.6 1.9
v -0.6 3.8 1.9
v -0.6 3.9 1.9
v 0.2 0 1.9
v 0.2 0.1 1.9
v 0.2 0.3 1.9
v 0.2 0.5 1.9
v 0.3 0 1.9
v 0.3 0.1 1.9
v 0.3 0.3 1.9
v 0.4 0 1.9
v 0.4 0.1 1.9
v 0.4 0.2 1.9
v 0.4 0.3 1.9
v 0.6 2.7 1.9
v 0.6 2.8 1.9
v 0.6 2.9 1.9
v 0.7 0.1 1.9
v 0.7 0.2 1.9
v 0.7 2.8 1.9
v 0.7 2.9 1.9
v 0.8 2.7 1.9
v 0.8 2.8 1.9
v 0.9 0 1.9
v 0.9 0.5 1.9
v 0.9 2.8 1.9
v 0.9 3 1.9
v 1 2.8 1.9
v 1 3 1.9
v 1 3.2 1.9
v 1 3.3 1.9
v 1.2 3 1.9
v 1.2 3.3 1.9
v 1.3 3.2 1.9
v 1.3 3.4 1.9
v 1.8 3.2 1.9
v 1.8 3.4 1.9
v 2 3.8 1.9
v 2 3.9 1.9
v 2.1 3.9 1.9
v 2.1 4 1.9
v 2.2 3.8 1.9
v 2.2 4 1.9
v -0.6 3.4 1.8
v -0.6 3.5 1.8
v -0.6 3.6 1.8
v -0.6 3.8 1.8
v -0.5 3.4 1.8
v -0.5 3.5 1.8
v -0.5 3.6 1.8
v -0.5 3.8 1.8
v -0.3 0.1 1.8
v -0.3 0.2 1.8
v -0.0999999 0.1 1.8
v -0.0999999 0.2 1.8
v 0.1 0 1.8
v 0.1 0.1 1.8
v 0.2 0 1.8
v 0.2 0.1 1.8
v 0.6 2.6 1.8
v 0.6 2.7 1.8
v 0.7 2.5 1.8
v 0.7 2.6 1.8
v 0.8 2.5 1.8
v 0.8 2.7 1.8
v 0.8 2.8 1.8
v 0.8 5.5 1.8
v 0.8 5.7 1.8
v 0.9 2.7 1.8
v 0.9 2.8 1.8
v 0.9 5.5 1.8
v 0.9 5.7 1.8
v 1.1 3.3 1.8
v 1.1 3.5 1.8
v 1.2 3.1 1.8
v 1.2 3.3 1.8
v 1.3 3.2 1.8
v 1.3 3.5 1.8
v 1.5 3.1 1.8
v 1.5 3.2 1.8
v 1.8 3.2 1.8
v 1.8 3.6 1.8
v 1.9 3.2 1.8
v 1.9 3.6 1.8
v 1.9 3.7 1.8
v 1.9 3.9 1.8
v 2 3.8 1.8
v 2 3.9 1.8
v 2 4 1.8
v 2 4.1 1.8
v 2.1 3.7 1.8
v 2.1 3.8 1.8
v 2.1 4 1.8
v 2.1 4.1 1.8
v -2.3 5.3 1.7
v -2.3 5.6 1.7
v -2.1 5.3 1.7
v -2.1 5.6 1.7
v -1.3 0.2 1.7
v -1.3 0.3 1.7
v -1.2 0.2 1.7
v -1.2 0.3 1.7
v -1.1 0 1.7
v -1.1 0.1 1.7
v -1.1 0.2 1.7
v -1.1 0.3 1.7
v -1 0 1.7
v -1 0.1 1.7
v -0.8 0 1.7
v -0.8 0.1 1.7
v -0.7 2.8 1.7
v -0.7 3 1.7
v -0.7 3.1 1.7
v -0.7 3.4 1.7
v -0.5 0 1.7
v -0.5 0.4 1.7
v -0.5 3.4 1.7
v -0.5 3.5 1.7
v -0.5 3.6 1.7
v -0.5 3.8 1.7
v -0.4 0 1.7
v -0.4 0.4 1.7
v -0.4 0.6 1.7
v -0.4 0.7 1.7
v -0.4 2.8 1.7
v -0.4 3 1.7
v -0.4 3.1 1.7
v -0.4 3.5 1.7
v -0.4 3.6 1.7
v -0.4 3.8 1.7
v -0.3 0.1 1.7
v -0.3 0.2 1.7
v -0.3 0.6 1.7
v -0.3 0.7 1.7
v -0.2 0 1.7
v -0.2 0.1 1.7
v -0.2 0.2 1.7
v -0.2 0.3 1.7
v -0.2 0.5 1.7
v -0.2 0.7 1.7
v -0.0999999 0 1.7
v -0.0999999 0.1 1.7
v -0.0999999 0.2 1.7
v -0.0999999 0.3 1.7
v -0.0999999 0.5 1.7
v -0.0999999 0.6 1.7
v -0.0999999 1 1.7
v 0 0.1 1.7
v 0 0.2 1.7
v 0 0.6 1.7
v 0 0.8 1.7
v 0.1 0 1.7
v 0.1 0.1 1.7
v 0.1 0.2 1.7
v 0.1 0.6 1.7
v 0.1 0.8 1.7
v 0.1 1 1.7
v 0.1 2.3 1.7
v 0.1 2.5 1.7
v 0.2 0.2 1.7
v 0.2 0.5 1.7
v 0.2 0.6 1.7
v 0.2 1 1.7
v 0.4 0.5 1.7
v 0.4 1 1.7
v 0.5 2.5 1.7
v 0.5 2.7 1.7
v 0.6 2.3 1.7
v 0.6 2.4 1.7
v 0.6 2.6 1.7
v 0.6 2.7 1.7
v 0.6 5.6 1.7
v 0.6 5.8 1.7
v 0.6 5.9 1.7
v 0.7 2.4 1.7
v 0.7 2.5 1.7
v 0.7 2.6 1.7
v 0.7 2.9 1.7
v 0.7 3 1.7
v 0.7 5.7 1.7
v 0.7 5.8 1.7
v 0.7 5.9 1.7
v 0.8 2.9 1.7
v 0.8 3 1.7
v 0.8 5.6 1.7
v 0.8 5.7 1.7
v 0.9 5.7 1.7
v 0.9 5.8 1.7
v 1 2.9 1.7
v 1 3.1 1.7
v 1 3.2 1.7
v 1 5.7 1.7
v 1 5.9 1.7
v 1 6.3 1.7
v 1 6.4 1.7
v 1.1 3.1 1.7
v 1.1 3.2 1.7
v 1.1 6.2 1.7
v 1.1 6.3 1.7
v 1.1 6.4 1.7
v 1.1 6.6 1.7
v 1.3 2.9 1.7
v 1.3 3.1 1.7
v 1.3 6.3 1.7
v 1.3 6.4 1.7
v 1.4 3.8 1.7
v 1.4 3.9 1.7
v 1.4 4 1.7
v 1.4 4.2 1.7
v 1.4 6.3 1.7
v 1.4 6.4 1.7
v 1.5 3.8 1.7
v 1.5 3.9 1.7
v 1.5 4 1.7
v 1.5 4.1 1.7
v 1.6 4.1 1.7
v 1.6 4.2 1.7
v 1.6 6.3 1.7
v 1.6 6.6 1.7
v 1.7 6.2 1.7
v 1.7 6.3 1.7
v 1.9 3.3 1.7
v 1.9 3.7 1.7
v 1.9 4.1 1.7
v 1.9 4.2 1.7
v 2 3.3 1.7
v 2 3.7 1.7
v -0.8 3 1.6
v -0.8 3.4 1.6
v -0.7 0 1.6
v -0.7 0.2 1.6
v -0.7 3 1.6
v -0.7 3.1 1.6
v -0.7 3.4 1.6
v -0.6 0 1.6
v -0.6 0.2 1.6
v -0.6 0.3 1.6
v -0.6 0.4 1.6
v -0.5 0 1.6
v -0.5 0.2 1.6
v -0.5 0.3 1.6
v -0.5 0.4 1.6
v -0.5 0.6 1.6
v -0.4 0.4 1.6
v -0.4 0.6 1.6
v -0.2 0.5 1.6
v -0.2 0.7 1.6
v -0.2 1 1.6
v -0.0999999 0.2 1.6
v -0.0999999 0.3 1.6
v -0.0999999 0.5 1.6
v -0.0999999 0.6 1.6
v -0.0999999 1 1.6
v -0.0999999 1.1 1.6
v -0.0999999 1.8 1.6
v -0.0999999 2.1 1.6
v -0.0999999 2.2 1.6
v 0 0.6 1.6
v 0 0.8 1.6
v 0 1.1 1.6
v 0 1.5 1.6
v 0 1.8 1.6
v 0 2.2 1.6
v 0 2.3 1.6
v 0.1 0.2 1.6
v 0.1 0.6 1.6
v 0.1 0.8 1.6
v 0.1 1 1.6
v 0.1 2.3 1.6
v 0.2 0.6 1.6
v 0.2 1 1.6
v 0.2 1.5 1.6
v 0.2 1.7 1.6
v 0.2 2.1 1.6
v 0.2 2.2 1.6
v 0.2 5.3 1.6
v 0.2 5.7 1.6
v 0.2 5.8 1.6
v 0.2 6.1 1.6
v 0.2 6.3 1.6
v 0.3 2.5 1.6
v 0.3 2.6 1.6
v 0.3 5.7 1.6
v 0.3 5.8 1.6
v 0.3 5.9 1.6
v 0.4 0 1.6
v 0.4 0.1 1.6
v 0.4 0.2 1.6
v 0.4 0.5 1.6
v 0.4 0.8 1.6
v 0.4 1 1.6
v 0.4 5.7 1.6
v 0.4 5.8 1.6
v 0.4 5.9 1.6
v 0.4 6 1.6
v 0.4 6.1 1.6
v 0.4 6.3 1.6
v 0.5 0 1.6
v 0.5 0.1 1.6
v 0.5 0.2 1.6
v 0.5 0.8 1.6
v 0.5 1 1.6
v 0.5 1.7 1.6
v 0.5 2.1 1.6
v 0.5 2.5 1.6
v 0.5 2.6 1.6
v 0.6 2.1 1.6
v 0.6 2.2 1.6
v 0.6 2.3 1.6
v 0.6 5.6 1.6
v 0.6 5.8 1.6
v 0.6 5.9 1.6
v 0.6 6.2 1.6
v 0.6 6.3 1.6
v 0.6 6.4 1.6
v 0.6 6.5 1.6
v 0.7 5.9 1.6
v 0.7 6 1.6
v 0.8 5.5 1.6
v 0.8 5.6 1.6
v 0.8 6.1 1.6
v 0.8 6.2 1.6
v 0.8 6.3 1.6
v 0.8 6.4 1.6
v 0.9 3.1 1.6
v 0.9 3.2 1.6
v 0.9 5.5 1.6
v 0.9 5.7 1.6
v 1 3.1 1.6
v 1 3.2 1.6
v 1 5.6 1.6
v 1 5.7 1.6
v 1 5.8 1.6
v 1 5.9 1.6
v 1 6 1.6
v 1 6.1 1.6
v 1 6.3 1.6
v 1 6.4 1.6
v 1.1 5.3 1.6
v 1.1 5.6 1.6
v 1.1 5.8 1.6
v 1.1 5.9 1.6
v 1.1 6 1.6
v 1.1 6.2 1.6
v 1.1 6.3 1.6
v 1.1 6.4 1.6
v 1.1 6.5 1.6
v 1.2 6.6 1.6
v 1.2 6.8 1.6
v 1.4 6.7 1.6
v 1.4 6.8 1.6
v 1.6 6 1.6
v 1.6 6.2 1.6
v 1.6 6.6 1.6
v 1.6 6.7 1.6
v 1.6 6.8 1.6
v 1.8 6.3 1.6
v 1.8 6.4 1.6
v 1.9 6.3 1.6
v 1.9 6.4 1.6
v -1 0.1 1.5
v -1 0.2 1.5
v -0.9 0.1 1.5
v -0.9 0.2 1.5
v -0.8 0.1 1.5
v -0.8 0.4 1.5
v -0.8 0.5 1.5
v -0.7 0.1 1.5
v -0.7 0.2 1.5
v -0.7 0.4 1.5
v -0.7 0.5 1.5
v -0.6 0.2 1.5
v -0.6 0.3 1.5
v -0.6 0.4 1.5
v -0.6 0.5 1.5
v -0.6 2.7 1.5
v -0.6 2.8 1.5
v -0.5 0.2 1.5
v -0.5 0.3 1.5
v -0.5 2.8 1.5
v -0.4 2.8 1.5
v -0.4 3.5 1.5
v -0.4 3.7 1.5
v -0.3 1.4 1.5
v -0.3 2.2 1.5
v -0.3 2.7 1.5
v -0.3 2.8 1.5
v -0.3 3.5 1.5
v -0.3 3.6 1.5
v -0.3 3.7 1.5
v -0.3 3.9 1.5
v -0.2 1 1.5
v -0.2 1.4 1.5
v -0.2 3.6 1.5
v -0.2 3.9 1.5
v -0.0999999 1 1.5
v -0.0999999 1.1 1.5
v -0.0999999 1.8 1.5
v -0.0999999 2.1 1.5
v -0.0999999 2.2 1.5
v -0.0999999 2.4 1.5
v -0.0999999 2.6 1.5
v -0.0999999 2.8 1.5
v -0.0999999 2.9 1.5
v -0.0999999 3.6 1.5
v -0.0999999 3.9 1.5
v 0 2.2 1.5
v 0 2.3 1.5
v 0 2.4 1.5
v 0 2.6 1.5
v 0 2.8 1.5
v 0.1 2.3 1.5
v 0.1 2.5 1.5
v 0.1 3.6 1.5
v 0.1 3.9 1.5
v 0.1 5.8 1.5
v 0.1 6.3 1.5
v 0.1 6.6 1.5
v 0.1 6.8 1.5
v 0.2 1 1.5
v 0.2 1.5 1.5
v 0.2 1.7 1.5
v 0.2 5.8 1.5
v 0.2 6.1 1.5
v 0.2 6.3 1.5
v 0.3 2.5 1.5
v 0.3 2.6 1.5
v 0.3 2.8 1.5
v 0.3 2.9 1.5
v 0.4 1 1.5
v 0.4 1.7 1.5
v 0.4 6.3 1.5
v 0.5 0 1.5
v 0.5 0.8 1.5
v 0.5 1 1.5
v 0.5 6.3 1.5
v 0.5 6.6 1.5
v 0.6 0 1.5
v 0.6 1 1.5
v 0.6 6.3 1.5
v 0.6 6.4 1.5
v 0.6 6.5 1.5
v 1.1 5.8 1.5
v 1.1 5.9 1.5
v 1.1 6 1.5
v 1.1 6.5 1.5
v 1.1 6.6 1.5
v 1.2 6.6 1.5
v 1.2 6.8 1.5
v 1.5 6.8 1.5
v 1.5 7 1.5
v 1.6 3.9 1.5
v 1.6 4 1.5
v 1.6 6 1.5
v 1.6 6.4 1.5
v 1.6 6.5 1.5
v 1.6 6.7 1.5
v 1.6 6.8 1.5
v 1.7 3.9 1.5
v 1.7 4 1.5
v 1.7 6.7 1.5
v 1.7 6.8 1.5
v 1.8 6.1 1.5
v 1.8 6.3 1.5
v 1.8 6.4 1.5
v 1.8 6.5 1.5
v 1.9 6.3 1.5
v 1.9 6.4 1.5
v 1.9 6.8 1.5
v 1.9 7 1.5
v 2 3.4 1.5
v 2 3.6 1.5
v 2.1 3.4 1.5
v 2.1 3.6 1.5
v 2.1 5.8 1.5
v 2.1 6.1 1.5
v 2.1 6.3 1.5
v 2.1 6.8 1.5
v -1.1 0.1 1.4
v -1.1 0.2 1.4
v -1 0.1 1.4
v -1 0.2 1.4
v -0.8 0 1.4
v -0.8 0.1 1.4
v -0.7 0 1.4
v -0.7 0.1 1.4
v -0.5 2.6 1.4
v -0.5 2.7 1.4
v -0.5 3.7 1.4
v -0.5 3.8 1.4
v -0.5 3.9 1.4
v -0.5 6.3 1.4
v -0.5 6.6 1.4
v -0.4 2.3 1.4
v -0.4 2.6 1.4
v -0.3 2.2 1.4
v -0.3 2.3 1.4
v -0.3 2.7 1.4
v -0.3 2.8 1.4
v -0.3 3.5 1.4
v -0.3 3.6 1.4
v -0.3 3.7 1.4
v -0.3 3.9 1.4
v -0.2 2.2 1.4
v -0.2 2.4 1.4
v -0.2 2.8 1.4
v -0.2 3.6 1.4
v -0.2 6.3 1.4
v -0.2 6.6 1.4
v -0.0999999 2.2 1.4
v -0.0999999 2.4 1.4
v -0.0999999 2.6 1.4
v -0.0999999 2.8 1.4
v -0.0999999 2.9 1.4
v -0.0999999 3.6 1.4
v 0 6.7 1.4
v 0 6.9 1.4
v 0.1 3.6 1.4
v 0.1 3.9 1.4
v 0.1 6.3 1.4
v 0.1 6.6 1.4
v 0.1 6.7 1.4
v 0.1 6.8 1.4
v 0.2 2.9 1.4
v 0.2 3.9 1.4
v 0.2 6.9 1.4
v 0.2 7 1.4
v 1.1 5.6 1.4
v 1.1 5.8 1.4
v 1.3 5.6 1.4
v 1.3 5.8 1.4
v 1.4 6.8 1.4
v 1.5 6.8 1.4
v 1.5 7 1.4
v 1.7 5.6 1.4
v 1.7 5.8 1.4
v 1.9 6.8 1.4
v 1.9 7 1.4
v 2.1 6.2 1.4
v 2.1 6.3 1.4
v 2.1 6.8 1.4
v 2.2 6.1 1.4
v 2.2 6.2 1.4
v 2.2 6.4 1.4
v 2.2 7 1.4
v 2.3 6.1 1.4
v 2.3 6.3 1.4
v 2.4 6.1 1.4
v 2.4 6.4 1.4
v -1.4 0.1 1.3
v -1.4 0.5 1.3
v -1.2 0.2 1.3
v -1.2 0.3 1.3
v -1.1 0.1 1.3
v -1.1 0.2 1.3
v -1.1 0.3 1.3
v -1.1 0.5 1.3
v -1 0.2 1.3
v -0.9 0.1 1.3
v -0.9 0.2 1.3
v -0.9 0.4 1.3
v -0.9 0.5 1.3
v -0.8 0.1 1.3
v -0.8 0.4 1.3
v -0.8 0.5 1.3
v -0.5 2.5 1.3
v -0.5 2.6 1.3
v -0.4 2.5 1.3
v -0.4 2.6 1.3
v -0.3 0.7 1.3
v -0.3 1.1 1.3
v -0.3 1.4 1.3
v -0.2 0.7 1.3
v -0.2 1.1 1.3
v -0.2 1.2 1.3
v -0.2 1.4 1.3
v 0 5.8 1.3
v 0 6.3 1.3
v 0 6.6 1.3
v 0 6.7 1.3
v 0.1 5.8 1.3
v 0.1 6.3 1.3
v 0.1 6.6 1.3
v 0.1 6.7 1.3
v 0.1 6.9 1.3
v 0.1 7 1.3
v 0.2 3 1.3
v 0.2 3.3 1.3
v 0.2 6.9 1.3
v 0.2 7 1.3
v 0.3 3 1.3
v 0.3 3.3 1.3
v 0.4 1 1.3
v 0.4 1.6 1.3
v 0.5 1 1.3
v 0.5 1.6 1.3
v 2.2 6.6 1.3
v 2.2 6.7 1.3
v 2.4 6.1 1.3
v 2.4 6.3 1.3
v 2.4 6.4 1.3
v 2.4 6.6 1.3
v 2.4 6.7 1.3
v 2.5 6.1 1.3
v 2.5 6.3 1.3
v 2.5 6.4 1.3
v -0.6 3.7 1.2
v -0.6 4.1 1.2
v -0.6 4.3 1.2
v -0.6 5.5 1.2
v -0.6 5.7 1.2
v -0.5 3.7 1.2
v -0.5 3.9 1.2
v -0.5 4.1 1.2
v -0.4 0.6 1.2
v -0.4 1 1.2
v -0.4 2.3 1.2
v -0.4 5.8 1.2
v -0.4 6.3 1.2
v -0.3 0.6 1.2
v -0.3 0.7 1.2
v -0.3 1 1.2
v -0.3 1.1 1.2
v -0.3 2.3 1.2
v -0.3 3.9 1.2
v -0.3 4.3 1.2
v -0.3 6 1.2
v -0.3 6.1 1.2
v -0.2 4.2 1.2
v -0.2 4.3 1.2
v -0.0999999 5.9 1.2
v -0.0999999 6 1.2
v -0.0999999 6.1 1.2
v 0 5.8 1.2
v 0 5.9 1.2
v 0 6 1.2
v 0 6.3 1.2
v 0.1 3.9 1.2
v 0.1 4.2 1.2
v 0.2 2.3 1.2
v 0.2 3 1.2
v 0.2 3.3 1.2
v 0.2 3.4 1.2
v 0.2 3.7 1.2
v 0.2 3.9 1.2
v 0.2 5.5 1.2
v 0.2 5.7 1.2
v 0.3 2.3 1.2
v 0.3 2.6 1.2
v 0.3 3 1.2
v 0.3 3.3 1.2
v 0.3 3.7 1.2
v 0.3 3.9 1.2
v 0.4 1.6 1.2
v 0.4 1.7 1.2
v 0.5 0.2 1.2
v 0.5 0.3 1.2
v 0.5 0.5 1.2
v 0.5 0.7 1.2
v 0.5 1 1.2
v 0.5 1.6 1.2
v 0.5 1.7 1.2
v 0.6 0.2 1.2
v 0.6 0.5 1.2
v 0.6 0.7 1.2
v 0.6 1 1.2
v 2.1 5.8 1.2
v 2.1 6.2 1.2
v 2.2 6.1 1.2
v 2.2 6.2 1.2
v 2.2 6.4 1.2
v 2.2 6.6 1.2
v 2.3 5.8 1.2
v 2.3 6.1 1.2
v 2.3 6.5 1.2
v 2.3 6.6 1.2
v 2.4 6.4 1.2
v 2.4 6.5 1.2
v 2.4 6.6 1.2
v 2.4 6.7 1.2
v 2.5 6.3 1.2
v 2.5 6.4 1.2
v 2.5 6.6 1.2
v 2.5 6.7 1.2
v 2.6 6.3 1.2
v 2.6 6.5 1.2
v -1.2 5.7 1.1
v -1.2 6.7 1.1
v -0.8 0 1.1
v -0.8 0.1 1.1
v -0.8 0.4 1.1
v -0.8 6 1.1
v -0.8 6.2 1.1
v -0.7 0 1.1
v -0.7 0.1 1.1
v -0.7 0.4 1.1
v -0.7 0.6 1.1
v -0.7 0.7 1.1
v -0.7 0.9 1.1
v -0.7 1.2 1.1
v -0.7 1.5 1.1
v -0.7 1.7 1.1
v -0.6 0.7 1.1
v -0.6 0.9 1.1
v -0.6 1.2 1.1
v -0.6 1.5 1.1
v -0.6 1.7 1.1
v -0.6 1.9 1.1
v -0.6 3 1.1
v -0.6 5.7 1.1
v -0.6 6 1.1
v -0.6 6.1 1.1
v -0.6 6.2 1.1
v -0.6 6.3 1.1
v -0.5 0.7 1.1
v -0.5 1.9 1.1
v -0.5 2.5 1.1
v -0.5 2.6 1.1
v -0.5 3 1.1
v -0.5 6.3 1.1
v -0.5 6.6 1.1
v -0.4 0.6 1.1
v -0.4 0.7 1.1
v -0.4 1 1.1
v -0.4 2.5 1.1
v -0.4 5.8 1.1
v -0.4 6.1 1.1
v -0.4 6.3 1.1
v -0.3 5.7 1.1
v -0.3 5.8 1.1
v -0.3 6.6 1.1
v -0.3 6.7 1.1
v 0.1 3.9 1.1
v 0.1 4.1 1.1
v 0.1 5.4 1.1
v 0.1 5.5 1.1
v 0.1 5.7 1.1
v 0.1 5.8 1.1
v 0.2 3.9 1.1
v 0.2 4.1 1.1
v 0.2 5.4 1.1
v 0.2 5.5 1.1
v 0.2 5.7 1.1
v 0.2 5.8 1.1
v 0.3 3.1 1.1
v 0.3 3.3 1.1
v 0.3 3.5 1.1
v 0.3 3.7 1.1
v 0.3 3.8 1.1
v 0.3 3.9 1.1
v 0.4 3.1 1.1
v 0.4 3.3 1.1
v 0.4 3.5 1.1
v 0.4 3.8 1.1
v 0.4 4.1 1.1
v 0.5 0.5 1.1
v 0.5 0.7 1.1
v 0.6 0.5 1.1
v 0.6 0.7 1.1
v 1.1 5.4 1.1
v 1.1 5.5 1.1
v 1.1 5.6 1.1
v 1.4 5.4 1.1
v 1.4 5.5 1.1
v 1.7 5.6 1.1
v 1.7 5.8 1.1
v 1.9 5.4 1.1
v 1.9 5.5 1.1
v 2.1 5.5 1.1
v 2.1 5.8 1.1
v -1.8 6.1 1
v -1.8 6.4 1
v -1.2 6.1 1
v -1.2 6.4 1
v -0.7 0.4 1
v -0.7 0.5 1
v -0.7 0.7 1
v -0.7 0.9 1
v -0.7 1.2 1
v -0.7 1.3 1
v -0.7 2.1 1
v -0.7 2.2 1
v -0.7 3.9 1
v -0.7 4.1 1
v -0.7 4.4 1
v -0.6 0.2 1
v -0.6 0.4 1
v -0.6 0.5 1
v -0.6 0.6 1
v -0.6 0.7 1
v -0.6 0.9 1
v -0.6 1.2 1
v -0.6 1.3 1
v -0.6 2.1 1
v -0.6 2.2 1
v -0.6 3.9 1
v -0.6 4.1 1
v -0.6 4.3 1
v -0.6 5.4 1
v -0.6 5.5 1
v -0.5 0.2 1
v -0.5 0.5 1
v -0.5 0.6 1
v -0.4 0.2 1
v -0.4 0.6 1
v -0.4 4.3 1
v -0.4 4.4 1
v -0.4 5.4 1
v -0.4 5.5 1
v -0.3 5.2 1
v -0.3 5.5 1
v -0.3 5.7 1
v -0.3 5.8 1
v 0.1 4.1 1
v 0.1 4.2 1
v 0.1 4.3 1
v 0.1 5.4 1
v 0.1 5.5 1
v 0.1 5.7 1
v 0.1 5.8 1
v 0.2 4.1 1
v 0.2 4.3 1
v 0.2 5.3 1
v 0.2 5.4 1
v 0.4 1.7 1
v 0.4 1.8 1
v 0.4 2 1
v 0.4 4.1 1
v 0.4 4.3 1
v 0.5 1.7 1
v 0.5 1.8 1
v 0.5 2 1
v 0.6 0 1
v 0.6 0.5 1
v 0.6 0.6 1
v 0.6 0.7 1
v 0.7 0 1
v 0.7 0.6 1
v 0.7 0.7 1
v 1 5.2 1
v 1 5.3 1
v 1.1 5.3 1
v 1.1 5.4 1
v 1.4 5.2 1
v 1.4 5.4 1
v -2 5.9 0.9
v -2 6.2 0.9
v -1.8 6.1 0.9
v -1.8 6.2 0.9
v -1.3 5.9 0.9
v -1.3 6.1 0.9
v -0.8 4.1 0.9
v -0.8 4.4 0.9
v -0.7 4.1 0.9
v -0.7 4.4 0.9
v -0.6 3 0.9
v -0.6 3.2 0.9
v -0.6 5.3 0.9
v -0.6 5.4 0.9
v -0.5 3 0.9
v -0.5 3.2 0.9
v -0.4 5.2 0.9
v -0.4 5.3 0.9
v -0.4 5.4 0.9
v -0.4 5.5 0.9
v -0.3 5.2 0.9
v -0.3 5.5 0.9
v 0 4.2 0.9
v 0 4.3 0.9
v 0.1 4.2 0.9
v 0.1 4.3 0.9
v 0.4 4.1 0.9
v 0.4 4.2 0.9
v 0.5 0.8 0.9
v 0.5 0.9 0.9
v 0.5 4.1 0.9
v 0.5 4.2 0.9
v 0.6 0.8 0.9
v 0.6 0.9 0.9
v 0.7 0 0.9
v 0.7 0.5 0.9
v 0.8 0.2 0.9
v 0.8 0.5 0.9
v 0.9 0 0.9
v 0.9 0.2 0.9
v -2.5 5.9 0.8
v -2.5 6.1 0.8
v -2.3 5.5 0.8
v -2.3 5.9 0.8
v -2.1 5.6 0.8
v -2.1 5.7 0.8
v -2 5.7 0.8
v -2 5.8 0.8
v -2 5.9 0.8
v -2 6.1 0.8
v -1.9 5.5 0.8
v -1.9 5.6 0.8
v -1.9 5.7 0.8
v -1.9 5.8 0.8
v -1.8 5.4 0.8
v -1.8 5.5 0.8
v -1.8 5.7 0.8
v -1.6 5.4 0.8
v -1.6 5.5 0.8
v -1.6 5.8 0.8
v -1.6 5.9 0.8
v -1.4 5.8 0.8
v -1.4 5.9 0.8
v -1.3 5.9 0.8
v -1.3 6.1 0.8
v -1.2 5.8 0.8
v -1.2 6.1 0.8
v -0.9 4.2 0.8
v -0.9 4.5 0.8
v -0.8 4.2 0.8
v -0.8 4.4 0.8
v -0.7 0.4 0.8
v -0.7 0.8 0.8
v -0.7 1 0.8
v -0.6 0.4 0.8
v -0.6 0.5 0.8
v -0.6 0.7 0.8
v -0.6 0.8 0.8
v -0.6 0.9 0.8
v -0.6 1 0.8
v -0.5 4.4 0.8
v -0.5 4.5 0.8
v -0.3 6.6 0.8
v -0.3 6.7 0.8
v -0.3 6.8 0.8
v 0 6.6 0.8
v 0 6.8 0.8
v 0.1 3.9 0.8
v 0.1 4 0.8
v 0.1 4.3 0.8
v 0.1 4.5 0.8
v 0.2 3.9 0.8
v 0.2 4 0.8
v 0.2 4.3 0.8
v 0.3 4.3 0.8
v 0.4 4.3 0.8
v 0.5 4.3 0.8
v 0.5 4.5 0.8
v -2.4 6.1 0.7
v -2.4 6.2 0.7
v -2.1 6.1 0.7
v -2.1 6.2 0.7
v -1.8 5.5 0.7
v -1.8 5.6 0.7
v -1.7 5.3 0.7
v -1.7 5.4 0.7
v -1.7 5.5 0.7
v -1.7 5.6 0.7
v -1.6 5.2 0.7
v -1.6 5.3 0.7
v -1.6 5.4 0.7
v -1.5 5.2 0.7
v -1.5 5.4 0.7
v -1.4 5.7 0.7
v -1.4 5.8 0.7
v -1.2 5.7 0.7
v -1.2 5.8 0.7
v -1.1 5.6 0.7
v -1.1 5.7 0.7
v -0.7 0 0.7
v -0.7 0.4 0.7
v -0.6 0 0.7
v -0.6 0.4 0.7
v -0.6 5.6 0.7
v -0.6 5.7 0.7
v 0.8 0.2 0.7
v 0.8 0.3 0.7
v 0.9 0.2 0.7
v 0.9 0.3 0.7
v -1.6 5.4 0.6
v -1.6 5.5 0.6
v -1.6 5.7 0.6
v -1.6 5.8 0.6
v -1.6 5.9 0.6
v -1.5 5.1 0.6
v -1.5 5.2 0.6
v -1.5 5.3 0.6
v -1.5 5.4 0.6
v -1.5 5.5 0.6
v -1.5 5.6 0.6
v -1.5 5.7 0.6
v -1.4 5.1 0.6
v -1.4 5.3 0.6
v -1.4 5.7 0.6
v -1.4 5.9 0.6
v -1.1 4.4 0.6
v -1.1 4.7 0.6
v -1.1 5.6 0.6
v -1.1 5.7 0.6
v -0.9 4.4 0.6
v -0.9 4.5 0.6
v -0.8 4.6 0.6
v -0.8 4.7 0.6
v -0.7 4.5 0.6
v -0.7 4.6 0.6
v 0.2 1 0.6
v 0.2 1.1 0.6
v 0.3 1 0.6
v 0.3 1.1 0.6
v 0.4 4.2 0.6
v 0.4 4.3 0.6
v 0.4 4.5 0.6
v 0.4 4.6 0.6
v 0.5 4.2 0.6
v 0.5 4.3 0.6
v 0.5 4.5 0.6
v 0.5 4.6 0.6
v 0.6 4.6 0.6
v 0.6 4.7 0.6
v 0.7 4.7 0.6
v 0.7 4.8 0.6
v 0.8 4.8 0.6
v 0.8 4.9 0.6
v 0.9 4.6 0.6
v 0.9 4.7 0.6
v 1 4.7 0.6
v 1 4.9 0.6
v 1.9 5.4 0.6
v 1.9 5.5 0.6
v 2 5.4 0.6
v 2 5.5 0.6
v -1.7 5.5 0.5
v -1.7 5.8 0.5
v -1.6 5.5 0.5
v -1.6 5.7 0.5
v -1.6 5.8 0.5
v -1.5 5 0.5
v -1.5 5.1 0.5
v -1.5 5.5 0.5
v -1.5 5.6 0.5
v -1.5 5.7 0.5
v -1.4 4.9 0.5
v -1.4 5 0.5
v -1.4 5.1 0.5
v -1.3 4.9 0.5
v -1.3 5.1 0.5
v -1.2 4.5 0.5
v -1.2 4.7 0.5
v -1.2 4.8 0.5
v -1.1 4.5 0.5
v -1.1 4.7 0.5
v -1 4.7 0.5
v -1 4.8 0.5
v -0.9 0.1 0.5
v -0.9 0.2 0.5
v -0.9 0.3 0.5
v -0.7 0.3 0.5
v -0.7 0.4 0.5
v -0.6 0 0.5
v -0.6 0.1 0.5
v -0.6 5.5 0.5
v -0.6 5.6 0.5
v -0.5 0 0.5
v -0.5 0.2 0.5
v -0.5 0.4 0.5
v -0.4 5.5 0.5
v -0.4 5.6 0.5
v -0.3 5.1 0.5
v -0.3 5.2 0.5
v -0.3 5.5 0.5
v -0.3 5.6 0.5
v 0 5.1 0.5
v 0 5.2 0.5
v 0.3 4.5 0.5
v 0.3 4.7 0.5
v 0.4 4.5 0.5
v 0.4 4.6 0.5
v 0.5 4.3 0.5
v 0.5 4.6 0.5
v 0.6 4.3 0.5
v 0.6 4.6 0.5
v 0.6 4.7 0.5
v 0.9 0 0.5
v 0.9 0.3 0.5
v 1 0.2 0.5
v 1 0.3 0.5
v 1 4.8 0.5
v 1 4.9 0.5
v 1 5 0.5
v 1.1 0 0.5
v 1.1 0.2 0.5
v 1.2 5 0.5
v 1.2 5.1 0.5
v 1.3 4.8 0.5
v 1.3 4.9 0.5
v 1.3 5.1 0.5
v 1.3 5.2 0.5
v 1.4 4.9 0.5
v 1.4 5 0.5
v 1.4 5.2 0.5
v 1.6 5 0.5
v 1.6 5.1 0.5
v 1.6 5.2 0.5
v 1.6 5.3 0.5
v 1.7 5.1 0.5
v 1.7 5.2 0.5
v 1.7 5.3 0.5
v 1.7 5.4 0.5
v 1.9 5.2 0.5
v 1.9 5.3 0.5
v 2 5.3 0.5
v 2 5.4 0.5
v -1.9 5.6 0.4
v -1.9 5.8 0.4
v -1.7 5.6 0.4
v -1.7 5.8 0.4
v -1.5 4.8 0.4
v -1.5 5 0.4
v -1.4 4.7 0.4
v -1.4 4.8 0.4
v -1.4 4.9 0.4
v -1.4 5 0.4
v -1.3 4.6 0.4
v -1.3 4.7 0.4
v -1.3 4.8 0.4
v -1.3 4.9 0.4
v -1.2 4.6 0.4
v -1.2 4.7 0.4
v -1.2 4.8 0.4
v -1 0 0.4
v -1 0.1 0.4
v -0.9 0 0.4
v -0.9 0.1 0.4
v -0.6 0 0.4
v -0.6 0.1 0.4
v -0.4 5.3 0.4
v -0.4 5.4 0.4
v -0.3 5.3 0.4
v -0.3 5.4 0.4
v -0.3 6.8 0.4
v -0.3 6.9 0.4
v -0.0999999 6.8 0.4
v -0.0999999 6.9 0.4
v 0.8 0.3 0.4
v 0.8 0.4 0.4
v 0.9 0.3 0.4
v 0.9 0.4 0.4
v 1.1 0 0.4
v 1.1 0.1 0.4
v 1.1 0.2 0.4
v 1.2 0 0.4
v 1.2 0.1 0.4
v 1.2 0.2 0.4
v -1.6 4.8 0.3
v -1.6 5 0.3
v -1.5 4.7 0.3
v -1.5 4.8 0.3
v -1.5 5 0.3
v -1.4 4.7 0.3
v -1.4 4.8 0.3
v -1.3 4.8 0.3
v -1.3 4.9 0.3
v -1.1 4.8 0.3
v -1.1 4.9 0.3
v -1 0.1 0.3
v -1 0.2 0.3
v -0.9 0.1 0.3
v -0.9 0.2 0.3
v 0.5 4.7 0.3
v 0.5 4.8 0.3
v 0.6 4.7 0.3
v 0.6 4.8 0.3
v 2.3 6.4 0.3
v 2.3 6.7 0.3
v 2.4 6.4 0.3
v 2.4 6.7 0.3
v -2.4 5.6 0.2
v -2.4 5.9 0.2
v -2.3 5.6 0.2
v -2.3 5.9 0.2
v -1.8 4.9 0.2
v -1.8 5.2 0.2
v -1.6 4.9 0.2
v -1.6 5 0.2
v -1.6 5.1 0.2
v -1.6 5.2 0.2
v -1.5 5 0.2
v -1.3 4.9 0.2
v -1.3 5 0.2
v -1.3 5.1 0.2
v -1.1 4.8 0.2
v -1.1 4.9 0.2
v -1.1 5 0.2
v -1 4.8 0.2
v -1 4.9 0.2
v -0.9 0.2 0.2
v -0.9 0.3 0.2
v -0.6 0.2 0.2
v -0.6 0.3 0.2
v -0.5 5.4 0.2
v -0.5 5.6 0.2
v -0.4 5.2 0.2
v -0.4 5.3 0.2
v -0.4 5.4 0.2
v -0.4 5.5 0.2
v -0.3 5.2 0.2
v -0.3 5.3 0.2
v -0.3 5.5 0.2
v -0.3 5.6 0.2
v 0.6 4.6 0.2
v 0.6 4.7 0.2
v 0.6 4.8 0.2
v 0.6 4.9 0.2
v 0.7 4.6 0.2
v 0.7 4.8 0.2
v 0.8 4.8 0.2
v 0.8 4.9 0.2
v -2 5.1 0.0999999
v -2 5.4 0.0999999
v -1.9 5 0.0999999
v -1.9 5.1 0.0999999
v -1.8 5 0.0999999
v -1.8 5.2 0.0999999
v -1.8 5.3 0.0999999
v -1.8 5.4 0.0999999
v -1.7 5.2 0.0999999
v -1.7 5.3 0.0999999
v -1.1 0 0.0999999
v -1.1 0.3 0.0999999
v -1 0 0.0999999
v -1 0.2 0.0999999
v -0.9 0.2 0.0999999
v -0.9 0.3 0.0999999
v -0.2 6.8 0.0999999
v -0.2 6.9 0.0999999
v 0 6.8 0.0999999
v 0 6.9 0.0999999
v 0.6 4.9 0.0999999
v 0.6 5 0.0999999
v 0.7 4.9 0.0999999
v 0.7 5 0.0999999
v 1.2 0 0.0999999
v 1.2 0.1 0.0999999
v 1.2 0.2 0.0999999
v 1.3 0 0.0999999
v 1.3 0.1 0.0999999
v 1.3 0.2 0.0999999
v -2.1 5.3 -4.76837e-07
v -2.1 5.6 -4.76837e-07
v -2 5.3 -4.76837e-07
v -2 5.4 -4.76837e-07
v -2 5.5 -4.76837e-07
v -2 5.6 -4.76837e-07
v -1.8 5.4 -4.76837e-07
v -1.8 5.5 -4.76837e-07
v -1.7 0 -4.76837e-07
v -1.7 0.1 -4.76837e-07
v -1.4 5 -4.76837e-07
v -1.4 5.1 -4.76837e-07
v -1.3 4.9 -4.76837e-07
v -1.3 5 -4.76837e-07
v -1.2 0 -4.76837e-07
v -1.2 0.1 -4.76837e-07
v -1.2 4.9 -4.76837e-07
v -1.2 5 -4.76837e-07
v -1.1 5 -4.76837e-07
v -1.1 5.1 -4.76837e-07
v 0.7 4.9 -4.76837e-07
v 0.7 5 -4.76837e-07
v 0.8 4.9 -4.76837e-07
v 0.9 4.9 -4.76837e-07
v 0.9 5 -4.76837e-07
v -2.5 5.8 -0.1
v -2.5 6.2 -0.1
v -2.4 5.8 -0.1
v -2.4 6 -0.1
v -2.3 6 -0.1
v -2.3 6.1 -0.1
v -2.2 5.5 -0.1
v -2.2 5.6 -0.1
v -2.1 5.5 -0.1
v -2.1 5.6 -0.1
v -1.9 6.1 -0.1
v -1.9 6.2 -0.1
v -1.4 0.1 -0.1
v -1.4 0.2 -0.1
v -1.4 5.1 -0.1
v -1.4 5.2 -0.1
v -1.2 0.1 -0.1
v -1.2 0.2 -0.1
v -1.1 5.1 -0.1
v -1.1 5.2 -0.1
v -0.7 5.5 -0.1
v -0.7 5.6 -0.1
v -0.5 5.5 -0.1
v -0.5 5.6 -0.1
v 0 5.1 -0.1
v 0 5.2 -0.1
v 0.2 5.1 -0.1
v 0.2 5.2 -0.1
v 0.2 5.5 -0.1
v 0.2 5.6 -0.1
v 0.3 5.5 -0.1
v 0.6 5.5 -0.1
v 0.6 5.6 -0.1
v 0.8 5 -0.1
v 0.8 5.1 -0.1
v 0.9 5 -0.1
v 0.9 5.1 -0.1
v 0.9 5.2 -0.1
v 1 5 -0.1
v 1 5.2 -0.1
v -1.3 5.2 -0.2
v -1.3 5.3 -0.2
v -1.1 5.2 -0.2
v -1.1 5.3 -0.2
v 1 5.1 -0.2
v 1 5.2 -0.2
v 1.1 5.1 -0.2
v 1.1 5.2 -0.2
v -2.2 5.5 -0.3
v -2.2 5.6 -0.3
v -1.9 0 -0.3
v -1.9 0.2 -0.3
v -1.7 0 -0.3
v -1.7 0.1 -0.3
v -1.4 0.1 -0.3
v -1.4 0.2 -0.3
v -1.4 5.5 -0.3
v -1.4 5.6 -0.3
v -1.2 5.3 -0.3
v -1.2 5.4 -0.3
v -1.2 6.2 -0.3
v -1.2 6.4 -0.3
v -1.1 5.3 -0.3
v -1.1 5.4 -0.3
v -1.1 6.2 -0.3
v -1.1 6.3 -0.3
v -0.8 6.3 -0.3
v -0.8 6.4 -0.3
v 0.3 5.4 -0.3
v 0.3 5.5 -0.3
v 0.4 5.4 -0.3
v 0.6 5.5 -0.3
v 0.6 5.6 -0.3
v 0.7 5.4 -0.3
v 0.7 5.6 -0.3
v 1.3 0 -0.3
v 1.3 0.1 -0.3
v 1.4 0 -0.3
v 1.4 0.1 -0.3
v -1.3 5.3 -0.4
v -1.3 5.5 -0.4
v -1.2 5.3 -0.4
v -1.2 5.4 -0.4
v -1.1 5.4 -0.4
v -1.1 5.5 -0.4
v 0.4 5.3 -0.4
v 0.4 5.4 -0.4
v 0.7 5.4 -0.4
v 0.7 5.6 -0.4
v 0.8 5.3 -0.4
v 0.8 5.6 -0.4
v 1.3 0.1 -0.4
v 1.3 0.2 -0.4
v 1.4 0 -0.4
v 1.4 0.1 -0.4
v 1.5 0.1 -0.4
v 1.5 0.2 -0.4
v 1.6 0 -0.4
v 1.6 0.2 -0.4
v -1.2 5.5 -0.5
v -1.2 5.6 -0.5
v -1.1 5.5 -0.5
v -1.1 5.6 -0.5
v -0.8 5.3 -0.5
v -0.8 5.6 -0.5
v -0.7 5.5 -0.5
v -0.7 5.6 -0.5
v -0.5 5.4 -0.5
v -0.5 5.5 -0.5
v -0.4 5.3 -0.5
v -0.4 5.4 -0.5
v -0.2 5.3 -0.5
v -0.2 5.4 -0.5
v -0.0999999 5.3 -0.5
v -0.0999999 5.4 -0.5
v 0.2 5.3 -0.5
v 0.2 5.4 -0.5
v 0.4 5.3 -0.5
v 0.4 5.4 -0.5
v 0.8 5.4 -0.5
v 0.8 5.6 -0.5
v 0.9 5.4 -0.5
v 0.9 5.6 -0.5
v -2.1 0 -0.6
v -2.1 0.2 -0.6
v -1.9 0 -0.6
v -1.9 0.2 -0.6
v -0.6 5.2 -0.6
v -0.6 5.3 -0.6
v -0.5 5.2 -0.6
v -0.5 5.3 -0.6
v -0.4 6.3 -0.6
v -0.4 6.4 -0.6
v 0 6.3 -0.6
v 0 6.4 -0.6
v 0.1 6.3 -0.6
v 0.1 6.4 -0.6
v 0.4 6.3 -0.6
v 0.4 6.4 -0.6
v -2.3 0 -0.7
v -2.3 0.2 -0.7
v -2.1 0 -0.7
v -2.1 0.2 -0.7
v -0.9 5.2 3.8
v -0.9 5.3 3.8
v -0.8 5.1 3.8
v -0.8 5.2 3.8
v -0.7 5.1 3.8
v -0.7 5.3 3.8
v -2.7 5.5 3.6
v -2.7 5.7 3.6
v -2.6 5.4 3.6
v -2.6 5.5 3.6
v -2.5 5.4 3.6
v -2.5 5.7 3.6
v -1.5 5 3.5
v -1.5 5.2 3.5
v -1.4 4.8 3.5
v -1.4 4.9 3.5
v -1.4 5 3.5
v -1.4 5.2 3.5
v -1.1 4.8 3.5
v -1.1 4.9 3.5
v -1 5.1 3.5
v -1 5.2 3.5
v -0.9 5 3.5
v -0.9 5.1 3.5
v -0.9 5.2 3.5
v -0.8 5 3.5
v -0.8 5.2 3.5
v -0.5 4.6 3.5
v -0.5 4.7 3.5
v -0.4 4.6 3.5
v -0.4 4.7 3.5
v -1.4 5.1 3.4
v -1.4 5.2 3.4
v -1.2 5.1 3.4
v -1.2 5.2 3.4
v 0 4.9 3.4
v 0 5 3.4
v 0.1 4.9 3.4
v 0.1 5 3.4
v -2.6 5.2 3.3
v -2.6 5.3 3.3
v -2.5 5.3 3.3
v -2.5 5.6 3.3
v -2.4 5.2 3.3
v -2.4 5.3 3.3
v -2.4 5.6 3.3
v -1.2 5.5 3.3
v -1.2 5.6 3.3
v -1 4.9 3.3
v -1 5.1 3.3
v -1 5.5 3.3
v -1 5.6 3.3
v -0.9 4.9 3.3
v -0.9 5.1 3.3
v -0.8 4.7 3.3
v -0.8 4.8 3.3
v -0.7 4.7 3.3
v -0.7 4.8 3.3
v -1.4 4.9 3.2
v -1.4 5.1 3.2
v -1.2 4.9 3.2
v -1.2 5 3.2
v -1 5 3.2
v -1 5.1 3.2
v -1 5.2 3.2
v -1 5.5 3.2
v -0.9 5.2 3.2
v -0.9 5.5 3.2
v -0.7 4.6 3.2
v -0.7 4.8 3.2
v -0.6 4.6 3.2
v -0.6 4.8 3.2
v -0.5 4.4 3.2
v -0.5 4.5 3.2
v -0.3 4.3 3.2
v -0.3 4.4 3.2
v -0.3 4.5 3.2
v -0.2 4.3 3.2
v -0.2 4.4 3.2
v -2.6 5.6 3.1
v -2.6 5.7 3.1
v -2.6 5.8 3.1
v -2.6 5.9 3.1
v -2.5 5.5 3.1
v -2.5 5.6 3.1
v -2.5 5.7 3.1
v -2.5 5.8 3.1
v -2.4 5 3.1
v -2.4 5.1 3.1
v -2.4 5.5 3.1
v -2.4 5.9 3.1
v -2 4.9 3.1
v -2 5 3.1
v -2 5.1 3.1
v -1.9 4.9 3.1
v -1.8 4.9 3.1
v -1.8 5.1 3.1
v -1.7 4.8 3.1
v -1.7 4.9 3.1
v -1.6 4.8 3.1
v -1.6 4.9 3.1
v -1.3 4.7 3.1
v -1.3 4.8 3.1
v -1.2 4.6 3.1
v -1.2 4.7 3.1
v -1.2 4.8 3.1
v -1.2 4.9 3.1
v -1.2 5 3.1
v -1.1 4.6 3.1
v -1.1 4.7 3.1
v -1 4.8 3.1
v -1 4.9 3.1
v -1 5 3.1
v -0.9 4.7 3.1
v -0.9 4.8 3.1
v -0.9 4.9 3.1
v -0.6 4.6 3.1
v -0.6 4.8 3.1
v -0.5 4.6 3.1
v -0.5 4.8 3.1
v -2.4 5.1 3
v -2.4 5.2 3
v -2.4 6 3
v -2.4 6.1 3
v -2.3 6 3
v -2.3 6.1 3
v -1.7 4.7 3
v -1.7 4.8 3
v -1.6 4.7 3
v -1.6 4.8 3
v -1.5 5.1 3
v -1.5 5.2 3
v -1.4 4.6 3
v -1.4 4.7 3
v -1.4 5.1 3
v -1.4 5.2 3
v -1.3 4.5 3
v -1.3 4.6 3
v -1.3 5.2 3
v -1.3 5.6 3
v -1.2 4.5 3
v -1.2 4.7 3
v -1.2 5.5 3
v -1.2 5.6 3
v -1 5.1 3
v -1 5.5 3
v -0.5 4.5 3
v -0.5 4.6 3
v -0.3 4.5 3
v -0.3 4.6 3
v 0 5.3 3
v 0 5.4 3
v 0.1 5.1 3
v 0.1 5.3 3
v 0.2 5.1 3
v 0.2 5.4 3
v -1.9 4.7 2.9
v -1.9 4.9 2.9
v -1.8 4.7 2.9
v -1.7 4.7 2.9
v -1.7 4.9 2.9
v -1.5 4.5 2.9
v -1.5 4.6 2.9
v -1.4 4.4 2.9
v -1.4 4.5 2.9
v -1.3 4.4 2.9
v -1.3 4.6 2.9
v -1.3 5.6 2.9
v -1.3 5.7 2.9
v -1.2 5.6 2.9
v -1.2 5.7 2.9
v -0.5 4.6 2.9
v -0.5 4.9 2.9
v -0.4 4.6 2.9
v -0.4 4.7 2.9
v -0.4 4.9 2.9
v -0.4 5 2.9
v -0.3 4.7 2.9
v -0.3 5 2.9
v 0.3 4.3 2.9
v 0.3 4.4 2.9
v 0.4 4.3 2.9
v 0.4 4.4 2.9
v -2.4 5.2 2.8
v -2.4 5.3 2.8
v -2.4 5.4 2.8
v -2.4 5.6 2.8
v -2.4 5.7 2.8
v -2.4 5.8 2.8
v -2.4 5.9 2.8
v -2.3 5.3 2.8
v -2.3 5.6 2.8
v -2.3 5.9 2.8
v -1.8 4.5 2.8
v -1.8 4.7 2.8
v -1.7 4.5 2.8
v -1.7 4.6 2.8
v -1.6 4.6 2.8
v -1.6 4.7 2.8
v -1.5 4.4 2.8
v -1.5 4.5 2.8
v -1.4 4.4 2.8
v -1.4 4.5 2.8
v -1.3 5.2 2.8
v -1.3 5.3 2.8
v -0.2 5 2.8
v -0.2 5.2 2.8
v -0.0999999 4.3 2.8
v -0.0999999 4.4 2.8
v 0 5 2.8
v 0 5.2 2.8
v 0.2 5 2.8
v 0.2 5.1 2.8
v 0.3 4.3 2.8
v 0.3 4.4 2.8
v 0.3 5 2.8
v 0.3 5.1 2.8
v 0.4 5 2.8
v 0.4 5.1 2.8
v 0.4 5.2 2.8
v 0.5 5.1 2.8
v 0.5 5.2 2.8
v 0.7 4.5 2.8
v 0.7 4.6 2.8
v 0.7 5 2.8
v 0.7 5.1 2.8
v 0.8 4.5 2.8
v 0.8 4.6 2.8
v -1.7 4.4 2.7
v -1.7 4.6 2.7
v -1.6 4.4 2.7
v -1.6 4.6 2.7
v -1.5 5.8 2.7
v -1.5 5.9 2.7
v -1.4 5.6 2.7
v -1.4 5.8 2.7
v -1.3 5.6 2.7
v -1.3 5.7 2.7
v -1.2 5.7 2.7
v -1.2 5.9 2.7
v -0.5 4.5 2.7
v -0.5 4.6 2.7
v -0.4 4.5 2.7
v -0.4 4.6 2.7
v -0.3 4.4 2.7
v -0.3 4.5 2.7
v -0.3 4.7 2.7
v -0.3 5 2.7
v -0.2 4.5 2.7
v -0.2 4.7 2.7
v -0.2 5 2.7
v -0.0999999 4.5 2.7
v -0.0999999 4.6 2.7
v 0 4.6 2.7
v 0 5 2.7
v 0 5.3 2.7
v 0.1 5.1 2.7
v 0.1 5.3 2.7
v 0.2 4.5 2.7
v 0.2 4.6 2.7
v 0.2 5 2.7
v 0.2 5.1 2.7
v 0.4 4.4 2.7
v 0.4 4.5 2.7
v 0.7 4.6 2.7
v 0.7 4.8 2.7
v 0.8 4.6 2.7
v 0.8 4.8 2.7
v -2.6 5.5 2.6
v -2.6 5.7 2.6
v -2.6 5.8 2.6
v -2.5 5.4 2.6
v -2.5 5.5 2.6
v -2.4 5.4 2.6
v -2.4 5.7 2.6
v -2.4 5.8 2.6
v -2.2 0 2.6
v -2.2 0.1 2.6
v -2.1 0 2.6
v -2.1 0.1 2.6
v -1.7 4.2 2.6
v -1.7 4.4 2.6
v -1.6 4.2 2.6
v -1.6 4.3 2.6
v -1.4 4.3 2.6
v -1.4 4.4 2.6
v -0.2 4.9 2.6
v -0.2 5 2.6
v -0.0999999 4.6 2.6
v -0.0999999 4.7 2.6
v 0 4.6 2.6
v 0 4.7 2.6
v 0.2 4.6 2.6
v 0.2 4.7 2.6
v 0.3 4.9 2.6
v 0.3 5 2.6
v 0.3 5.1 2.6
v 0.4 5 2.6
v 0.4 5.1 2.6
v 0.6 4.7 2.6
v 0.6 5 2.6
v 0.7 4.2 2.6
v 0.7 4.3 2.6
v 0.7 4.7 2.6
v 0.7 5 2.6
v 0.8 4.2 2.6
v 0.8 4.3 2.6
v -2.3 6.1 2.5
v -2.3 6.2 2.5
v -2 6.1 2.5
v -2 6.2 2.5
v -0.4 4.6 2.5
v -0.4 4.7 2.5
v -0.3 4.6 2.5
v -0.3 4.7 2.5
v -0.3 4.8 2.5
v -0.3 4.9 2.5
v -0.2 4.5 2.5
v -0.2 4.6 2.5
v -0.0999999 4.5 2.5
v -0.0999999 4.6 2.5
v -0.0999999 4.8 2.5
v -0.0999999 4.9 2.5
v 0.2 4.5 2.5
v 0.2 4.7 2.5
v 0.3 4.9 2.5
v 0.3 5 2.5
v 0.6 4 2.5
v 0.6 4.2 2.5
v 0.6 4.7 2.5
v 0.6 4.9 2.5
v 0.6 5 2.5
v 0.7 3.8 2.5
v 0.7 3.9 2.5
v 0.7 4 2.5
v 0.7 4.2 2.5
v 0.7 4.5 2.5
v 0.7 4.7 2.5
v 0.8 0 2.5
v 0.8 0.1 2.5
v 0.8 3.8 2.5
v 0.8 3.9 2.5
v 1.2 0 2.5
v 1.2 0.1 2.5
v -2.5 5.9 2.4
v -2.5 6 2.4
v -2.5 6.1 2.4
v -2.4 5.9 2.4
v -2.4 6 2.4
v -2.4 6.1 2.4
v -2.4 6.3 2.4
v -2.4 6.4 2.4
v -2.3 6.3 2.4
v -2.3 6.4 2.4
v -1.5 4 2.4
v -1.5 4.1 2.4
v -1.4 4 2.4
v -1.4 4.1 2.4
v -1.4 4.2 2.4
v -1.4 4.3 2.4
v -1.3 4.2 2.4
v -1.3 4.3 2.4
v -0.4 4.5 2.4
v -0.4 4.6 2.4
v -0.3 4.3 2.4
v -0.3 4.5 2.4
v -0.3 4.6 2.4
v -0.3 4.8 2.4
v -0.2 4.3 2.4
v -0.2 4.6 2.4
v -0.0999999 4.6 2.4
v -0.0999999 4.7 2.4
v -0.0999999 4.8 2.4
v -0.0999999 4.9 2.4
v 0.6 0 2.4
v 0.6 0.1 2.4
v 0.6 4.7 2.4
v 0.6 4.9 2.4
v 0.7 0 2.4
v 0.7 0.1 2.4
v 0.7 0.2 2.4
v 0.7 3.7 2.4
v 0.7 3.8 2.4
v 0.7 3.9 2.4
v 0.7 4.2 2.4
v 0.8 0.1 2.4
v 0.8 0.2 2.4
v 0.8 3.7 2.4
v 0.8 3.8 2.4
v 0.8 3.9 2.4
v 0.8 4.2 2.4
v 0.8 4.3 2.4
v 0.9 4.3 2.4
v 0.9 4.4 2.4
v 1 3.9 2.4
v 1 4.2 2.4
v 1.1 3.9 2.4
v 1.1 4 2.4
v 1.1 4.2 2.4
v 1.1 4.4 2.4
v 1.3 4 2.4
v 1.3 4.2 2.4
v 1.5 4.2 2.4
v 1.5 4.3 2.4
v 1.9 4 2.4
v 1.9 4.1 2.4
v 1.9 4.2 2.4
v 1.9 4.3 2.4
v 2 4 2.4
v 2 4.1 2.4
v 2 4.2 2.4
v 2 4.3 2.4
v -2.4 5.9 2.3
v -2.4 6 2.3
v -2.3 5.9 2.3
v -2.3 6 2.3
v -2 0 2.3
v -2 0.1 2.3
v -1.9 0 2.3
v -1.9 0.1 2.3
v -1.9 0.2 2.3
v -1.7 0.1 2.3
v -1.7 0.2 2.3
v -1.6 4.1 2.3
v -1.6 4.2 2.3
v -1.5 4.1 2.3
v -1.5 4.2 2.3
v -1.5 4.3 2.3
v -1.4 4.2 2.3
v -1.4 4.3 2.3
v -0.5 4.4 2.3
v -0.5 4.5 2.3
v -0.3 4.4 2.3
v -0.3 4.5 2.3
v 0.7 0 2.3
v 0.7 0.1 2.3
v 0.7 3.6 2.3
v 0.7 3.7 2.3
v 0.8 0 2.3
v 0.8 0.1 2.3
v 0.8 3.7 2.3
v 0.8 3.9 2.3
v 0.8 4.2 2.3
v 0.9 3.6 2.3
v 0.9 3.8 2.3
v 0.9 3.9 2.3
v 0.9 4.2 2.3
v 1 3.8 2.3
v 1 3.9 2.3
v 1.7 3.3 2.3
v 1.7 3.4 2.3
v 1.8 3.3 2.3
v 1.8 3.4 2.3
v -2.9 6.4 2.2
v -2.9 6.5 2.2
v -2.8 6.4 2.2
v -2.8 6.5 2.2
v -1.4 5.7 2.2
v -1.4 5.8 2.2
v -1.3 5.7 2.2
v -1.3 5.8 2.2
v -1.2 4.1 2.2
v -1.2 4.2 2.2
v -1.1 4.1 2.2
v -1.1 4.2 2.2
v -0.4 4.3 2.2
v -0.4 4.4 2.2
v -0.3 4.3 2.2
v -0.3 4.4 2.2
v 0.6 0.2 2.2
v 0.6 0.3 2.2
v 0.7 0.2 2.2
v 0.7 0.3 2.2
v 0.7 3.4 2.2
v 0.7 3.6 2.2
v 0.9 3.4 2.2
v 0.9 3.6 2.2
v -2.8 6.3 2.1
v -2.8 6.5 2.1
v -2.7 6.3 2.1
v -2.7 6.4 2.1
v -2.6 6.4 2.1
v -2.6 6.5 2.1
v -2.4 6.4 2.1
v -2.4 6.5 2.1
v -1.9 4.4 2.1
v -1.9 4.5 2.1
v -1.8 4.5 2.1
v -1.8 4.6 2.1
v -1.7 4.2 2.1
v -1.7 4.4 2.1
v -1.7 4.5 2.1
v -1.7 4.6 2.1
v -1.6 4.4 2.1
v -1.6 4.5 2.1
v -1.5 4 2.1
v -1.5 4.2 2.1
v -1.5 4.3 2.1
v -1.5 4.4 2.1
v -1.4 4.1 2.1
v -1.4 4.2 2.1
v -1.4 4.3 2.1
v -1.3 4.1 2.1
v -1.3 4.2 2.1
v -1.2 3.8 2.1
v -1.2 4 2.1
v -1.2 4.1 2.1
v -1.2 4.2 2.1
v -1.1 3.8 2.1
v -1.1 4 2.1
v -1 4 2.1
v -1 4.1 2.1
v -0.7 4.3 2.1
v -0.7 4.4 2.1
v -0.5 4.2 2.1
v -0.5 4.3 2.1
v -0.4 4.2 2.1
v -0.4 4.4 2.1
v 0.4 0.2 2.1
v 0.4 0.3 2.1
v 0.5 0 2.1
v 0.5 0.1 2.1
v 0.6 0.2 2.1
v 0.6 0.3 2.1
v 0.7 0.1 2.1
v 0.7 0.2 2.1
v 0.7 3.3 2.1
v 0.7 3.4 2.1
v 0.8 0 2.1
v 0.8 0.2 2.1
v 0.9 3.3 2.1
v 0.9 3.4 2.1
v 1.7 4.5 2.1
v 1.7 4.6 2.1
v 1.8 4.5 2.1
v 1.8 4.6 2.1
v -2.6 5.9 2
v -2.6 6 2
v -2.5 5.9 2
v -2.4 5.1 2
v -2.4 5.2 2
v -2.4 5.9 2
v -2.4 6 2
v -2.3 5.1 2
v -2.3 5.2 2
v -2.3 5.9 2
v -2.3 6 2
v -2.1 4.7 2
v -2.1 4.8 2
v -2 4.6 2
v -2 4.7 2
v -2 4.8 2
v -2 4.9 2
v -1.9 0 2
v -1.9 0.1 2
v -1.9 4.5 2
v -1.9 4.6 2
v -1.9 4.7 2
v -1.9 4.9 2
v -1.8 4.5 2
v -1.8 4.7 2
v -1.7 0.1 2
v -1.7 0.2 2
v -1.6 0.1 2
v -1.6 0.2 2
v -1.5 0 2
v -1.5 0.1 2
v -1.4 4.1 2
v -1.4 4.2 2
v -1.3 4.1 2
v -1.3 4.2 2
v -0.7 4 2
v -0.7 4.2 2
v -0.7 4.3 2
v -0.6 4 2
v -0.6 4.1 2
v -0.6 4.2 2
v -0.5 4.1 2
v -0.5 4.3 2
v 0 0 2
v 0 0.1 2
v 0.3 0 2
v 0.3 0.1 2
v 0.4 0 2
v 0.4 0.1 2
v 0.5 0 2
v 0.5 0.1 2
v 0.7 3.2 2
v 0.7 3.3 2
v 0.8 3.1 2
v 0.8 3.2 2
v 0.9 3.1 2
v 0.9 3.2 2
v 0.9 3.3 2
v 1.1 4.2 2
v 1.1 4.4 2
v 1.4 4.2 2
v 1.4 4.4 2
v 1.8 3.4 2
v 1.8 3.6 2
v 1.9 3.4 2
v 1.9 3.6 2
v -2.7 6 1.9
v -2.7 6.1 1.9
v -2.7 6.3 1.9
v -2.7 6.4 1.9
v -2.6 6.1 1.9
v -2.6 6.3 1.9
v -2.3 4.8 1.9
v -2.3 5.2 1.9
v -2.3 6 1.9
v -2.3 6.1 1.9
v -2.3 6.2 1.9
v -2.3 6.3 1.9
v -2.2 5.1 1.9
v -2.2 5.2 1.9
v -2.2 5.3 1.9
v -2.2 6.2 1.9
v -2.2 6.3 1.9
v -2.2 6.4 1.9
v -2 4.8 1.9
v -2 5.1 1.9
v -1.6 0.1 1.9
v -1.6 0.2 1.9
v -1.5 0.1 1.9
v -1.5 0.2 1.9
v -1.4 5.6 1.9
v -1.4 5.7 1.9
v -1.3 5.1 1.9
v -1.3 5.3 1.9
v -1.3 5.6 1.9
v -1.3 5.7 1.9
v -1.1 3.7 1.9
v -1.1 3.8 1.9
v -1.1 4 1.9
v -0.9 3.7 1.9
v -0.9 3.8 1.9
v -0.9 4 1.9
v -0.9 4.1 1.9
v -0.9 4.2 1.9
v -0.7 4.1 1.9
v -0.7 4.2 1.9
v 2 4 1.9
v 2 4.1 1.9
v 2.1 4 1.9
v 2.1 4.1 1.9
v -2.7 6.1 1.8
v -2.7 6.3 1.8
v -2.6 6.1 1.8
v -2.6 6.3 1.8
v -2.3 5.3 1.8
v -2.3 5.6 1.8
v -2.3 6.1 1.8
v -2.3 6.2 1.8
v -2.3 6.3 1.8
v -2.1 5.3 1.8
v -2.1 5.6 1.8
v -1.6 5.8 1.8
v -1.6 6.1 1.8
v -1.5 5.8 1.8
v -1.5 6.1 1.8
v -0.9 3.9 1.8
v -0.9 4.1 1.8
v -0.8 3.9 1.8
v -0.8 4 1.8
v -0.7 4 1.8
v -0.7 4.1 1.8
v 0.1 0.2 1.8
v 0.1 0.3 1.8
v 0.2 0.2 1.8
v 0.2 0.3 1.8
v 0.6 2.9 1.8
v 0.6 3 1.8
v 0.6 3.1 1.8
v 0.6 3.2 1.8
v 0.7 2.9 1.8
v 0.7 3 1.8
v 0.7 3.1 1.8
v 0.7 3.2 1.8
v 0.8 2.9 1.8
v 0.8 3 1.8
v 0.8 3.1 1.8
v 0.8 3.2 1.8
v 0.9 3 1.8
v 0.9 3.1 1.8
v 0.9 3.2 1.8
v 1 3 1.8
v 1 3.1 1.8
v 1 3.2 1.8
v 1 3.3 1.8
v 1.1 3.1 1.8
v 1.1 3.3 1.8
v 1.2 3 1.8
v 1.2 3.1 1.8
v 1.3 3.6 1.8
v 1.3 3.7 1.8
v 1.4 3.7 1.8
v 1.4 4.2 1.8
v 1.5 3.6 1.8
v 1.5 4.1 1.8
v 1.9 4.1 1.8
v 1.9 4.2 1.8
v 1.9 4.5 1.8
v 1.9 4.6 1.8
v 2 4.4 1.8
v 2 4.5 1.8
v 2.1 4.4 1.8
v 2.1 4.6 1.8
v -2.5 5.3 1.7
v -2.5 5.9 1.7
v -2.4 5.3 1.7
v -2.4 5.8 1.7
v -2.3 5.9 1.7
v -2.3 6.2 1.7
v -1.8 5.6 1.7
v -1.8 5.8 1.7
v -1.6 5.8 1.7
v -1.6 6.2 1.7
v -1.5 0.1 1.7
v -1.5 0.3 1.7
v -1.4 0.1 1.7
v -1.4 0.2 1.7
v -1.4 5.6 1.7
v -1.4 5.8 1.7
v -1.3 0.2 1.7
v -1.3 0.3 1.7
v -0.9 3.6 1.7
v -0.9 3.9 1.7
v -0.8 3.6 1.7
v -0.8 3.8 1.7
v -0.8 3.9 1.7
v -0.6 3.8 1.7
v -0.6 3.9 1.7
v 0.4 0 1.7
v 0.4 0.1 1.7
v 0.4 0.2 1.7
v 0.4 0.5 1.7
v 0.6 2.8 1.7
v 0.6 2.9 1.7
v 0.7 0.1 1.7
v 0.7 0.2 1.7
v 0.7 2.8 1.7
v 0.7 2.9 1.7
v 0.9 0 1.7
v 0.9 0.5 1.7
v 0.9 2.8 1.7
v 0.9 2.9 1.7
v 0.9 4 1.7
v 0.9 4.2 1.7
v 1 2.8 1.7
v 1 2.9 1.7
v 1.1 4 1.7
v 1.2 4 1.7
v 1.2 4.1 1.7
v 1.4 4.1 1.7
v 1.4 4.2 1.7
v 1.4 4.3 1.7
v 1.4 4.5 1.7
v 1.5 3.7 1.7
v 1.5 3.8 1.7
v 1.6 4.3 1.7
v 1.7 3.7 1.7
v 1.7 3.8 1.7
v 1.9 3.7 1.7
v 1.9 3.9 1.7
v 1.9 4.2 1.7
v 1.9 4.3 1.7
v 2 3.7 1.7
v 2 3.9 1.7
v 2 4.1 1.7
v 2 4.2 1.7
v 2 4.5 1.7
v 2.1 3.7 1.7
v 2.1 3.8 1.7
v 2.1 4 1.7
v 2.1 4.1 1.7
v 2.2 3.8 1.7
v 2.2 4 1.7
v -2.4 5.3 1.6
v -2.4 5.8 1.6
v -1.8 5.6 1.6
v -1.8 5.8 1.6
v -1.3 0.2 1.6
v -1.3 0.3 1.6
v -1.3 5.3 1.6
v -1.3 5.6 1.6
v -1.2 0.2 1.6
v -1.2 0.3 1.6
v -1.1 0.2 1.6
v -1.1 0.3 1.6
v -0.8 3.7 1.6
v -0.8 3.8 1.6
v -0.7 3.7 1.6
v -0.7 3.8 1.6
v -0.4 0.6 1.6
v -0.4 0.7 1.6
v -0.3 0.6 1.6
v -0.3 0.7 1.6
v 0.5 0.1 1.6
v 0.5 0.2 1.6
v 0.6 2.7 1.6
v 0.6 2.8 1.6
v 0.7 0.1 1.6
v 0.7 0.2 1.6
v 0.7 2.5 1.6
v 0.7 2.6 1.6
v 0.7 2.7 1.6
v 0.7 2.8 1.6
v 0.7 2.9 1.6
v 0.7 3 1.6
v 0.8 2.5 1.6
v 0.8 2.6 1.6
v 0.8 2.9 1.6
v 0.8 3 1.6
v 0.9 3.8 1.6
v 0.9 4 1.6
v 1.1 3.9 1.6
v 1.1 4 1.6
v 1.2 3.7 1.6
v 1.2 3.8 1.6
v 1.2 3.9 1.6
v 1.2 4 1.6
v 1.2 4.1 1.6
v 1.3 3.9 1.6
v 1.3 4 1.6
v 1.4 3.7 1.6
v 1.4 3.8 1.6
v 1.4 4.1 1.6
v 1.4 4.3 1.6
v 1.5 3.9 1.6
v 1.5 4 1.6
v 1.6 3.8 1.6
v 1.6 3.9 1.6
v 1.6 4.3 1.6
v 1.6 6.2 1.6
v 1.6 6.3 1.6
v 1.7 3.9 1.6
v 1.7 4.2 1.6
v 1.7 6.2 1.6
v 1.7 6.3 1.6
v 1.9 4.2 1.6
v 1.9 4.3 1.6
v -1.4 0.1 1.5
v -1.4 0.2 1.5
v -1.1 0.1 1.5
v -1.1 0.2 1.5
v -0.8 3.5 1.5
v -0.8 3.7 1.5
v -0.7 2.8 1.5
v -0.7 3 1.5
v -0.7 3.5 1.5
v -0.7 3.7 1.5
v -0.6 2.8 1.5
v -0.6 3 1.5
v -0.5 0.4 1.5
v -0.5 0.6 1.5
v -0.5 3.7 1.5
v -0.5 3.8 1.5
v -0.4 0.4 1.5
v -0.4 0.6 1.5
v -0.4 3.7 1.5
v -0.4 3.8 1.5
v 0.5 2.6 1.5
v 0.5 2.7 1.5
v 0.6 2.4 1.5
v 0.6 2.6 1.5
v 0.7 2.4 1.5
v 0.7 2.6 1.5
v 0.7 2.7 1.5
v 0.7 2.9 1.5
v 0.8 2.6 1.5
v 0.8 2.7 1.5
v 0.8 2.9 1.5
v 0.8 3 1.5
v 0.9 2.7 1.5
v 0.9 2.9 1.5
v 0.9 3 1.5
v 0.9 3.2 1.5
v 1.1 3.2 1.5
v 1.1 3.5 1.5
v 1.2 3.2 1.5
v 1.2 3.5 1.5
v 1.3 2.9 1.5
v 1.3 3.1 1.5
v 1.3 3.5 1.5
v 1.3 3.6 1.5
v 1.4 3.1 1.5
v 1.4 3.2 1.5
v 1.5 3.1 1.5
v 1.5 3.2 1.5
v 1.5 3.5 1.5
v 1.5 3.6 1.5
v 1.7 3.2 1.5
v 1.7 3.3 1.5
v 1.7 3.7 1.5
v 1.7 3.8 1.5
v 1.7 3.9 1.5
v 1.7 4 1.5
v 1.7 4.2 1.5
v 1.8 3.8 1.5
v 1.8 3.9 1.5
v 1.9 3.2 1.5
v 1.9 3.3 1.5
v 1.9 3.7 1.5
v 1.9 3.9 1.5
v 1.9 4.2 1.5
v 2 3.9 1.5
v 2 4.2 1.5
v -0.8 3 1.4
v -0.8 3.5 1.4
v -0.7 3 1.4
v -0.7 3.5 1.4
v -0.7 3.8 1.4
v -0.6 3 1.4
v -0.6 3.1 1.4
v -0.6 3.7 1.4
v -0.5 3.7 1.4
v -0.5 3.8 1.4
v 0.5 0.2 1.4
v 0.5 0.8 1.4
v 0.5 1 1.4
v 0.6 0.2 1.4
v 0.6 1 1.4
v 1.2 3.2 1.4
v 1.2 3.5 1.4
v 1.5 3.3 1.4
v 1.5 3.5 1.4
v 1.6 3.8 1.4
v 1.6 3.9 1.4
v 1.6 4 1.4
v 1.7 3.2 1.4
v 1.7 3.3 1.4
v 1.7 3.9 1.4
v 1.7 4 1.4
v 1.8 3.8 1.4
v 1.8 3.9 1.4
v 0.2 2.3 1.3
v 0.2 2.8 1.3
v 0.2 2.9 1.3
v 0.3 2.3 1.3
v 0.3 2.6 1.3
v 0.3 2.8 1.3
v 0.3 2.9 1.3
v 1.5 3.3 1.3
v 1.5 3.7 1.3
v 1.7 3.5 1.3
v 1.7 3.7 1.3
v 1.9 3.5 1.3
v 1.9 3.6 1.3
v 1.9 3.7 1.3
v 2 3.3 1.3
v 2 3.4 1.3
v 2 3.6 1.3
v 2 3.7 1.3
v 2.1 3.4 1.3
v 2.1 3.6 1.3
v -0.8 0 1.2
v -0.8 0.5 1.2
v -0.7 0 1.2
v -0.7 0.4 1.2
v -0.6 0.4 1.2
v -0.6 0.5 1.2
v -0.6 2.7 1.2
v -0.6 3.1 1.2
v -0.6 3.2 1.2
v -0.5 2.7 1.2
v -0.5 3.1 1.2
v -0.5 3.2 1.2
v 0.3 2.2 1.2
v 0.3 2.6 1.2
v 0.4 1.7 1.2
v 0.4 2.2 1.2
v 0.5 1.7 1.2
v 0.5 2.1 1.2
v 0.6 2.1 1.2
v 0.6 2.2 1.2
v 0.6 2.6 1.2
v -1.5 0 1.1
v -1.5 0.1 1.1
v -1.4 0 1.1
v -1.4 0.1 1.1
v -0.7 0.2 1.1
v -0.7 0.4 1.1
v -0.6 0.2 1.1
v -0.6 0.4 1.1
v -0.4 0.2 1.1
v -0.4 0.4 1.1
v 0.1 1.2 1.1
v 0.1 2 1.1
v 0.2 1.2 1.1
v 0.2 2 1.1
v 0.4 1.2 1.1
v 0.4 1.7 1.1
v 0.4 2 1.1
v 0.5 0.9 1.1
v 0.5 1 1.1
v 0.6 0.9 1.1
v 0.6 1 1.1
v 1.7 3.5 1.1
v 1.7 3.7 1.1
v 1.8 3.6 1.1
v 1.8 3.7 1.1
v 1.9 3.5 1.1
v 1.9 3.6 1.1
v 1.9 3.7 1.1
v 2.3 6.6 1.1
v 2.3 6.7 1.1
v 2.5 6.6 1.1
v 2.5 6.7 1.1
v -1.4 0 1
v -1.4 0.5 1
v -1.1 0 1
v -1.1 0.5 1
v -1 0 1
v -1 0.2 1
v -1 0.3 1
v -1 0.4 1
v -0.9 0.2 1
v -0.9 0.3 1
v -0.9 0.4 1
v -0.8 0.4 1
v -0.8 0.5 1
v -0.7 0.6 1
v -0.7 0.7 1
v -0.7 1 1
v -0.7 1.2 1
v -0.7 1.5 1
v -0.7 1.7 1
v -0.6 0.6 1
v -0.6 0.7 1
v -0.6 1 1
v -0.6 1.2 1
v -0.6 1.5 1
v -0.6 1.7 1
v 0 1.2 1
v 0 2 1
v 0 2.1 1
v 0 2.2 1
v 0 2.7 1
v 0 3.3 1
v 0 3.5 1
v 0.1 1.2 1
v 0.1 2 1
v 0.1 6.9 1
v 0.1 7 1
v 0.2 2 1
v 0.2 2.1 1
v 0.2 2.2 1
v 0.2 6.9 1
v 0.2 7 1
v 0.3 2.2 1
v 0.3 2.7 1
v 0.3 3.1 1
v 0.3 3.3 1
v 0.4 0.9 1
v 0.4 1.2 1
v 0.4 2 1
v 0.4 2.2 1
v 0.4 3.1 1
v 0.4 3.3 1
v 0.4 3.5 1
v 0.5 0.7 1
v 0.5 0.8 1
v 0.5 0.9 1
v 0.5 1.2 1
v 0.6 0.7 1
v 0.6 0.9 1
v -1 0.3 0.9
v -1 0.4 0.9
v -0.9 0.3 0.9
v -0.9 0.4 0.9
v -0.7 0.4 0.9
v -0.7 0.5 0.9
v -0.7 0.7 0.9
v -0.7 0.9 0.9
v -0.7 1 0.9
v -0.7 1.2 0.9
v -0.7 1.3 0.9
v -0.6 0.4 0.9
v -0.6 0.5 0.9
v -0.6 0.7 0.9
v -0.6 0.9 0.9
v -0.6 1 0.9
v -0.6 1.2 0.9
v -0.6 1.3 0.9
v -0.6 3.2 0.9
v -0.6 3.3 0.9
v -0.6 3.5 0.9
v -0.6 3.6 0.9
v -0.5 3.2 0.9
v -0.5 3.3 0.9
v -0.5 3.5 0.9
v -0.5 3.6 0.9
v 0.1 3.9 0.9
v 0.1 4 0.9
v 0.2 1 0.9
v 0.2 1.2 0.9
v 0.2 3.9 0.9
v 0.2 4 0.9
v 0.4 1 0.9
v 0.4 1.2 0.9
v 0.4 1.3 0.9
v 0.4 1.8 0.9
v 0.4 2 0.9
v 0.5 1.2 0.9
v 0.5 1.3 0.9
v 0.5 1.8 0.9
v 0.5 2 0.9
v 2.3 6.4 0.9
v 2.3 6.5 0.9
v 2.5 6.3 0.9
v 2.5 6.4 0.9
v 2.6 6.3 0.9
v 2.6 6.5 0.9
v -1 0 0.8
v -1 0.2 0.8
v -0.9 0 0.8
v -0.9 0.1 0.8
v -0.9 0.2 0.8
v -0.9 0.4 0.8
v -0.7 0.2 0.8
v -0.7 0.4 0.8
v -0.7 2.1 0.8
v -0.7 2.2 0.8
v -0.6 0 0.8
v -0.6 0.1 0.8
v -0.6 0.2 0.8
v -0.6 1 0.8
v -0.6 1.1 0.8
v -0.6 2 0.8
v -0.6 2.1 0.8
v -0.6 2.2 0.8
v -0.6 2.4 0.8
v -0.6 2.5 0.8
v -0.6 2.7 0.8
v -0.5 1 0.8
v -0.5 1.1 0.8
v -0.5 2 0.8
v -0.5 2.4 0.8
v -0.5 2.5 0.8
v -0.5 2.7 0.8
v -0.5 3.2 0.8
v -0.5 3.6 0.8
v -0.3 3.6 0.8
v -0.2 3.2 0.8
v -0.2 3.4 0.8
v -0.2 3.6 0.8
v -0.2 3.9 0.8
v -0.0999999 3.2 0.8
v -0.0999999 3.4 0.8
v -0.0999999 3.9 0.8
v 0.3 3.5 0.8
v 0.3 3.7 0.8
v 0.3 3.9 0.8
v 0.4 1.3 0.8
v 0.4 1.8 0.8
v 0.4 3.5 0.8
v 0.4 3.9 0.8
v 0.5 0.8 0.8
v 0.5 0.9 0.8
v 0.5 1.3 0.8
v 0.5 1.8 0.8
v 0.6 0.8 0.8
v 0.6 0.9 0.8
v 2.3 6.1 0.8
v 2.3 6.4 0.8
v 2.5 6.1 0.8
v 2.5 6.4 0.8
v -0.9 4.2 0.7
v -0.9 4.3 0.7
v -0.8 4.2 0.7
v -0.8 4.3 0.7
v -0.7 0.9 0.7
v -0.7 1 0.7
v -0.7 3.9 0.7
v -0.7 4.1 0.7
v -0.6 2.7 0.7
v -0.6 3.1 0.7
v -0.6 3.2 0.7
v -0.6 3.6 0.7
v -0.6 3.9 0.7
v -0.6 5.3 0.7
v -0.6 5.4 0.7
v -0.5 0.9 0.7
v -0.5 1 0.7
v -0.5 1.2 0.7
v -0.5 2.2 0.7
v -0.5 2.7 0.7
v -0.5 3 0.7
v -0.5 3.1 0.7
v -0.5 3.2 0.7
v -0.5 4.1 0.7
v -0.5 4.4 0.7
v -0.4 1.2 0.7
v -0.4 1.5 0.7
v -0.4 1.8 0.7
v -0.4 2.2 0.7
v -0.4 4.3 0.7
v -0.4 4.4 0.7
v -0.4 5.3 0.7
v -0.4 5.4 0.7
v -0.3 1.5 0.7
v -0.3 1.8 0.7
v -0.3 2.2 0.7
v -0.3 3.6 0.7
v -0.3 4.1 0.7
v -0.2 3 0.7
v -0.2 3.2 0.7
v -0.2 3.6 0.7
v -0.2 3.9 0.7
v -0.2 4.2 0.7
v -0.2 4.3 0.7
v -0.0999999 2.7 0.7
v -0.0999999 3 0.7
v -0.0999999 3.2 0.7
v -0.0999999 3.9 0.7
v -0.0999999 4.1 0.7
v 0 2.7 0.7
v 0 3.5 0.7
v 0 3.9 0.7
v 0 4.1 0.7
v 0 4.2 0.7
v 0.2 3.5 0.7
v 0.2 3.7 0.7
v 0.2 3.9 0.7
v 0.3 0.8 0.7
v 0.3 0.9 0.7
v 0.3 3.5 0.7
v 0.3 3.7 0.7
v 0.3 3.9 0.7
v 0.4 0.9 0.7
v 0.5 0.8 0.7
v 0.5 0.9 0.7
v -2.5 5.9 0.6
v -2.5 6.1 0.6
v -2.4 5.9 0.6
v -2.4 6.1 0.6
v -1.9 5.5 0.6
v -1.9 5.7 0.6
v -1.8 5.4 0.6
v -1.8 5.5 0.6
v -1.8 5.6 0.6
v -1.8 5.7 0.6
v -1.7 5.3 0.6
v -1.7 5.4 0.6
v -1.7 5.5 0.6
v -1.7 5.6 0.6
v -1.6 5.3 0.6
v -1.6 5.5 0.6
v -0.8 4.1 0.6
v -0.8 4.3 0.6
v -0.7 0 0.6
v -0.7 0.8 0.6
v -0.7 0.9 0.6
v -0.7 4.1 0.6
v -0.7 4.3 0.6
v -0.6 0.5 0.6
v -0.6 0.8 0.6
v -0.6 4.3 0.6
v -0.6 4.5 0.6
v -0.5 0 0.6
v -0.5 0.2 0.6
v -0.5 0.5 0.6
v -0.5 0.8 0.6
v -0.5 0.9 0.6
v -0.5 1 0.6
v -0.5 1.2 0.6
v -0.5 2.2 0.6
v -0.5 2.4 0.6
v -0.5 2.9 0.6
v -0.5 3 0.6
v -0.5 4.1 0.6
v -0.5 4.5 0.6
v -0.4 0.9 0.6
v -0.4 1 0.6
v -0.4 1.1 0.6
v -0.4 1.2 0.6
v -0.4 1.5 0.6
v -0.4 2.4 0.6
v -0.4 2.9 0.6
v -0.4 5.2 0.6
v -0.4 5.4 0.6
v -0.4 5.5 0.6
v -0.4 5.6 0.6
v -0.3 0.9 0.6
v -0.3 1.1 0.6
v -0.3 1.2 0.6
v -0.3 1.3 0.6
v -0.3 1.5 0.6
v -0.3 2.2 0.6
v -0.3 2.4 0.6
v -0.3 2.9 0.6
v -0.3 5.2 0.6
v -0.3 5.4 0.6
v -0.3 5.5 0.6
v -0.3 5.6 0.6
v -0.2 1 0.6
v -0.2 1.2 0.6
v -0.2 1.3 0.6
v -0.2 2.2 0.6
v -0.2 2.4 0.6
v -0.2 2.9 0.6
v -0.2 3 0.6
v -0.0999999 1 0.6
v -0.0999999 1.1 0.6
v -0.0999999 1.2 0.6
v -0.0999999 1.4 0.6
v -0.0999999 2.2 0.6
v -0.0999999 2.4 0.6
v -0.0999999 2.7 0.6
v -0.0999999 2.9 0.6
v -0.0999999 3 0.6
v -0.0999999 3.9 0.6
v -0.0999999 4.1 0.6
v 0 1.1 0.6
v 0 1.2 0.6
v 0 1.4 0.6
v 0 2.7 0.6
v 0 3.5 0.6
v 0 3.9 0.6
v 0 4 0.6
v 0 4.1 0.6
v 0 4.3 0.6
v 0 6.8 0.6
v 0 6.9 0.6
v 0.1 4.1 0.6
v 0.1 4.3 0.6
v 0.2 3.5 0.6
v 0.2 3.9 0.6
v 0.2 6.8 0.6
v 0.2 6.9 0.6
v 0.3 0.7 0.6
v 0.3 0.8 0.6
v 0.4 0.7 0.6
v 0.4 3.9 0.6
v 0.4 4 0.6
v 0.5 0.7 0.6
v 0.5 0.8 0.6
v -1.6 5.2 0.5
v -1.6 5.5 0.5
v -1.5 5.2 0.5
v -1.5 5.3 0.5
v -1.5 5.5 0.5
v -1.4 5.2 0.5
v -1.4 5.3 0.5
v -1.2 6.4 0.5
v -1.2 6.7 0.5
v -1.1 6.4 0.5
v -1.1 6.7 0.5
v -0.9 4.3 0.5
v -0.9 4.4 0.5
v -0.9 4.5 0.5
v -0.8 4.5 0.5
v -0.8 4.6 0.5
v -0.7 4.5 0.5
v -0.7 4.6 0.5
v -0.6 0.5 0.5
v -0.6 0.8 0.5
v -0.6 4.3 0.5
v -0.6 4.5 0.5
v -0.6 5.4 0.5
v -0.6 5.5 0.5
v -0.5 0.5 0.5
v -0.5 0.8 0.5
v -0.5 1 0.5
v -0.5 2.4 0.5
v -0.5 2.9 0.5
v -0.4 0.5 0.5
v -0.4 0.6 0.5
v -0.4 0.9 0.5
v -0.4 1 0.5
v -0.4 2.4 0.5
v -0.4 2.9 0.5
v -0.4 5.4 0.5
v -0.4 5.5 0.5
v -0.3 0.5 0.5
v -0.3 0.6 0.5
v -0.3 0.7 0.5
v -0.3 0.8 0.5
v -0.3 0.9 0.5
v -0.3 1.2 0.5
v -0.3 1.3 0.5
v -0.3 2.4 0.5
v -0.3 2.9 0.5
v -0.2 0.4 0.5
v -0.2 0.5 0.5
v -0.2 0.7 0.5
v -0.2 0.8 0.5
v -0.2 1 0.5
v -0.2 1.2 0.5
v -0.2 1.3 0.5
v -0.2 2.2 0.5
v -0.2 2.4 0.5
v -0.2 2.9 0.5
v -0.0999999 0.4 0.5
v -0.0999999 0.7 0.5
v -0.0999999 1 0.5
v -0.0999999 1.1 0.5
v -0.0999999 2.2 0.5
v -0.0999999 2.4 0.5
v -0.0999999 2.9 0.5
v 0 0.6 0.5
v 0 0.7 0.5
v 0 1 0.5
v 0 1.1 0.5
v 0 1.2 0.5
v 0 4 0.5
v 0 4.1 0.5
v 0.1 0 0.5
v 0.1 0.6 0.5
v 0.1 4.1 0.5
v 0.1 4.3 0.5
v 0.2 0.4 0.5
v 0.2 0.7 0.5
v 0.2 0.9 0.5
v 0.2 1.1 0.5
v 0.2 1.2 0.5
v 0.2 4.1 0.5
v 0.2 4.3 0.5
v 0.2 6.8 0.5
v 0.2 7 0.5
v 0.3 0.4 0.5
v 0.3 0.7 0.5
v 0.3 0.9 0.5
v 0.3 1 0.5
v 0.3 1.1 0.5
v 0.4 0.5 0.5
v 0.4 0.7 0.5
v 0.4 0.9 0.5
v 0.4 1 0.5
v 0.4 4 0.5
v 0.4 4.1 0.5
v 0.4 4.2 0.5
v 0.5 0.1 0.5
v 0.5 0.5 0.5
v 0.5 4.1 0.5
v 0.5 4.2 0.5
v 0.5 6.9 0.5
v 0.5 7 0.5
v 0.6 0 0.5
v 0.6 0.1 0.5
v 0.6 0.5 0.5
v 0.6 6.8 0.5
v 0.6 6.9 0.5
v 0.7 0.5 0.5
v 0.7 0.7 0.5
v 0.8 4.6 0.5
v 0.8 4.7 0.5
v 0.9 4.6 0.5
v 0.9 4.7 0.5
v 0.9 6.8 0.5
v 0.9 6.9 0.5
v 0.9 7 0.5
v 1.2 6.8 0.5
v 1.2 7 0.5
v 1.3 6.8 0.5
v 1.3 6.9 0.5
v 1.3 7 0.5
v 1.6 6.9 0.5
v 1.6 7 0.5
v 1.9 6.8 0.5
v 1.9 6.9 0.5
v 2.1 6.7 0.5
v 2.1 6.8 0.5
v 2.1 7 0.5
v 2.2 6.7 0.5
v 2.2 7 0.5
v -1.7 5.5 0.4
v -1.7 5.6 0.4
v -1.5 5 0.4
v -1.5 5.2 0.4
v -1.4 5.1 0.4
v -1.4 5.2 0.4
v -1.3 5 0.4
v -1.3 5.1 0.4
v -1.1 6.4 0.4
v -1.1 6.7 0.4
v -0.9 4.5 0.4
v -0.9 4.7 0.4
v -0.8 4.5 0.4
v -0.8 4.7 0.4
v -0.7 6.4 0.4
v -0.7 6.5 0.4
v -0.7 6.7 0.4
v -0.6 6.4 0.4
v -0.6 6.5 0.4
v -0.5 0.4 0.4
v -0.5 0.5 0.4
v -0.5 6.5 0.4
v -0.5 6.7 0.4
v -0.4 0.4 0.4
v -0.4 0.5 0.4
v -0.4 5.5 0.4
v -0.4 6.5 0.4
v -0.4 6.6 0.4
v -0.3 0.4 0.4
v -0.3 0.5 0.4
v -0.3 0.7 0.4
v -0.3 0.8 0.4
v -0.3 5.5 0.4
v -0.3 5.6 0.4
v -0.3 6.6 0.4
v -0.3 6.7 0.4
v -0.2 0.4 0.4
v -0.2 0.5 0.4
v -0.2 0.7 0.4
v -0.2 0.8 0.4
v -0.0999999 0.4 0.4
v -0.0999999 0.7 0.4
v -0.0999999 1 0.4
v 0 0.6 0.4
v 0 0.7 0.4
v 0 1 0.4
v 0.1 0.4 0.4
v 0.1 0.6 0.4
v 0.1 4.3 0.4
v 0.1 4.5 0.4
v 0.2 0.4 0.4
v 0.2 0.7 0.4
v 0.2 0.9 0.4
v 0.2 4.3 0.4
v 0.3 0.4 0.4
v 0.3 0.7 0.4
v 0.3 0.9 0.4
v 0.3 4.3 0.4
v 0.3 4.5 0.4
v 0.9 6.8 0.4
v 0.9 7 0.4
v 1 4.9 0.4
v 1 5 0.4
v 1 6.8 0.4
v 1 7 0.4
v 1.1 4.9 0.4
v 1.1 5 0.4
v 1.2 6.8 0.4
v 1.2 7 0.4
v 1.3 5.1 0.4
v 1.3 5.2 0.4
v 1.3 6.8 0.4
v 1.3 6.9 0.4
v 1.4 5 0.4
v 1.4 5.1 0.4
v 1.4 5.2 0.4
v 1.6 5 0.4
v 1.6 5.1 0.4
v 1.6 5.2 0.4
v 1.6 5.3 0.4
v 1.6 6.8 0.4
v 1.6 6.9 0.4
v 1.7 5.1 0.4
v 1.7 5.2 0.4
v 1.7 5.3 0.4
v 1.7 5.4 0.4
v 1.9 5.2 0.4
v 1.9 5.3 0.4
v 1.9 6.8 0.4
v 1.9 6.9 0.4
v 2 5.3 0.4
v 2 5.4 0.4
v -1.2 4.5 0.3
v -1.2 4.6 0.3
v -1.1 4.4 0.3
v -1.1 4.5 0.3
v -1.1 4.6 0.3
v -1 4.6 0.3
v -1 4.7 0.3
v -0.9 0.2 0.3
v -0.9 0.3 0.3
v -0.9 4.4 0.3
v -0.9 4.7 0.3
v -0.7 0.3 0.3
v -0.7 0.4 0.3
v -0.6 0 0.3
v -0.6 0.2 0.3
v -0.6 0.4 0.3
v -0.4 0 0.3
v -0.4 0.1 0.3
v -0.4 0.2 0.3
v -0.4 0.4 0.3
v -0.3 0 0.3
v -0.3 0.1 0.3
v -0.3 0.4 0.3
v -0.3 6.8 0.3
v -0.3 6.9 0.3
v -0.0999999 6.8 0.3
v -0.0999999 6.9 0.3
v 0.1 0 0.3
v 0.1 0.4 0.3
v 0.2 4.1 0.3
v 0.2 4.3 0.3
v 0.3 4.3 0.3
v 0.4 4.1 0.3
v 0.4 4.2 0.3
v 0.5 4.2 0.3
v 0.5 4.3 0.3
v 0.5 4.4 0.3
v 0.6 0.3 0.3
v 0.6 0.5 0.3
v 0.6 4.3 0.3
v 0.6 4.4 0.3
v 0.6 4.6 0.3
v 0.6 4.7 0.3
v 0.7 0.3 0.3
v 0.7 0.4 0.3
v 0.7 4.7 0.3
v 0.7 4.8 0.3
v 0.8 0.4 0.3
v 0.8 0.5 0.3
v 0.8 4.6 0.3
v 0.8 4.7 0.3
v 0.8 4.8 0.3
v 0.8 4.9 0.3
v 1 4.7 0.3
v 1 4.8 0.3
v 1.1 4.9 0.3
v 1.1 5 0.3
v 1.2 5 0.3
v 1.2 5.1 0.3
v 1.3 4.8 0.3
v 1.3 4.9 0.3
v 1.4 4.9 0.3
v 1.4 5.1 0.3
v -2.4 6 0.2
v -2.4 6.2 0.2
v -2.3 6 0.2
v -2.3 6.1 0.2
v -2.2 6.1 0.2
v -2.1 6.1 0.2
v -2.1 6.2 0.2
v -1.3 4.6 0.2
v -1.3 4.7 0.2
v -1.1 4.6 0.2
v -1.1 4.7 0.2
v -1.1 4.8 0.2
v -1 4.6 0.2
v -1 4.7 0.2
v -1 4.8 0.2
v -0.6 0.2 0.2
v -0.6 0.3 0.2
v -0.6 0.4 0.2
v -0.4 0 0.2
v -0.4 0.1 0.2
v -0.4 0.2 0.2
v -0.4 0.4 0.2
v -0.3 0 0.2
v -0.3 0.1 0.2
v 0.3 4.3 0.2
v 0.3 4.7 0.2
v 0.4 4.4 0.2
v 0.4 4.7 0.2
v 0.5 4.3 0.2
v 0.5 4.4 0.2
v 0.6 0 0.2
v 0.6 0.1 0.2
v 0.6 0.3 0.2
v 0.7 0 0.2
v 0.7 0.1 0.2
v 0.7 0.3 0.2
v 0.7 0.4 0.2
v 0.8 0.1 0.2
v 0.8 0.2 0.2
v 0.9 0 0.2
v 0.9 0.1 0.2
v 0.9 0.2 0.2
v 0.9 0.3 0.2
v 0.9 0.4 0.2
v 2 5.8 0.2
v 2 6.2 0.2
v 2.1 5.8 0.2
v 2.1 6.2 0.2
v 2.1 6.4 0.2
v 2.3 5.8 0.2
v 2.3 6.4 0.2
v -2.3 5.5 0.0999999
v -2.3 5.6 0.0999999
v -1.9 5.5 0.0999999
v -1.9 5.6 0.0999999
v -1.5 4.7 0.0999999
v -1.5 4.8 0.0999999
v -1.5 5 0.0999999
v -1.5 5.1 0.0999999
v -1.3 4.9 0.0999999
v -1.3 5 0.0999999
v -1.3 5.1 0.0999999
v -1.2 4.9 0.0999999
v -1.2 5 0.0999999
v -1.1 4.7 0.0999999
v -1.1 4.8 0.0999999
v -0.3 6.6 0.0999999
v -0.3 6.8 0.0999999
v -0.2 6.7 0.0999999
v -0.2 6.8 0.0999999
v -0.0999999 6.6 0.0999999
v -0.0999999 6.7 0.0999999
v 0.2 5.5 0.0999999
v 0.2 5.6 0.0999999
v 0.3 5.4 0.0999999
v 0.3 5.5 0.0999999
v 0.4 4.4 0.0999999
v 0.4 4.7 0.0999999
v 0.4 5.2 0.0999999
v 0.4 5.4 0.0999999
v 0.5 4.6 0.0999999
v 0.5 4.7 0.0999999
v 0.6 4.4 0.0999999
v 0.6 4.6 0.0999999
v 0.8 0.1 0.0999999
v 0.8 0.2 0.0999999
v 0.9 0.1 0.0999999
v 0.9 0.2 0.0999999
v 0.9 5.2 0.0999999
v 0.9 5.6 0.0999999
v 1.1 6.7 0.0999999
v 1.1 6.8 0.0999999
v 1.6 6.6 0.0999999
v 1.6 6.7 0.0999999
v 1.6 6.8 0.0999999
v 1.9 6.5 0.0999999
v 1.9 6.6 0.0999999
v 2 5.5 0.0999999
v 2 5.7 0.0999999
v 2 5.8 0.0999999
v 2 6.2 0.0999999
v 2 6.4 0.0999999
v 2 6.5 0.0999999
v 2 6.7 0.0999999
v 2.1 5.5 0.0999999
v 2.1 5.7 0.0999999
v 2.1 5.8 0.0999999
v 2.1 6.2 0.0999999
v 2.1 6.4 0.0999999
v 2.1 6.7 0.0999999
v 2.1 6.8 0.0999999
v -2 6.1 -4.76837e-07
v -2 6.2 -4.76837e-07
v -1.9 6.1 -4.76837e-07
v -1.9 6.2 -4.76837e-07
v -1.8 4.9 -4.76837e-07
v -1.8 5 -4.76837e-07
v -1.8 5.2 -4.76837e-07
v -1.8 5.3 -4.76837e-07
v -1.8 6.2 -4.76837e-07
v -1.8 6.4 -4.76837e-07
v -1.7 5 -4.76837e-07
v -1.7 5.2 -4.76837e-07
v -1.7 5.3 -4.76837e-07
v -1.6 4.8 -4.76837e-07
v -1.6 4.9 -4.76837e-07
v -1.6 5.1 -4.76837e-07
v -1.6 5.2 -4.76837e-07
v -1.5 5 -4.76837e-07
v -1.5 5.1 -4.76837e-07
v -1.4 4.8 -4.76837e-07
v -1.4 5 -4.76837e-07
v -1.2 6.2 -4.76837e-07
v -1.2 6.3 -4.76837e-07
v -1.1 0.2 -4.76837e-07
v -1.1 0.3 -4.76837e-07
v -1.1 4.8 -4.76837e-07
v -1.1 4.9 -4.76837e-07
v -1 4.8 -4.76837e-07
v -1 4.9 -4.76837e-07
v -1 6.3 -4.76837e-07
v -1 6.4 -4.76837e-07
v -0.9 0.2 -4.76837e-07
v -0.9 0.3 -4.76837e-07
v -0.8 0 -4.76837e-07
v -0.8 0.2 -4.76837e-07
v -0.6 0 -4.76837e-07
v -0.6 0.2 -4.76837e-07
v -0.6 0.3 -4.76837e-07
v -0.4 6.5 -4.76837e-07
v -0.4 6.6 -4.76837e-07
v -0.0999999 6.6 -4.76837e-07
v 0 6.5 -4.76837e-07
v 0 6.6 -4.76837e-07
v 0.5 4.6 -4.76837e-07
v 0.5 4.8 -4.76837e-07
v 0.6 4.8 -4.76837e-07
v 0.7 4.6 -4.76837e-07
v 0.7 4.8 -4.76837e-07
v 0.9 0 -4.76837e-07
v 0.9 0.1 -4.76837e-07
v 0.9 0.3 -4.76837e-07
v 1 0.2 -4.76837e-07
v 1 0.3 -4.76837e-07
v 1.1 0 -4.76837e-07
v 1.1 0.1 -4.76837e-07
v 1.1 0.2 -4.76837e-07
v 1.3 6 -4.76837e-07
v 1.3 6.2 -4.76837e-07
v 1.3 6.3 -4.76837e-07
v 1.4 6 -4.76837e-07
v 1.4 6.2 -4.76837e-07
v 1.4 6.3 -4.76837e-07
v 1.6 6.5 -4.76837e-07
v 1.6 6.6 -4.76837e-07
v 1.9 6.5 -4.76837e-07
v 1.9 6.6 -4.76837e-07
v 2 6.4 -4.76837e-07
v 2 6.5 -4.76837e-07
v 2 6.7 -4.76837e-07
v 2.4 6.4 -4.76837e-07
v 2.4 6.7 -4.76837e-07
v -2.1 5.3 -0.1
v -2.1 5.4 -0.1
v -2 5.1 -0.1
v -2 5.3 -0.1
v -1.9 5 -0.1
v -1.9 5.1 -0.1
v -1.9 5.4 -0.1
v -1.9 5.5 -0.1
v -1.8 5.2 -0.1
v -1.8 5.5 -0.1
v -1.7 5 -0.1
v -1.7 5.2 -0.1
v -1.4 4.8 -0.1
v -1.4 4.9 -0.1
v -1.2 6.2 -0.1
v -1.2 6.3 -0.1
v -1.1 0.1 -0.1
v -1.1 0.2 -0.1
v -1.1 4.8 -0.1
v -1.1 4.9 -0.1
v -1.1 6.2 -0.1
v -1.1 6.3 -0.1
v -1 6.3 -0.1
v -1 6.4 -0.1
v -0.9 0 -0.1
v -0.9 0.1 -0.1
v -0.8 0 -0.1
v -0.8 0.2 -0.1
v -0.8 6.3 -0.1
v -0.8 6.4 -0.1
v -0.7 6.3 -0.1
v -0.7 6.4 -0.1
v -0.6 6.3 -0.1
v -0.6 6.4 -0.1
v -0.2 6.7 -0.1
v -0.2 6.8 -0.1
v -0.2 6.9 -0.1
v -0.0999999 6.6 -0.1
v -0.0999999 6.7 -0.1
v 0 6.6 -0.1
v 0 6.7 -0.1
v 0 6.8 -0.1
v 0 6.9 -0.1
v 0.1 6.7 -0.1
v 0.5 6.7 -0.1
v 0.5 6.8 -0.1
v 0.6 4.8 -0.1
v 0.6 5 -0.1
v 0.8 4.8 -0.1
v 0.8 4.9 -0.1
v 0.8 5 -0.1
v 0.8 6.7 -0.1
v 0.8 6.8 -0.1
v 0.9 6.7 -0.1
v 1 6.7 -0.1
v 1.1 6.7 -0.1
v 1.1 6.8 -0.1
v 1.4 5.4 -0.1
v 1.4 5.6 -0.1
v 1.4 6 -0.1
v 1.4 6.1 -0.1
v 1.4 6.2 -0.1
v 1.4 6.3 -0.1
v 1.5 5.8 -0.1
v 1.5 5.9 -0.1
v 1.5 6.1 -0.1
v 1.5 6.2 -0.1
v 1.6 5.7 -0.1
v 1.6 5.8 -0.1
v 1.6 5.9 -0.1
v 1.6 6 -0.1
v 1.6 6.3 -0.1
v 1.6 6.5 -0.1
v 1.7 5.6 -0.1
v 1.7 5.7 -0.1
v 1.7 6.2 -0.1
v 1.7 6.3 -0.1
v 1.8 5.8 -0.1
v 1.8 6.2 -0.1
v 1.8 6.3 -0.1
v 2 5.4 -0.1
v 2 5.7 -0.1
v 2 6.5 -0.1
v -2.2 5.5 -0.2
v -2.2 5.6 -0.2
v -2.1 5.4 -0.2
v -2.1 5.5 -0.2
v -2 5.5 -0.2
v -2 5.6 -0.2
v -1.9 5.4 -0.2
v -1.9 5.5 -0.2
v -1.4 4.9 -0.2
v -1.4 5.2 -0.2
v -1.3 5 -0.2
v -1.3 5.2 -0.2
v -1.1 0 -0.2
v -1.1 0.1 -0.2
v -1.1 4.9 -0.2
v -1.1 5 -0.2
v -1 0 -0.2
v -1 0.1 -0.2
v 0.5 6.7 -0.2
v 0.5 6.8 -0.2
v 0.6 6.7 -0.2
v 0.6 6.8 -0.2
v 0.8 4.9 -0.2
v 0.8 5 -0.2
v 0.8 6.7 -0.2
v 0.8 6.8 -0.2
v 0.9 4.9 -0.2
v 0.9 5 -0.2
v 1.4 6.1 -0.2
v 1.4 6.2 -0.2
v 1.5 5.9 -0.2
v 1.5 6 -0.2
v 1.5 6.1 -0.2
v 1.5 6.2 -0.2
v 1.6 5.9 -0.2
v 1.6 6 -0.2
v -1.3 0.1 -0.3
v -1.3 0.2 -0.3
v -1.3 5 -0.3
v -1.3 5.1 -0.3
v -1.2 0.1 -0.3
v -1.2 0.2 -0.3
v -1.2 5.1 -0.3
v -1.2 5.2 -0.3
v -1.1 5 -0.3
v -1.1 5.2 -0.3
v -1 0 -0.3
v -1 0.1 -0.3
v -0.9 0 -0.3
v -0.9 0.1 -0.3
v -0.6 6.4 -0.3
v -0.6 6.5 -0.3
v -0.3 5.1 -0.3
v -0.3 5.2 -0.3
v -0.0999999 5.1 -0.3
v -0.0999999 5.2 -0.3
v 0 6.4 -0.3
v 0 6.5 -0.3
v 0.8 5 -0.3
v 0.8 5.1 -0.3
v 0.9 5.1 -0.3
v 1 5 -0.3
v 1 5.1 -0.3
v 1 5.2 -0.3
v 1.1 0 -0.3
v 1.1 0.1 -0.3
v 1.1 0.2 -0.3
v 1.1 5.1 -0.3
v 1.1 5.2 -0.3
v 1.2 0 -0.3
v 1.2 0.1 -0.3
v 1.3 0.1 -0.3
v 1.3 0.2 -0.3
v 1.4 5.6 -0.3
v 1.4 5.7 -0.3
v 1.5 5.7 -0.3
v 1.5 5.8 -0.3
v 1.6 5.7 -0.3
v 1.6 5.8 -0.3
v 1.7 5.6 -0.3
v 1.7 5.7 -0.3
v -2.5 5.8 -0.4
v -2.5 6.2 -0.4
v -2.4 5.6 -0.4
v -2.4 5.8 -0.4
v -2.2 5.6 -0.4
v -2.2 5.9 -0.4
v -1.5 6 -0.4
v -1.5 6.1 -0.4
v -1.4 5.6 -0.4
v -1.4 5.9 -0.4
v -1.4 6 -0.4
v -1.4 6.1 -0.4
v -1.4 6.2 -0.4
v -1.3 5.1 -0.4
v -1.3 5.2 -0.4
v -1.2 5.1 -0.4
v -1.2 5.2 -0.4
v -1.2 5.6 -0.4
v -1.2 6 -0.4
v -1.2 6.2 -0.4
v -1.1 6 -0.4
v -1.1 6.2 -0.4
v -0.6 6.3 -0.4
v -0.6 6.4 -0.4
v -0.2 5.2 -0.4
v -0.2 5.4 -0.4
v -0.0999999 5.2 -0.4
v -0.0999999 5.4 -0.4
v 0 6.3 -0.4
v 0 6.4 -0.4
v 0.2 5.2 -0.4
v 0.2 5.4 -0.4
v 0.4 5.2 -0.4
v 0.4 5.3 -0.4
v 0.4 5.4 -0.4
v 0.9 5.1 -0.4
v 0.9 5.2 -0.4
v 1 5.1 -0.4
v 1 5.2 -0.4
v 1 6 -0.4
v 1 6.2 -0.4
v 1 6.3 -0.4
v 1.1 6.3 -0.4
v 1.3 6 -0.4
v 1.3 6.2 -0.4
v 1.3 6.3 -0.4
v 1.4 5.7 -0.4
v 1.4 5.8 -0.4
v 1.4 6 -0.4
v 1.5 5.7 -0.4
v 1.5 5.8 -0.4
v 1.5 6 -0.4
v -2.2 5.5 -0.5
v -2.2 5.9 -0.5
v -1.4 5.5 -0.5
v -1.4 5.9 -0.5
v -1.3 5.2 -0.5
v -1.3 5.3 -0.5
v -1.3 5.4 -0.5
v -1.3 5.5 -0.5
v -1.2 5.4 -0.5
v -1.2 5.5 -0.5
v -1.2 6.2 -0.5
v -1.2 6.4 -0.5
v -1.1 5.2 -0.5
v -1.1 5.3 -0.5
v -1.1 6.2 -0.5
v -1.1 6.3 -0.5
v -0.8 6.3 -0.5
v -0.8 6.4 -0.5
v -0.4 5.2 -0.5
v -0.4 5.3 -0.5
v -0.2 5.2 -0.5
v -0.2 5.3 -0.5
v -0.0999999 5.1 -0.5
v -0.0999999 5.3 -0.5
v 0 6.3 -0.5
v 0 6.4 -0.5
v 0 6.7 -0.5
v 0.1 6.3 -0.5
v 0.1 6.4 -0.5
v 0.2 5.1 -0.5
v 0.2 5.3 -0.5
v 0.2 6.4 -0.5
v 0.2 6.7 -0.5
v 0.4 6.3 -0.5
v 0.4 6.4 -0.5
v 0.6 6.4 -0.5
v 0.6 6.7 -0.5
v 0.7 5.3 -0.5
v 0.7 5.4 -0.5
v 0.8 5.3 -0.5
v 0.8 5.4 -0.5
v 0.9 5.2 -0.5
v 0.9 5.4 -0.5
v 0.9 6.3 -0.5
v 0.9 6.4 -0.5
v 1 5.4 -0.5
v 1 5.6 -0.5
v 1 6.3 -0.5
v 1.1 6.3 -0.5
v 1.1 6.5 -0.5
v 1.2 0 -0.5
v 1.2 0.1 -0.5
v 1.3 0 -0.5
v 1.3 0.1 -0.5
v 1.3 5.6 -0.5
v 1.3 5.8 -0.5
v 1.3 6 -0.5
v 1.3 6.4 -0.5
v 1.3 6.5 -0.5
v 1.4 5.2 -0.5
v 1.4 5.8 -0.5
v 1.4 6 -0.5
v 1.5 6.4 -0.5
v 1.5 6.5 -0.5
v 1.6 6.3 -0.5
v 1.6 6.5 -0.5
v 1.6 6.7 -0.5
v -1.9 0.1 -0.6
v -1.9 0.2 -0.6
v -1.8 0.1 -0.6
v -1.8 0.2 -0.6
v -1.5 0.1 -0.6
v -1.5 0.2 -0.6
v -1.3 0.1 -0.6
v -1.3 0.2 -0.6
v -1.3 5.3 -0.6
v -1.3 5.4 -0.6
v -1.2 5.4 -0.6
v -1.2 5.5 -0.6
v -1.1 5.3 -0.6
v -1.1 5.5 -0.6
v 0.9 5.4 -0.6
v 0.9 5.6 -0.6
v 1 5.4 -0.6
v 1 5.6 -0.6
v -1.9 0 -0.7
v -1.9 0.1 -0.7
v -1.8 0.1 -0.7
v -1.8 0.2 -0.7
v -1.7 0 -0.7
v -1.7 0.2 -0.7
v -1.5 0.1 -0.7
v -1.5 0.2 -0.7
v -1.3 0 -0.7
v -1.3 0.1 -0.7
v -1.2 0 -0.7
v -1.2 0.1 -0.7
v -1.2 5.5 -0.7
v -1.2 5.6 -0.7
v -1.1 5.5 -0.7
v -1.1 5.6 -0.7
v -1.1 6 -0.7
v -1.1 6.1 -0.7
v -1.1 6.2 -0.7
v -1.1 6.3 -0.7
v -1 6 -0.7
v -1 6.1 -0.7
v -1 6.2 -0.7
v -0.9 6.1 -0.7
v -0.9 6.3 -0.7
v -0.8 5.3 -0.7
v -0.8 5.6 -0.7
v -0.7 5.4 -0.7
v -0.7 5.6 -0.7
v -0.6 5.2 -0.7
v -0.6 5.3 -0.7
v -0.6 5.4 -0.7
v -0.6 5.5 -0.7
v -0.6 6 -0.7
v -0.6 6.1 -0.7
v -0.5 5.2 -0.7
v -0.5 5.3 -0.7
v -0.5 6 -0.7
v -0.5 6.1 -0.7
v -0.5 6.3 -0.7
v -0.4 5.4 -0.7
v -0.4 5.5 -0.7
v -0.4 6 -0.7
v -0.4 6.1 -0.7
v -0.4 6.3 -0.7
v 0.3 5.4 -0.7
v 0.3 5.5 -0.7
v 0.4 6 -0.7
v 0.4 6.3 -0.7
v 0.5 5.4 -0.7
v 0.5 5.5 -0.7
v 0.6 6 -0.7
v 0.6 6.2 -0.7
v 0.7 5.3 -0.7
v 0.7 5.4 -0.7
v 0.7 5.6 -0.7
v 0.7 6 -0.7
v 0.8 6 -0.7
v 0.8 6.2 -0.7
v 0.9 5.4 -0.7
v 0.9 5.6 -0.7
v 1 6 -0.7
v 1 6.3 -0.7
v -2.1 0 -0.8
v -2.1 0.2 -0.8
v -1.9 0 -0.8
v -1.9 0.2 -0.8
v -0.7 5.4 -0.8
v -0.7 5.5 -0.8
v -0.6 5.4 -0.8
v -0.6 5.5 -0.8
v -0.6 6 -0.8
v -0.6 6.1 -0.8
v -0.5 6 -0.8
v -0.5 6.1 -0.8
v -0.4 6.1 -0.8
v -0.4 6.4 -0.8
v -0.3 6.1 -0.8
v -0.2 6 -0.8
v -0.2 6.1 -0.8
v -0.0999999 6 -0.8
v -0.0999999 6.2 -0.8
v -0.0999999 6.3 -0.8
v 0 6.2 -0.8
v 0 6.3 -0.8
v 0 6.4 -0.8
v 0.1 6.3 -0.8
v 0.1 6.4 -0.8
v 0.3 6 -0.8
v 0.3 6.2 -0.8
v 0.4 6 -0.8
v 0.4 6.3 -0.8
v 0.4 6.4 -0.8
v -2.3 0 -0.9
v -2.3 0.2 -0.9
v -2.1 0 -0.9
v -2.1 0.2 -0.9
v -1.2 5.6 -0.9
v -1.2 6 -0.9
v -0.7 5.6 -0.9
v -0.7 5.7 -0.9
v -0.6 5.7 -0.9
v -0.6 5.8 -0.9
v -0.5 5.7 -0.9
v -0.5 5.8 -0.9
v -0.4 5.4 -0.9
v -0.4 5.5 -0.9
v -0.4 6 -0.9
v -0.4 6.1 -0.9
v -0.3 6 -0.9
v -0.3 6.1 -0.9
v -0.2 5.7 -0.9
v -0.2 6 -0.9
v -0.2 6.1 -0.9
v -0.0999999 6 -0.9
v -0.0999999 6.2 -0.9
v 0.3 5.4 -0.9
v 0.3 5.5 -0.9
v 0.3 6 -0.9
v 0.3 6.2 -0.9
v 0.5 5.4 -0.9
v 0.5 5.5 -0.9
v 0.6 5.5 -0.9
v 0.6 5.7 -0.9
v 0.6 5.8 -0.9
v 0.6 5.9 -0.9
v 0.7 5.4 -0.9
v 0.7 5.6 -0.9
v 0.7 5.7 -0.9
v 0.7 5.8 -0.9
v 0.7 5.9 -0.9
v 0.7 6 -0.9
v 0.8 5.8 -0.9
v 0.8 5.9 -0.9
v 1 5.8 -0.9
v 1 6 -0.9
v 1.3 0 -0.9
v 1.3 0.2 -0.9
v 1.3 5.6 -0.9
v 1.3 5.8 -0.9
v 1.3 6 -0.9
v 1.6 0 -0.9
v 1.6 0.2 -0.9
v -0.7 5.5 -1
v -0.7 5.7 -1
v 0.6 5.5 -1
v 0.6 5.7 -1
v -2.2 0 2.8
v -2.1 0 2.8
v 1.1 0 2.8
v 1.2 0 2.8
v 0.9 0 2.7
v 1.1 0 2.7
v -2.2 0 2.6
v -2.1 0 2.6
v -2 0 2.6
v -1.9 0 2.6
v 0.5 0 2.6
v 0.9 0 2.6
v 0.4 0 2.5
v 0.5 0 2.5
v 0.8 0 2.5
v 1.2 0 2.5
v -1.9 0 2.4
v -1.5 0 2.4
v 0.6 0 2.4
v 0.7 0 2.4
v -2 0 2.3
v -1.9 0 2.3
v 0 0 2.3
v 0.3 0 2.3
v 0.4 0 2.3
v 0.7 0 2.3
v 0.8 0 2.3
v 0.6 0 2.2
v 0.8 0 2.2
v 0.5 0 2.1
v 0.8 0 2.1
v -1.9 0 2
v -1.5 0 2
v 0 0 2
v 0.3 0 2
v 0.4 0 2
v 0.5 0 2
v -1.5 0 1.9
v -1.2 0 1.9
v -1.1 0 1.9
v 0.2 0 1.9
v 0.3 0 1.9
v 0.4 0 1.9
v 0.9 0 1.9
v 0.1 0 1.8
v 0.2 0 1.8
v -1.1 0 1.7
v -1 0 1.7
v -0.8 0 1.7
v -0.5 0 1.7
v -0.4 0 1.7
v -0.2 0 1.7
v -0.0999999 0 1.7
v 0.1 0 1.7
v 0.4 0 1.7
v 0.9 0 1.7
v -1.2 0 1.6
v -1.1 0 1.6
v -0.7 0 1.6
v -0.6 0 1.6
v -0.5 0 1.6
v -0.4 0 1.6
v -0.2 0 1.6
v 0.4 0 1.6
v 0.5 0 1.6
v 0.5 0 1.5
v 0.6 0 1.5
v -0.8 0 1.4
v -0.7 0 1.4
v -1.1 0 1.3
v -1 0 1.3
v -0.9 0 1.2
v -0.8 0 1.2
v -0.7 0 1.2
v 0.5 0 1.2
v 0.6 0 1.2
v -1.5 0 1.1
v -1.4 0 1.1
v -0.8 0 1.1
v -0.7 0 1.1
v -1.4 0 1
v -1.1 0 1
v -1 0 1
v -0.6 0 1
v -0.0999999 0 1
v 0.6 0 1
v 0.7 0 1
v 0.7 0 0.9
v 0.9 0 0.9
v -1 0 0.8
v -0.9 0 0.8
v -0.6 0 0.8
v -0.7 0 0.7
v -0.6 0 0.7
v 0.5 0 0.7
v 0.6 0 0.7
v -0.7 0 0.6
v -0.5 0 0.6
v 0 0 0.6
v 0.6 0 0.6
v 0.7 0 0.6
v 0.8 0 0.6
v 0.9 0 0.6
v -0.6 0 0.5
v -0.5 0 0.5
v -0.3 0 0.5
v 0 0 0.5
v 0.1 0 0.5
v 0.6 0 0.5
v 0.9 0 0.5
v 1.1 0 0.5
v -1 0 0.4
v -0.9 0 0.4
v -0.6 0 0.4
v 0.8 0 0.4
v 1.1 0 0.4
v 1.2 0 0.4
v -1 0 0.3
v -0.9 0 0.3
v -0.6 0 0.3
v -0.4 0 0.3
v -0.3 0 0.3
v 0.1 0 0.3
v -0.4 0 0.2
v -0.3 0 0.2
v 0.6 0 0.2
v 0.7 0 0.2
v 0.9 0 0.2
v -1.1 0 0.0999999
v -1 0 0.0999999
v 1.2 0 0.0999999
v 1.3 0 0.0999999
v -1.7 0 -4.76837e-07
v -1.2 0 -4.76837e-07
v -0.8 0 -4.76837e-07
v -0.6 0 -4.76837e-07
v 0.9 0 -4.76837e-07
v 1.1 0 -4.76837e-07
v -1.1 0 -0.1
v -0.9 0 -0.1
v -0.8 0 -0.1
v -1.1 0 -0.2
v -1 0 -0.2
v -0.9 0 -0.2
v -1.9 0 -0.3
v -1.7 0 -0.3
v -1 0 -0.3
v -0.9 0 -0.3
v 1.1 0 -0.3
v 1.2 0 -0.3
v 1.3 0 -0.3
v 1.4 0 -0.3
v 1.4 0 -0.4
v 1.6 0 -0.4
v -1.7 0 -0.5
v -1.3 0 -0.5
v 1.2 0 -0.5
v 1.3 0 -0.5
v -2.1 0 -0.6
v -1.9 0 -0.6
v -2.3 0 -0.7
v -2.1 0 -0.7
v -1.9 0 -0.7
v -1.7 0 -0.7
v -1.3 0 -0.7
v -1.2 0 -0.7
v -2.1 0 -0.8
v -1.9 0 -0.8
v -2.3 0 -0.9
v -2.1 0 -0.9
v 1.3 0 -0.9
v 1.6 0 -0.9
v 0.6 0.1 2.4
v 0.7 0.1 2.4
v 0.7 0.1 2.3
v 0.6 0.1 2.2
v 0.7 0.1 2.2
v -1.5 0.1 2.1
v -1.4 0.1 2.1
v 0.5 0.1 2.1
v 0.7 0.1 2.1
v -1.6 0.1 2
v -1.5 0.1 2
v 0 0.1 2
v 0.3 0.1 2
v 0.4 0.1 2
v 0.5 0.1 2
v -1.6 0.1 1.9
v -1.5 0.1 1.9
v -1.4 0.1 1.9
v 0.2 0.1 1.9
v 0.3 0.1 1.9
v 0.4 0.1 1.9
v 0.7 0.1 1.9
v -0.3 0.1 1.8
v -0.0999999 0.1 1.8
v 0.1 0.1 1.8
v 0.2 0.1 1.8
v -0.3 0.1 1.7
v -0.2 0.1 1.7
v -0.0999999 0.1 1.7
v 0 0.1 1.7
v 0.1 0.1 1.7
v 0.4 0.1 1.7
v 0.7 0.1 1.7
v 0.4 0.1 1.6
v 0.5 0.1 1.6
v 0.7 0.1 1.6
v -0.8 0.1 1.5
v -0.7 0.1 1.5
v -0.8 0.1 1.4
v -0.7 0.1 1.4
v -0.9 0.1 0.5
v -0.6 0.1 0.5
v -0.9 0.1 0.4
v -0.6 0.1 0.4
v 0.8 0.1 0.2
v 0.9 0.1 0.2
v 0.8 0.1 0.0999999
v 0.9 0.1 0.0999999
v -0.6 0.2 0.3
v -0.4 0.2 0.3
v -0.6 0.2 0.2
v -0.4 0.2 0.2
v -0.6 0.3 1.6
v -0.5 0.3 1.6
v -0.6 0.3 1.5
v -0.5 0.3 1.5
v -1 0.3 1
v -0.9 0.3 1
v -1 0.3 0.9
v -0.9 0.3 0.9
v -0.7 0.4 1
v -0.6 0.4 1
v -0.7 0.4 0.9
v -0.6 0.4 0.9
v -0.7 0.4 0.8
v -0.6 0.4 0.8
v -0.7 0.4 0.7
v -0.6 0.4 0.7
v 0.2 0.4 0.5
v 0.3 0.4 0.5
v 0.2 0.4 0.4
v 0.3 0.4 0.4
v -0.6 0.5 0.6
v -0.5 0.5 0.6
v -0.6 0.5 0.5
v -0.5 0.5 0.5
v -0.0999999 0.6 1.7
v 0 0.6 1.7
v -0.0999999 0.6 1.6
v 0 0.6 1.6
v -0.7 0.6 1.1
v -0.4 0.6 1.1
v -0.7 0.6 1
v -0.6 0.6 1
v -0.5 0.6 1
v -0.4 0.6 1
v 0.5 0.7 1.2
v 0.6 0.7 1.2
v 0.5 0.7 1.1
v 0.6 0.7 1.1
v -0.7 0.7 1
v -0.6 0.7 1
v -0.7 0.7 0.9
v -0.6 0.7 0.9
v -0.3 0.7 0.5
v -0.2 0.7 0.5
v -0.3 0.7 0.4
v -0.2 0.7 0.4
v 0 0.8 1.7
v 0.1 0.8 1.7
v 0 0.8 1.6
v 0.1 0.8 1.6
v 0.5 0.8 0.9
v 0.6 0.8 0.9
v 0.5 0.8 0.8
v 0.6 0.8 0.8
v -0.7 0.9 1.1
v -0.6 0.9 1.1
v -0.7 0.9 1
v -0.6 0.9 1
v 0.3 0.9 0.7
v 0.4 0.9 0.7
v 0.3 0.9 0.6
v 0.3 0.9 0.5
v 0.4 0.9 0.5
v -0.7 1.2 1
v -0.6 1.2 1
v 0.4 1.2 1
v 0.5 1.2 1
v -0.7 1.2 0.9
v -0.6 1.2 0.9
v 0.4 1.2 0.9
v 0.5 1.2 0.9
v 0.4 1.3 0.9
v 0.5 1.3 0.9
v 0.4 1.3 0.8
v 0.5 1.3 0.8
v -0.3 1.4 1.5
v -0.2 1.4 1.5
v -0.3 1.4 1.4
v -0.2 1.4 1.4
v -0.3 1.4 1.3
v -0.2 1.4 1.3
v -0.7 1.5 1.1
v -0.6 1.5 1.1
v -0.7 1.5 1
v -0.6 1.5 1
v 0.2 1.7 1.6
v 0.5 1.7 1.6
v 0.2 1.7 1.5
v 0.4 1.7 1.5
v 0.4 1.7 1.2
v 0.5 1.7 1.2
v 0.1 2 1.1
v 0.2 2 1.1
v 0.4 2 1.1
v 0.1 2 1
v 0.2 2 1
v 0.4 2 1
v 0.5 2.1 1.6
v 0.6 2.1 1.6
v 0.5 2.1 1.2
v 0.6 2.1 1.2
v -0.7 2.1 1
v -0.6 2.1 1
v -0.6 2.1 0.9
v -0.7 2.1 0.8
v -0.6 2.1 0.8
v -0.5 2.2 0.7
v -0.4 2.2 0.7
v -0.3 2.2 0.7
v -0.5 2.2 0.6
v -0.3 2.2 0.6
v -0.2 2.2 0.6
v -0.0999999 2.2 0.6
v -0.2 2.2 0.5
v -0.0999999 2.2 0.5
v 0.1 2.3 1.7
v 0.6 2.3 1.7
v 0.1 2.3 1.6
v 0.6 2.3 1.6
v -0.4 2.3 1.4
v -0.3 2.3 1.4
v -0.4 2.3 1.3
v -0.3 2.3 1.3
v -0.4 2.3 1.2
v -0.3 2.3 1.2
v 0.6 2.4 1.7
v 0.7 2.4 1.7
v 0.6 2.4 1.5
v 0.7 2.4 1.5
v -0.5 2.4 0.6
v -0.4 2.4 0.6
v -0.3 2.4 0.6
v -0.2 2.4 0.6
v -0.5 2.4 0.5
v -0.4 2.4 0.5
v -0.3 2.4 0.5
v -0.2 2.4 0.5
v 0.7 2.5 1.8
v 0.8 2.5 1.8
v 0.7 2.5 1.7
v 0.7 2.5 1.6
v 0.8 2.5 1.6
v -0.5 2.5 1.3
v -0.4 2.5 1.3
v -0.5 2.5 1.2
v -0.4 2.5 1.2
v -0.5 2.5 1.1
v -0.4 2.5 1.1
v 0.6 2.6 1.8
v 0.7 2.6 1.8
v 0.6 2.6 1.7
v 0.7 2.6 1.7
v 0.7 2.6 1.6
v 0.8 2.6 1.6
v 0.7 2.6 1.5
v 0.8 2.6 1.5
v -0.5 2.6 1.4
v -0.4 2.6 1.4
v -0.5 2.6 1.3
v -0.4 2.6 1.3
v 0.6 2.7 1.9
v 0.8 2.7 1.9
v 0.6 2.7 1.8
v 0.8 2.7 1.8
v 0.9 2.7 1.8
v -0.6 2.7 1.5
v -0.3 2.7 1.5
v 0.8 2.7 1.5
v 0.9 2.7 1.5
v -0.5 2.7 1.4
v -0.3 2.7 1.4
v -0.6 2.7 1.3
v -0.5 2.7 1.3
v -0.6 2.7 1.2
v -0.5 2.7 1.2
v -0.6 2.7 0.8
v -0.5 2.7 0.8
v -0.6 2.7 0.7
v -0.5 2.7 0.7
v 0.7 2.8 2
v 0.9 2.8 2
v 0.7 2.8 1.9
v 0.8 2.8 1.9
v 0.9 2.8 1.9
v 1 2.8 1.9
v 0.8 2.8 1.8
v 0.9 2.8 1.8
v -0.7 2.8 1.7
v -0.4 2.8 1.7
v 0.9 2.8 1.7
v 1 2.8 1.7
v -0.5 2.8 1.6
v -0.4 2.8 1.6
v -0.7 2.8 1.5
v -0.6 2.8 1.5
v -0.5 2.8 1.5
v -0.4 2.8 1.5
v 0.6 2.9 2.1
v 0.8 2.9 2.1
v 0.6 2.9 2
v 0.7 2.9 2
v 0.8 2.9 2
v 0.6 2.9 1.9
v 0.7 2.9 1.9
v 0.9 2.9 1.7
v 1 2.9 1.7
v 1.3 2.9 1.7
v 0.9 2.9 1.5
v 1.3 2.9 1.5
v 0.8 3 2.1
v 0.9 3 2.1
v 0.8 3 2
v 0.9 3 2
v 1 3 2
v 0.9 3 1.9
v 1 3 1.9
v 1.2 3 1.9
v 1 3 1.8
v 1.2 3 1.8
v -0.8 3 1.6
v -0.7 3 1.6
v -0.7 3 1.5
v -0.6 3 1.5
v -0.8 3 1.4
v -0.7 3 1.4
v -0.6 3 1.4
v 0.2 3 1.3
v 0.3 3 1.3
v 0.2 3 1.2
v 0.3 3 1.2
v 0.7 3.1 2.2
v 0.9 3.1 2.2
v 0.7 3.1 2.1
v 0.9 3.1 2.1
v 1.1 3.1 1.8
v 1.2 3.1 1.8
v 1.5 3.1 1.8
v 1.1 3.1 1.7
v 1.3 3.1 1.7
v 1.3 3.1 1.6
v 1.4 3.1 1.6
v 1.3 3.1 1.5
v 1.4 3.1 1.5
v 1.5 3.1 1.5
v 0.3 3.1 1.1
v 0.4 3.1 1.1
v 0.3 3.1 1
v 0.4 3.1 1
v 0.7 3.2 2.3
v 0.9 3.2 2.3
v 0.7 3.2 2.2
v 0.9 3.2 2.2
v 1.3 3.2 1.9
v 1.8 3.2 1.9
v 1.3 3.2 1.8
v 1.5 3.2 1.8
v 1.8 3.2 1.8
v 1.9 3.2 1.8
v 1.2 3.2 1.5
v 1.4 3.2 1.5
v 1.5 3.2 1.5
v 1.7 3.2 1.5
v 1.9 3.2 1.5
v 1.2 3.2 1.4
v 1.7 3.2 1.4
v -0.6 3.2 1.2
v -0.5 3.2 1.2
v -0.6 3.2 1.1
v -0.5 3.2 1.1
v -0.6 3.2 1
v -0.5 3.2 1
v -0.6 3.2 0.9
v -0.5 3.2 0.9
v 1.7 3.3 2.5
v 1.8 3.3 2.5
v 0.8 3.3 2.4
v 0.9 3.3 2.4
v 0.8 3.3 2.3
v 0.9 3.3 2.3
v 1.7 3.3 2.3
v 1.8 3.3 2.3
v 1.9 3.3 1.7
v 2 3.3 1.7
v 1.7 3.3 1.5
v 1.9 3.3 1.5
v 1.5 3.3 1.4
v 1.7 3.3 1.4
v 1.5 3.3 1.3
v 2 3.3 1.3
v 0.7 3.4 2.4
v 0.8 3.4 2.4
v 1.8 3.4 2.4
v 1.9 3.4 2.4
v 0.7 3.4 2.3
v 0.8 3.4 2.3
v 1.7 3.4 2.3
v 1.8 3.4 2.3
v 1.3 3.4 2
v 1.7 3.4 2
v 1.8 3.4 2
v 1.9 3.4 2
v -0.8 3.4 1.9
v -0.6 3.4 1.9
v 1.3 3.4 1.9
v 1.8 3.4 1.9
v -0.6 3.4 1.8
v -0.5 3.4 1.8
v -0.7 3.4 1.7
v -0.5 3.4 1.7
v -0.8 3.4 1.6
v -0.7 3.4 1.6
v 2 3.4 1.5
v 2.1 3.4 1.5
v 2 3.4 1.3
v 2.1 3.4 1.3
v 1.8 3.5 2.5
v 1.9 3.5 2.5
v 1.8 3.5 2.4
v 1.9 3.5 2.4
v 1.5 3.5 2.1
v 1.6 3.5 2.1
v 1.5 3.5 2
v 1.6 3.5 2
v 1.7 3.5 1.3
v 1.9 3.5 1.3
v 1.7 3.5 1.1
v 1.9 3.5 1.1
v 0 3.5 1
v 0.4 3.5 1
v 0 3.5 0.9
v 0.4 3.5 0.9
v 0 3.5 0.8
v 0.3 3.5 0.8
v 0.4 3.5 0.8
v 0 3.5 0.7
v 0.2 3.5 0.7
v 0.3 3.5 0.7
v 0 3.5 0.6
v 0.2 3.5 0.6
v 0.8 3.6 2.6
v 0.9 3.6 2.6
v 0.7 3.6 2.5
v 0.8 3.6 2.5
v 1.3 3.6 2.5
v 1.7 3.6 2.5
v 0.7 3.6 2.4
v 0.9 3.6 2.4
v 1.5 3.6 2.1
v 1.6 3.6 2.1
v -0.9 3.6 2
v -0.8 3.6 2
v 1.3 3.6 2
v 1.5 3.6 2
v 1.6 3.6 2
v 1.7 3.6 2
v 1.8 3.6 2
v 1.9 3.6 2
v -0.8 3.6 1.9
v 1.8 3.6 1.8
v 1.9 3.6 1.8
v -0.9 3.6 1.7
v -0.8 3.6 1.7
v -0.3 3.6 1.5
v -0.2 3.6 1.5
v -0.0999999 3.6 1.5
v 0.1 3.6 1.5
v -0.3 3.6 1.4
v -0.2 3.6 1.4
v -0.0999999 3.6 1.4
v 0.1 3.6 1.4
v -0.6 3.6 0.9
v -0.5 3.6 0.9
v -0.6 3.6 0.8
v -0.5 3.6 0.8
v -0.3 3.6 0.8
v -0.2 3.6 0.8
v -0.6 3.6 0.7
v -0.3 3.6 0.7
v -0.2 3.6 0.7
v 1.3 3.7 2.8
v 1.7 3.7 2.8
v 0.7 3.7 2.6
v 0.8 3.7 2.6
v 0.7 3.7 2.5
v 0.8 3.7 2.5
v 1.3 3.7 2.5
v 1.7 3.7 2.5
v 1.2 3.7 2.2
v 1.3 3.7 2.2
v -1.1 3.7 2.1
v -0.9 3.7 2.1
v -0.9 3.7 2
v -1.1 3.7 1.9
v -0.9 3.7 1.9
v 1.3 3.7 1.8
v 1.4 3.7 1.8
v 1.9 3.7 1.8
v 2.1 3.7 1.8
v 1.9 3.7 1.7
v 2 3.7 1.7
v 2.1 3.7 1.7
v 1.2 3.7 1.6
v 1.4 3.7 1.6
v 0.8 3.8 2.8
v 1 3.8 2.8
v 0.7 3.8 2.7
v 0.8 3.8 2.7
v 0.9 3.8 2.7
v 0.7 3.8 2.6
v 0.9 3.8 2.6
v -1.2 3.8 2.3
v -1 3.8 2.3
v 0.9 3.8 2.3
v 1 3.8 2.3
v -1 3.8 2.2
v -0.9 3.8 2.2
v -1.2 3.8 2.1
v -1.1 3.8 2.1
v -0.9 3.8 2.1
v 0.9 3.8 2
v 1.2 3.8 2
v 2 3.8 1.9
v 2.2 3.8 1.9
v 2 3.8 1.8
v 2.1 3.8 1.8
v 1.4 3.8 1.7
v 1.5 3.8 1.7
v 1.7 3.8 1.7
v 2.1 3.8 1.7
v 2.2 3.8 1.7
v 0.9 3.8 1.6
v 1.2 3.8 1.6
v 1.4 3.8 1.6
v 1.6 3.8 1.6
v 1.7 3.8 1.5
v 1.8 3.8 1.5
v 1.6 3.8 1.4
v 1.8 3.8 1.4
v 0.7 3.9 2.9
v 1 3.9 2.9
v 0.8 3.9 2.8
v 1 3.9 2.8
v 1.1 3.9 2.8
v 0.7 3.9 2.7
v 0.8 3.9 2.7
v 0.7 3.9 2.5
v 0.8 3.9 2.5
v 0.7 3.9 2.4
v 0.8 3.9 2.4
v 1 3.9 2.4
v 1.1 3.9 2.4
v 0.9 3.9 2.3
v 1 3.9 2.3
v 1.3 3.9 2.3
v 1.2 3.9 2.2
v 1.3 3.9 2.2
v 1.9 3.9 2.1
v 2.1 3.9 2.1
v 0.9 3.9 2
v 1.2 3.9 2
v 2 3.9 2
v 2.1 3.9 2
v 2 3.9 1.9
v 2.1 3.9 1.9
v 1.9 3.9 1.8
v 2 3.9 1.8
v 1.9 3.9 1.7
v 2 3.9 1.7
v 1.9 3.9 1.5
v 2 3.9 1.5
v -0.7 3.9 1
v -0.6 3.9 1
v -0.7 3.9 0.8
v -0.6 3.9 0.8
v -0.2 3.9 0.8
v -0.0999999 3.9 0.8
v 0.3 3.9 0.8
v 0.4 3.9 0.8
v -0.7 3.9 0.7
v -0.6 3.9 0.7
v -0.2 3.9 0.7
v -0.0999999 3.9 0.7
v 0 3.9 0.7
v 0.2 3.9 0.7
v 0.3 3.9 0.7
v 0.4 3.9 0.7
v -0.0999999 3.9 0.6
v 0 3.9 0.6
v 0.2 3.9 0.6
v 0.4 3.9 0.6
v 0.6 4 3
v 1.2 4 3
v 0.7 4 2.9
v 1 4 2.9
v 1 4 2.8
v 1.1 4 2.8
v 1.2 4 2.8
v 1.3 4 2.8
v 0.7 4 2.7
v 1.7 4 2.7
v 1.9 4 2.7
v 2 4 2.7
v 0.7 4 2.6
v 1.9 4 2.6
v 2 4 2.6
v -1.5 4 2.5
v -1.2 4 2.5
v -1.1 4 2.5
v 0.6 4 2.5
v 0.7 4 2.5
v 1.7 4 2.5
v 1.8 4 2.5
v 1.9 4 2.5
v -1.5 4 2.4
v -1.4 4 2.4
v 1.1 4 2.4
v 1.3 4 2.4
v 1.9 4 2.4
v 2 4 2.4
v -1.5 4 2.3
v -1.4 4 2.3
v -1.2 4 2.3
v -1.1 4 2.3
v -1.5 4 2.1
v -1.2 4 2.1
v -0.8 4 2.1
v -0.6 4 2.1
v -0.8 4 2
v -0.7 4 2
v -0.6 4 2
v -0.8 4 1.8
v -0.7 4 1.8
v 0.1 4 0.9
v 0.2 4 0.9
v 0.1 4 0.8
v 0.2 4 0.8
v 0 4 0.6
v 0.4 4 0.6
v 0 4 0.5
v 0.4 4 0.5
v -1.6 4.1 2.7
v -1.4 4.1 2.7
v -1.4 4.1 2.6
v -1.3 4.1 2.6
v -1.5 4.1 2.5
v -1.3 4.1 2.5
v -1.5 4.1 2.4
v -1.4 4.1 2.4
v -1.6 4.1 2.3
v -1.5 4.1 2.3
v -1.4 4.1 2.3
v -0.7 4.1 2.2
v -0.6 4.1 2.2
v -0.5 4.1 2.2
v -1.4 4.1 2.1
v -1.3 4.1 2.1
v -0.7 4.1 2.1
v -0.6 4.1 2.1
v -1.4 4.1 2
v -1.3 4.1 2
v -0.6 4.1 2
v -0.5 4.1 2
v -0.8 4.1 0.9
v -0.7 4.1 0.9
v 0.4 4.1 0.9
v 0.5 4.1 0.9
v -0.7 4.1 0.8
v -0.8 4.1 0.7
v -0.7 4.1 0.7
v -0.5 4.1 0.7
v 0.4 4.1 0.7
v -0.8 4.1 0.6
v -0.7 4.1 0.6
v -0.5 4.1 0.6
v 0.2 4.1 0.5
v 0.4 4.1 0.5
v 0.5 4.1 0.5
v 0.2 4.1 0.3
v 0.4 4.1 0.3
v -1.7 4.2 2.8
v -1.6 4.2 2.8
v -1.4 4.2 2.8
v -1.6 4.2 2.7
v -1.4 4.2 2.7
v -1.7 4.2 2.6
v -1.6 4.2 2.6
v 1.1 4.2 2.4
v 1.3 4.2 2.4
v -1.7 4.2 2.3
v -1.6 4.2 2.3
v -1.5 4.2 2.3
v -0.6 4.2 2.3
v -0.4 4.2 2.3
v 1.1 4.2 2.3
v 1.3 4.2 2.3
v -0.6 4.2 2.2
v -0.5 4.2 2.2
v 1.9 4.2 2.2
v 2 4.2 2.2
v -1.7 4.2 2.1
v -1.5 4.2 2.1
v -0.5 4.2 2.1
v -0.4 4.2 2.1
v 1.9 4.2 2.1
v 2 4.2 2.1
v 1.4 4.2 1.8
v 1.9 4.2 1.8
v 1.4 4.2 1.7
v 1.6 4.2 1.7
v 1.9 4.2 1.7
v -0.9 4.2 0.8
v -0.8 4.2 0.8
v -0.9 4.2 0.7
v -0.8 4.2 0.7
v 0.4 4.2 0.5
v 0.5 4.2 0.5
v 0.4 4.2 0.3
v 0.5 4.2 0.3
v -0.3 4.3 3.4
v -0.2 4.3 3.4
v -0.3 4.3 3.2
v -0.2 4.3 3.2
v 0.2 4.3 3.2
v 0.4 4.3 3.2
v 0 4.3 3.1
v 0.2 4.3 3.1
v -1.5 4.3 3
v -1.4 4.3 3
v -0.0999999 4.3 2.9
v 0 4.3 2.9
v 0.3 4.3 2.9
v 0.4 4.3 2.9
v -1.5 4.3 2.8
v -1.4 4.3 2.8
v -0.0999999 4.3 2.8
v 0.3 4.3 2.8
v -0.4 4.3 2.5
v -0.2 4.3 2.5
v -0.5 4.3 2.4
v -0.4 4.3 2.4
v -0.3 4.3 2.4
v -0.2 4.3 2.4
v -0.5 4.3 2.3
v -0.4 4.3 2.3
v -0.4 4.3 2.2
v -0.3 4.3 2.2
v 0.4 4.3 0.8
v 0.5 4.3 0.8
v -0.9 4.3 0.7
v -0.8 4.3 0.7
v 0.4 4.3 0.7
v -0.8 4.3 0.6
v -0.7 4.3 0.6
v -0.6 4.3 0.6
v 0.4 4.3 0.6
v 0.5 4.3 0.6
v -0.9 4.3 0.5
v -0.6 4.3 0.5
v 0.1 4.3 0.5
v 0.2 4.3 0.5
v 0.5 4.3 0.5
v 0.6 4.3 0.5
v 0.1 4.3 0.4
v 0.2 4.3 0.4
v 0.3 4.3 0.3
v 0.5 4.3 0.3
v 0.6 4.3 0.3
v 0.3 4.3 0.2
v 0.5 4.3 0.2
v -0.5 4.4 3.3
v -0.3 4.4 3.3
v -0.2 4.4 3.3
v 0.4 4.4 3.3
v -0.5 4.4 3.2
v -0.3 4.4 3.2
v -0.2 4.4 3.2
v 0.2 4.4 3.2
v 0.4 4.4 3.2
v -1.5 4.4 3.1
v -1.3 4.4 3.1
v 0 4.4 3.1
v 0.2 4.4 3.1
v -1.5 4.4 3
v -1.4 4.4 3
v -1.7 4.4 2.9
v -1.6 4.4 2.9
v -1.4 4.4 2.9
v -1.3 4.4 2.9
v -0.0999999 4.4 2.9
v 0 4.4 2.9
v 0.3 4.4 2.9
v 0.4 4.4 2.9
v -1.7 4.4 2.8
v -1.6 4.4 2.8
v -0.0999999 4.4 2.8
v 0.3 4.4 2.8
v -0.4 4.4 2.7
v -0.3 4.4 2.7
v 0.4 4.4 2.7
v -0.4 4.4 2.6
v -0.3 4.4 2.6
v -0.2 4.4 2.6
v -0.4 4.4 2.5
v -0.2 4.4 2.5
v 1.5 4.4 2.3
v 1.7 4.4 2.3
v -1.9 4.4 2.2
v -1.7 4.4 2.2
v 1.5 4.4 2.2
v 1.7 4.4 2.2
v -1.9 4.4 2.1
v -1.7 4.4 2.1
v 2 4.4 2
v 2.1 4.4 2
v 2 4.4 1.8
v 2.1 4.4 1.8
v -1.1 4.4 0.6
v -0.9 4.4 0.6
v -0.9 4.4 0.5
v -1.1 4.4 0.3
v -0.9 4.4 0.3
v 0.5 4.4 0.3
v 0.6 4.4 0.3
v 0.4 4.4 0.2
v 0.5 4.4 0.2
v 0.4 4.4 0.0999999
v 0.6 4.4 0.0999999
v 0 4.5 3.5
v 0.6 4.5 3.5
v 0 4.5 3.3
v 0.4 4.5 3.3
v -1.4 4.5 3.2
v -1.2 4.5 3.2
v -0.5 4.5 3.2
v -0.3 4.5 3.2
v -1.4 4.5 3.1
v -1.3 4.5 3.1
v -1.8 4.5 3
v -1.7 4.5 3
v -1.3 4.5 3
v -1.2 4.5 3
v -0.5 4.5 3
v -0.3 4.5 3
v -1.7 4.5 2.9
v -0.4 4.5 2.9
v -0.3 4.5 2.9
v 0.6 4.5 2.9
v 0.8 4.5 2.9
v -1.8 4.5 2.8
v -1.7 4.5 2.8
v -0.5 4.5 2.8
v -0.4 4.5 2.8
v 0.7 4.5 2.8
v 0.8 4.5 2.8
v -0.5 4.5 2.7
v -0.4 4.5 2.7
v -0.3 4.5 2.7
v -0.2 4.5 2.7
v -0.0999999 4.5 2.7
v 0.2 4.5 2.7
v 0.4 4.5 2.7
v -0.3 4.5 2.6
v -0.2 4.5 2.6
v -0.2 4.5 2.5
v -0.0999999 4.5 2.5
v 0.2 4.5 2.5
v 0.7 4.5 2.5
v -1.9 4.5 2.1
v -1.8 4.5 2.1
v -1.9 4.5 2
v -1.8 4.5 2
v -1.2 4.5 0.5
v -1.1 4.5 0.5
v -0.9 4.5 0.5
v -0.8 4.5 0.5
v -1.2 4.5 0.4
v -1.1 4.5 0.4
v -0.9 4.5 0.4
v -0.8 4.5 0.4
v -1.2 4.5 0.3
v -1.1 4.5 0.3
v -0.6 4.6 3.6
v -0.3 4.6 3.6
v -0.7 4.6 3.5
v -0.6 4.6 3.5
v -0.5 4.6 3.5
v -0.4 4.6 3.5
v -0.3 4.6 3.5
v -0.2 4.6 3.5
v -0.5 4.6 3.4
v -0.4 4.6 3.4
v -0.3 4.6 3.3
v -0.2 4.6 3.3
v -1.2 4.6 3.2
v -1.1 4.6 3.2
v -0.7 4.6 3.2
v -0.6 4.6 3.2
v -0.5 4.6 3.2
v -0.3 4.6 3.2
v -1.2 4.6 3.1
v -1.1 4.6 3.1
v -0.6 4.6 3.1
v -0.5 4.6 3.1
v -0.5 4.6 3
v -0.3 4.6 3
v 0.6 4.6 3
v 0.7 4.6 3
v -0.5 4.6 2.9
v -0.4 4.6 2.9
v -0.3 4.6 2.9
v 0.6 4.6 2.9
v 0.7 4.6 2.9
v 0.7 4.6 2.8
v 0.8 4.6 2.8
v -0.0999999 4.6 2.7
v 0 4.6 2.7
v 0.2 4.6 2.7
v 0.7 4.6 2.7
v 0.8 4.6 2.7
v -0.0999999 4.6 2.6
v 0 4.6 2.6
v 0.2 4.6 2.6
v -0.2 4.6 2.5
v -0.0999999 4.6 2.5
v -0.2 4.6 2.4
v -0.0999999 4.6 2.4
v -2 4.6 2.2
v -1.9 4.6 2.2
v -2 4.6 2
v -1.9 4.6 2
v 0.6 4.6 0.6
v 0.9 4.6 0.6
v 0.6 4.6 0.5
v 0.8 4.6 0.5
v 0.9 4.6 0.5
v -1.3 4.6 0.4
v -1.2 4.6 0.4
v -1.2 4.6 0.3
v -1.1 4.6 0.3
v -1 4.6 0.3
v 0.6 4.6 0.3
v 0.8 4.6 0.3
v -1.3 4.6 0.2
v -1.1 4.6 0.2
v -1 4.6 0.2
v 0.6 4.6 0.2
v 0.7 4.6 0.2
v 0.5 4.6 0.0999999
v 0.6 4.6 0.0999999
v 0.5 4.6 -4.76837e-07
v 0.7 4.6 -4.76837e-07
v -0.3 4.7 3.6
v 0.3 4.7 3.6
v -0.8 4.7 3.5
v -0.7 4.7 3.5
v -0.5 4.7 3.5
v -0.4 4.7 3.5
v -0.3 4.7 3.5
v -0.2 4.7 3.5
v 0 4.7 3.5
v 0.3 4.7 3.5
v -0.5 4.7 3.4
v -0.4 4.7 3.4
v -1.2 4.7 3.3
v -0.9 4.7 3.3
v -0.8 4.7 3.3
v -0.7 4.7 3.3
v -0.2 4.7 3.3
v 0 4.7 3.3
v -1.2 4.7 3.2
v -1.1 4.7 3.2
v -1.9 4.7 3.1
v -1.6 4.7 3.1
v -1.1 4.7 3.1
v -0.9 4.7 3.1
v -1.9 4.7 3
v -1.8 4.7 3
v -1.7 4.7 3
v -1.6 4.7 3
v -1.9 4.7 2.9
v -1.8 4.7 2.9
v -0.0999999 4.7 2.6
v 0 4.7 2.6
v 0.2 4.7 2.6
v -0.0999999 4.7 2.5
v 0.2 4.7 2.5
v 0.6 4.7 2.5
v -0.0999999 4.7 2.4
v 0.6 4.7 2.4
v -2.1 4.7 2.1
v -2 4.7 2.1
v -2.1 4.7 2
v -2 4.7 2
v 0.9 4.7 0.6
v 1 4.7 0.6
v 0.8 4.7 0.5
v 0.9 4.7 0.5
v -1.4 4.7 0.4
v -1.3 4.7 0.4
v -1.5 4.7 0.3
v -1.4 4.7 0.3
v 0.8 4.7 0.3
v 1 4.7 0.3
v -1.5 4.7 0.2
v -1.3 4.7 0.2
v -1.1 4.7 0.2
v -1.5 4.7 0.0999999
v -1.1 4.7 0.0999999
v -1.1 4.8 4.1
v -0.9 4.8 4.1
v -1.4 4.8 3.9
v -1.1 4.8 3.9
v -1.4 4.8 3.5
v -1.1 4.8 3.5
v -1.1 4.8 3.3
v -0.9 4.8 3.3
v -1.9 4.8 3.2
v -1.6 4.8 3.2
v -1.9 4.8 3.1
v -1.6 4.8 3.1
v -2.3 4.8 2.1
v -2.1 4.8 2.1
v -2.1 4.8 2
v -2 4.8 2
v -2.3 4.8 1.9
v -2 4.8 1.9
v 1 4.8 0.5
v 1.3 4.8 0.5
v -1.5 4.8 0.4
v -1.4 4.8 0.4
v -1.6 4.8 0.3
v -1.5 4.8 0.3
v -1.4 4.8 0.3
v 1 4.8 0.3
v 1.3 4.8 0.3
v -1.5 4.8 0.2
v -1.1 4.8 0.2
v -1 4.8 0.2
v 0.7 4.8 0.2
v 0.8 4.8 0.2
v -1.5 4.8 0.0999999
v -1.1 4.8 0.0999999
v -1.6 4.8 -4.76837e-07
v -1.4 4.8 -4.76837e-07
v -1.1 4.8 -4.76837e-07
v -1 4.8 -4.76837e-07
v 0.6 4.8 -4.76837e-07
v 0.7 4.8 -4.76837e-07
v -1.4 4.8 -0.1
v -1.1 4.8 -0.1
v 0.6 4.8 -0.1
v 0.8 4.8 -0.1
v -1.4 4.9 3.5
v -1.1 4.9 3.5
v -1.2 4.9 3.3
v -1.1 4.9 3.3
v -2 4.9 3.2
v -1.9 4.9 3.2
v -1.4 4.9 3.2
v -1.2 4.9 3.2
v -2 4.9 3.1
v -1.9 4.9 3.1
v -1.4 4.9 0.5
v -1.3 4.9 0.5
v 1.3 4.9 0.5
v 1.4 4.9 0.5
v -1.4 4.9 0.4
v -1.3 4.9 0.4
v 1.3 4.9 0.3
v 1.4 4.9 0.3
v -1.8 4.9 0.2
v -1.6 4.9 0.2
v -1.8 4.9 -4.76837e-07
v -1.6 4.9 -4.76837e-07
v 0.8 4.9 -4.76837e-07
v 0.9 4.9 -4.76837e-07
v -1.4 4.9 -0.1
v -1.1 4.9 -0.1
v 0.8 4.9 -0.1
v -1.4 4.9 -0.2
v -1.1 4.9 -0.2
v 0.8 4.9 -0.2
v 0.9 4.9 -0.2
v -0.9 5 3.9
v -0.8 5 3.9
v -1.5 5 3.6
v -1.4 5 3.6
v -1.5 5 3.5
v -1.4 5 3.5
v -0.9 5 3.5
v -0.8 5 3.5
v -2.4 5 3.4
v -2 5 3.4
v 0 5 3.4
v 0.1 5 3.4
v -2.1 5 3.3
v -2 5 3.3
v -1.9 5 3.3
v 0 5 3.3
v 0.1 5 3.3
v -2.1 5 3.2
v -2 5 3.2
v -1.9 5 3.2
v -2.4 5 3.1
v -2 5 3.1
v 0.6 5 3.1
v 0.7 5 3.1
v 0.6 5 2.9
v 0.7 5 2.9
v -1.5 5 0.5
v -1.4 5 0.5
v 1.4 5 0.5
v 1.6 5 0.5
v -1.5 5 0.4
v -1.4 5 0.4
v 1.4 5 0.4
v 1.6 5 0.4
v -1.9 5 0.0999999
v -1.8 5 0.0999999
v -1.8 5 -4.76837e-07
v -1.7 5 -4.76837e-07
v -1.9 5 -0.1
v -1.7 5 -0.1
v 0.9 5 -0.1
v 1 5 -0.1
v -1.3 5 -0.2
v -1.1 5 -0.2
v 0.8 5 -0.2
v 0.9 5 -0.2
v -1.3 5 -0.3
v -1.1 5 -0.3
v 0.8 5 -0.3
v 1 5 -0.3
v -1 5.1 4
v -0.7 5.1 4
v -1 5.1 3.9
v -0.8 5.1 3.9
v -0.8 5.1 3.8
v -0.7 5.1 3.8
v -2 5.1 3.4
v -1.5 5.1 3.4
v -2 5.1 3.3
v -1.9 5.1 3.3
v -1.9 5.1 3.2
v -1.8 5.1 3.2
v -1.4 5.1 3.2
v -1 5.1 3.2
v -2.4 5.1 3.1
v -2 5.1 3.1
v -1.8 5.1 3.1
v -2.4 5.1 3
v -1.5 5.1 3
v -1.4 5.1 3
v -1 5.1 3
v -2.2 5.1 2.3
v -1.3 5.1 2.3
v -2.4 5.1 2.1
v -2.3 5.1 2.1
v -2.2 5.1 2.1
v -2 5.1 2.1
v -2.4 5.1 2
v -2.3 5.1 2
v -2 5.1 1.9
v -1.3 5.1 1.9
v -1.5 5.1 0.6
v -1.4 5.1 0.6
v -1.5 5.1 0.5
v -1.4 5.1 0.5
v -0.3 5.1 0.5
v 0 5.1 0.5
v 1.6 5.1 0.5
v 1.7 5.1 0.5
v 1.6 5.1 0.4
v 1.7 5.1 0.4
v -2 5.1 0.0999999
v -1.9 5.1 0.0999999
v -2 5.1 -0.1
v -1.9 5.1 -0.1
v 0 5.1 -0.1
v 0.2 5.1 -0.1
v 1 5.1 -0.2
v 1.1 5.1 -0.2
v -1.3 5.1 -0.3
v -1.2 5.1 -0.3
v -0.3 5.1 -0.3
v -0.0999999 5.1 -0.3
v 0.9 5.1 -0.3
v 1 5.1 -0.3
v 1.1 5.1 -0.3
v -1.3 5.1 -0.4
v -1.2 5.1 -0.4
v 0.9 5.1 -0.4
v 1 5.1 -0.4
v -0.0999999 5.1 -0.5
v 0.2 5.1 -0.5
v -2.5 5.2 3.7
v -2.2 5.2 3.7
v -1.9 5.2 3.7
v -2.6 5.2 3.5
v -2.5 5.2 3.5
v -1.9 5.2 3.5
v -1.7 5.2 3.5
v -1.6 5.2 3.5
v -1 5.2 3.5
v -0.9 5.2 3.5
v -2.6 5.2 3.4
v -2.4 5.2 3.4
v -2.2 5.2 3.4
v -2.1 5.2 3.4
v -2 5.2 3.4
v -1.7 5.2 3.4
v -1.6 5.2 3.4
v -1.5 5.2 3.4
v -1.4 5.2 3.4
v -1.2 5.2 3.4
v -2.6 5.2 3.3
v -2.4 5.2 3.3
v -1.4 5.2 3.3
v -1.2 5.2 3.3
v -1 5.2 3.2
v -0.9 5.2 3.2
v -2.4 5.2 3
v -1.5 5.2 3
v -1.4 5.2 3
v -1.3 5.2 3
v -2.4 5.2 2.8
v -1.3 5.2 2.8
v -0.3 5.2 1
v 1 5.2 1
v 1.4 5.2 1
v -0.4 5.2 0.9
v -0.3 5.2 0.9
v 1 5.2 0.8
v 1.4 5.2 0.8
v -1.6 5.2 0.7
v -1.5 5.2 0.7
v -1.5 5.2 0.6
v -0.4 5.2 0.6
v -0.3 5.2 0.6
v -1.6 5.2 0.5
v -1.5 5.2 0.5
v -0.3 5.2 0.5
v 0 5.2 0.5
v 1.3 5.2 0.5
v 1.4 5.2 0.5
v 1.7 5.2 0.5
v 1.9 5.2 0.5
v 1.3 5.2 0.4
v 1.4 5.2 0.4
v 1.7 5.2 0.4
v 1.9 5.2 0.4
v 1.2 5.2 0.3
v 1.4 5.2 0.3
v -0.4 5.2 0.2
v -0.3 5.2 0.2
v 0.4 5.2 0.0999999
v 0.9 5.2 0.0999999
v 0 5.2 -0.1
v 0.2 5.2 -0.1
v 0.9 5.2 -0.1
v 1 5.2 -0.1
v 1 5.2 -0.2
v 1.1 5.2 -0.2
v -1.2 5.2 -0.3
v -1.1 5.2 -0.3
v -0.3 5.2 -0.3
v -0.0999999 5.2 -0.3
v 1 5.2 -0.3
v 1.1 5.2 -0.3
v -1.3 5.2 -0.4
v -1.2 5.2 -0.4
v -0.2 5.2 -0.4
v -0.0999999 5.2 -0.4
v 0.2 5.2 -0.4
v 0.4 5.2 -0.4
v 0.9 5.2 -0.4
v 1 5.2 -0.4
v 1.2 5.2 -0.4
v 1.4 5.2 -0.4
v -1.3 5.2 -0.5
v -1.1 5.2 -0.5
v -0.4 5.2 -0.5
v -0.2 5.2 -0.5
v 0.9 5.2 -0.5
v 1.4 5.2 -0.5
v -0.6 5.2 -0.6
v -0.5 5.2 -0.6
v -0.6 5.2 -0.7
v -0.5 5.2 -0.7
v -1.9 5.3 3.6
v -1.7 5.3 3.6
v -1.9 5.3 3.5
v -1.7 5.3 3.5
v -1.6 5.3 3.5
v -1.5 5.3 3.5
v -1.4 5.3 3.5
v -1.6 5.3 3.4
v -1.5 5.3 3.4
v -1.4 5.3 3.4
v -2.3 5.3 2.8
v -1.3 5.3 2.8
v -2.4 5.3 2.7
v -2.3 5.3 2.7
v -2.5 5.3 2.4
v -2.4 5.3 2.4
v -2.2 5.3 2.3
v -1.3 5.3 2.3
v -2.2 5.3 1.9
v -1.3 5.3 1.9
v -2.3 5.3 1.8
v -2.1 5.3 1.8
v -2.5 5.3 1.7
v -2.4 5.3 1.7
v -2.3 5.3 1.7
v -2.1 5.3 1.7
v -2.4 5.3 1.6
v -1.3 5.3 1.6
v 0.2 5.3 1.6
v 1.1 5.3 1.6
v 1 5.3 1.5
v 1.1 5.3 1.5
v 0.2 5.3 1
v 1 5.3 1
v 1.1 5.3 1
v -0.6 5.3 0.9
v -0.4 5.3 0.9
v -1.7 5.3 0.7
v -1.6 5.3 0.7
v -0.6 5.3 0.7
v -0.4 5.3 0.7
v -1.7 5.3 0.6
v -1.6 5.3 0.6
v 1.9 5.3 0.5
v 2 5.3 0.5
v -0.4 5.3 0.4
v -0.3 5.3 0.4
v 1.9 5.3 0.4
v 2 5.3 0.4
v -0.4 5.3 0.2
v -0.3 5.3 0.2
v -2.1 5.3 -4.76837e-07
v -2 5.3 -4.76837e-07
v -2.1 5.3 -0.1
v -2 5.3 -0.1
v 0.4 5.3 -0.4
v 0.8 5.3 -0.4
v -1.3 5.3 -0.5
v -1.1 5.3 -0.5
v -0.8 5.3 -0.5
v -0.4 5.3 -0.5
v -0.2 5.3 -0.5
v -0.0999999 5.3 -0.5
v 0.2 5.3 -0.5
v 0.4 5.3 -0.5
v 0.7 5.3 -0.5
v 0.8 5.3 -0.5
v -1.3 5.3 -0.6
v -1.1 5.3 -0.6
v -0.6 5.3 -0.6
v -0.5 5.3 -0.6
v -0.8 5.3 -0.7
v -0.6 5.3 -0.7
v -0.5 5.3 -0.7
v 0.7 5.3 -0.7
v -2.6 5.4 3.7
v -2.5 5.4 3.7
v -2.6 5.4 3.6
v -2.5 5.4 3.6
v -1.7 5.4 3.6
v -1.6 5.4 3.6
v -1.7 5.4 3.5
v -1.6 5.4 3.5
v -2.5 5.4 2.9
v -2.4 5.4 2.9
v -2.4 5.4 2.8
v -2.4 5.4 2.7
v -2.5 5.4 2.6
v -2.4 5.4 2.6
v 0.1 5.4 1.1
v 0.2 5.4 1.1
v 1.1 5.4 1.1
v 1.4 5.4 1.1
v 1.9 5.4 1.1
v -0.6 5.4 1
v -0.4 5.4 1
v 0.1 5.4 1
v 0.2 5.4 1
v 1.1 5.4 1
v 1.4 5.4 1
v -0.6 5.4 0.9
v -0.4 5.4 0.9
v -1.8 5.4 0.8
v -1.6 5.4 0.8
v 1.4 5.4 0.8
v -1.7 5.4 0.7
v -1.6 5.4 0.7
v -0.6 5.4 0.7
v -0.4 5.4 0.7
v -1.8 5.4 0.6
v -1.7 5.4 0.6
v -0.4 5.4 0.6
v -0.3 5.4 0.6
v 1.9 5.4 0.6
v 2 5.4 0.6
v -0.6 5.4 0.5
v -0.4 5.4 0.5
v 1.7 5.4 0.5
v 2 5.4 0.5
v -0.4 5.4 0.4
v -0.3 5.4 0.4
v 1.7 5.4 0.4
v 2 5.4 0.4
v 1.4 5.4 0.3
v 2 5.4 0.3
v -0.5 5.4 0.2
v -0.4 5.4 0.2
v -2.1 5.4 -0.1
v -1.9 5.4 -0.1
v 1.4 5.4 -0.1
v 2 5.4 -0.1
v -2.1 5.4 -0.2
v -1.9 5.4 -0.2
v 0.4 5.4 -0.3
v 0.7 5.4 -0.3
v -0.2 5.4 -0.4
v -0.0999999 5.4 -0.4
v 0.2 5.4 -0.4
v 0.4 5.4 -0.4
v 0.7 5.4 -0.4
v -0.5 5.4 -0.5
v -0.4 5.4 -0.5
v -0.2 5.4 -0.5
v -0.0999999 5.4 -0.5
v 0.2 5.4 -0.5
v 0.4 5.4 -0.5
v 0.7 5.4 -0.5
v 0.8 5.4 -0.5
v 0.9 5.4 -0.5
v 1 5.4 -0.5
v 0.9 5.4 -0.6
v 1 5.4 -0.6
v -0.7 5.4 -0.7
v -0.6 5.4 -0.7
v -0.4 5.4 -0.7
v 0.3 5.4 -0.7
v 0.5 5.4 -0.7
v 0.7 5.4 -0.7
v 0.9 5.4 -0.7
v -0.7 5.4 -0.8
v -0.6 5.4 -0.8
v -0.4 5.4 -0.9
v 0.3 5.4 -0.9
v 0.5 5.4 -0.9
v 0.7 5.4 -0.9
v -2.7 5.5 3.7
v -2.6 5.5 3.7
v -2.7 5.5 3.6
v -2.6 5.5 3.6
v -2.5 5.5 3.2
v -2.4 5.5 3.2
v -2.5 5.5 3.1
v -2.4 5.5 3.1
v -2.6 5.5 2.9
v -2.5 5.5 2.9
v -2.6 5.5 2.6
v -2.5 5.5 2.6
v 0.8 5.5 1.8
v 0.9 5.5 1.8
v 0.8 5.5 1.6
v 0.9 5.5 1.6
v -0.6 5.5 1.2
v 0.2 5.5 1.2
v 0.1 5.5 1.1
v 0.2 5.5 1.1
v 1.9 5.5 1.1
v 2.1 5.5 1.1
v -0.6 5.5 1
v -0.4 5.5 1
v -0.3 5.5 1
v 0.1 5.5 1
v -0.4 5.5 0.9
v -0.3 5.5 0.9
v -2.3 5.5 0.8
v -1.9 5.5 0.8
v -1.8 5.5 0.8
v -1.9 5.5 0.6
v -1.8 5.5 0.6
v 1.9 5.5 0.6
v 2 5.5 0.6
v -1.7 5.5 0.5
v -1.6 5.5 0.5
v -1.5 5.5 0.5
v -0.6 5.5 0.5
v -0.4 5.5 0.5
v -1.7 5.5 0.4
v -0.4 5.5 0.4
v 2 5.5 0.3
v 2.1 5.5 0.3
v -2.3 5.5 0.0999999
v -1.9 5.5 0.0999999
v 2 5.5 0.0999999
v 2.1 5.5 0.0999999
v -2.2 5.5 -0.1
v -2.1 5.5 -0.1
v -0.7 5.5 -0.1
v -0.5 5.5 -0.1
v 0.3 5.5 -0.1
v 0.6 5.5 -0.1
v -2.2 5.5 -0.2
v -2.1 5.5 -0.2
v -2.2 5.5 -0.3
v -1.4 5.5 -0.3
v 0.3 5.5 -0.3
v 0.6 5.5 -0.3
v -2.2 5.5 -0.5
v -1.4 5.5 -0.5
v -0.7 5.5 -0.5
v -0.5 5.5 -0.5
v -1.2 5.5 -0.6
v -1.1 5.5 -0.6
v -1.2 5.5 -0.7
v -1.1 5.5 -0.7
v -0.6 5.5 -0.7
v -0.4 5.5 -0.7
v 0.3 5.5 -0.7
v 0.5 5.5 -0.7
v -0.7 5.5 -0.8
v -0.6 5.5 -0.8
v -0.4 5.5 -0.9
v 0.3 5.5 -0.9
v 0.5 5.5 -0.9
v 0.6 5.5 -0.9
v -0.7 5.5 -1
v 0.6 5.5 -1
v -2.6 5.6 3.5
v -2.5 5.6 3.5
v -2.5 5.6 3.3
v -2.4 5.6 3.3
v -2.5 5.6 3.2
v -2.4 5.6 3.2
v -2.6 5.6 3.1
v -2.5 5.6 3.1
v -1.3 5.6 3
v -1.2 5.6 3
v -1.3 5.6 2.9
v -1.2 5.6 2.9
v -2.3 5.6 1.8
v -2.1 5.6 1.8
v -2.3 5.6 1.7
v -2.1 5.6 1.7
v 0.6 5.6 1.7
v 0.8 5.6 1.7
v 0.6 5.6 1.6
v 0.8 5.6 1.6
v 1.1 5.6 1.4
v 1.3 5.6 1.4
v 1.7 5.6 1.4
v 1.1 5.6 1.3
v 1.3 5.6 1.3
v 1.1 5.6 1.1
v 1.7 5.6 1.1
v -1.1 5.6 0.7
v -0.6 5.6 0.7
v -1.5 5.6 0.6
v -1.1 5.6 0.6
v -0.4 5.6 0.6
v -0.3 5.6 0.6
v -1.5 5.6 0.5
v -0.6 5.6 0.5
v -0.4 5.6 0.5
v -0.3 5.6 0.5
v -1.9 5.6 0.4
v -1.7 5.6 0.4
v -0.3 5.6 0.4
v -2.4 5.6 0.2
v -2.3 5.6 0.2
v -0.5 5.6 0.2
v -0.3 5.6 0.2
v -2.3 5.6 0.0999999
v -1.9 5.6 0.0999999
v 0.2 5.6 0.0999999
v 0.9 5.6 0.0999999
v -2.1 5.6 -4.76837e-07
v -2 5.6 -4.76837e-07
v -2.2 5.6 -0.1
v -2.1 5.6 -0.1
v -0.7 5.6 -0.1
v -0.5 5.6 -0.1
v 0.2 5.6 -0.1
v 0.6 5.6 -0.1
v 1.4 5.6 -0.1
v 1.7 5.6 -0.1
v -2.2 5.6 -0.2
v -2 5.6 -0.2
v -2.2 5.6 -0.3
v -1.4 5.6 -0.3
v 0.6 5.6 -0.3
v 0.7 5.6 -0.3
v 1.4 5.6 -0.3
v 1.7 5.6 -0.3
v -2.4 5.6 -0.4
v -2.2 5.6 -0.4
v -1.4 5.6 -0.4
v -1.2 5.6 -0.4
v 0.7 5.6 -0.4
v 0.8 5.6 -0.4
v -1.2 5.6 -0.5
v -1.1 5.6 -0.5
v -0.8 5.6 -0.5
v -0.7 5.6 -0.5
v 0.8 5.6 -0.5
v 0.9 5.6 -0.5
v 1 5.6 -0.5
v 1.3 5.6 -0.5
v 0.9 5.6 -0.6
v 1 5.6 -0.6
v -1.2 5.6 -0.7
v -1.1 5.6 -0.7
v -0.8 5.6 -0.7
v -0.7 5.6 -0.7
v 0.7 5.6 -0.7
v 0.9 5.6 -0.7
v -1.2 5.6 -0.8
v -1.1 5.6 -0.8
v -1.2 5.6 -0.9
v -0.7 5.6 -0.9
v 0.7 5.6 -0.9
v 1.3 5.6 -0.9
v -1.3 5.7 2.9
v -1.2 5.7 2.9
v -1.3 5.7 2.8
v -1.2 5.7 2.8
v -1.3 5.7 2.7
v -1.2 5.7 2.7
v 0.9 5.7 1.7
v 1 5.7 1.7
v 0.9 5.7 1.6
v 1 5.7 1.6
v -1.2 5.7 1.1
v -0.6 5.7 1.1
v -1.4 5.7 0.7
v -1.2 5.7 0.7
v -1.1 5.7 0.7
v -0.6 5.7 0.7
v -1.6 5.7 0.6
v -1.5 5.7 0.6
v -1.4 5.7 0.6
v -1.1 5.7 0.6
v -1.6 5.7 0.5
v -1.5 5.7 0.5
v 1.4 5.7 -0.3
v 1.5 5.7 -0.3
v 1.4 5.7 -0.4
v 1.5 5.7 -0.4
v 0.1 5.8 1.5
v 0.2 5.8 1.5
v 1.1 5.8 1.5
v 2.1 5.8 1.5
v 1.1 5.8 1.4
v 1.3 5.8 1.4
v 1.7 5.8 1.4
v 0 5.8 1.3
v 0.1 5.8 1.3
v -0.4 5.8 1.2
v 0 5.8 1.2
v 2.1 5.8 1.2
v 2.3 5.8 1.2
v -0.4 5.8 1.1
v -0.3 5.8 1.1
v 0.1 5.8 1.1
v 0.2 5.8 1.1
v 1.7 5.8 1.1
v 2.1 5.8 1.1
v -0.3 5.8 1
v 0.1 5.8 1
v -1.9 5.8 0.8
v -1.6 5.8 0.8
v -1.4 5.8 0.8
v -1.2 5.8 0.8
v -1.9 5.8 0.7
v -1.4 5.8 0.7
v -1.2 5.8 0.7
v -1.6 5.8 0.6
v -1.7 5.8 0.5
v -1.6 5.8 0.5
v -1.9 5.8 0.4
v -1.7 5.8 0.4
v 2.1 5.8 0.4
v 2.1 5.8 0.3
v 2.1 5.8 0.2
v 2.3 5.8 0.2
v -2.5 5.8 -0.1
v -2.4 5.8 -0.1
v -2.5 5.8 -0.4
v -2.4 5.8 -0.4
v -2.4 5.9 2.8
v -2.3 5.9 2.8
v -2.5 5.9 2.7
v -2.4 5.9 2.7
v -2.3 5.9 2.7
v -2.5 5.9 2.4
v -2.4 5.9 2.4
v -2.6 5.9 2.3
v -2.5 5.9 2.3
v -2.6 5.9 2
v -2.5 5.9 2
v -2 5.9 0.9
v -1.3 5.9 0.9
v -2.5 5.9 0.8
v -2.3 5.9 0.8
v -2 5.9 0.8
v -1.6 5.9 0.8
v -1.4 5.9 0.8
v -1.3 5.9 0.8
v -2.5 5.9 0.6
v -2.4 5.9 0.6
v -1.6 5.9 0.6
v -1.4 5.9 0.6
v -2.4 5.9 0.2
v -2.3 5.9 0.2
v 1.5 5.9 -0.1
v 1.6 5.9 -0.1
v 1.5 5.9 -0.2
v 1.6 5.9 -0.2
v -2.7 6 2.3
v -2.6 6 2.3
v -2.4 6 2.3
v -2.3 6 2.3
v -2.4 6 2.2
v -2.3 6 2.2
v -2.7 6 2
v -2.6 6 2
v -2.4 6 2
v -2.3 6 2
v -2.7 6 1.9
v -2.3 6 1.9
v 1.1 6 1.6
v 1.6 6 1.6
v 1.1 6 1.5
v 1.6 6 1.5
v -2.7 6.1 2.4
v -2.6 6.1 2.4
v -2.5 6.1 2.4
v -2.4 6.1 2.4
v -2.7 6.1 2.3
v -2.6 6.1 2.3
v -2.4 6.1 2.3
v -2.7 6.1 1.9
v -2.6 6.1 1.9
v -2.3 6.1 1.9
v -2.7 6.1 1.8
v -2.6 6.1 1.8
v -2.3 6.1 1.8
v 2.2 6.1 1.4
v 2.3 6.1 1.4
v 2.4 6.1 1.4
v 2.2 6.1 1.3
v 2.3 6.1 1.3
v 2.4 6.1 1.3
v 2.5 6.1 1.3
v 2.2 6.1 1.2
v 2.3 6.1 1.2
v -1.8 6.1 1
v -1.2 6.1 1
v -1.8 6.1 0.9
v -1.3 6.1 0.9
v 2.4 6.1 0.9
v 2.5 6.1 0.9
v -1.3 6.1 0.8
v -1.2 6.1 0.8
v 2.3 6.1 0.8
v 2.5 6.1 0.8
v 1.4 6.1 -0.1
v 1.5 6.1 -0.1
v 1.4 6.1 -0.2
v 1.5 6.1 -0.2
v 1.1 6.2 1.7
v 1.7 6.2 1.7
v 1.1 6.2 1.6
v 1.6 6.2 1.6
v 1.7 6.2 1.6
v 2.1 6.2 1.4
v 2.2 6.2 1.4
v 2.1 6.2 1.3
v 2.2 6.2 1.3
v 2.1 6.2 1.2
v 2.2 6.2 1.2
v 2 6.2 0.2
v 2.1 6.2 0.2
v 2 6.2 0.0999999
v 2.1 6.2 0.0999999
v -1.2 6.2 -0.4
v -1.1 6.2 -0.4
v -1.2 6.2 -0.5
v -1.1 6.2 -0.5
v -2.6 6.3 2.6
v -2.4 6.3 2.6
v -2.8 6.3 2.4
v -2.7 6.3 2.4
v -2.6 6.3 2.4
v -2.4 6.3 2.4
v -2.7 6.3 2.2
v -2.8 6.3 2.1
v -2.7 6.3 2.1
v 1 6.3 1.7
v 1.1 6.3 1.7
v 1 6.3 1.6
v 1.1 6.3 1.6
v 1.8 6.3 1.6
v 1.9 6.3 1.6
v 1.8 6.3 1.5
v 1.9 6.3 1.5
v -0.5 6.3 1.4
v -0.2 6.3 1.4
v 0.1 6.3 1.4
v -0.2 6.3 1.3
v 0 6.3 1.3
v 0.1 6.3 1.3
v -0.4 6.3 1.2
v 0 6.3 1.2
v 2.5 6.3 1.2
v 2.6 6.3 1.2
v -0.5 6.3 1.1
v -0.4 6.3 1.1
v 2.5 6.3 1
v 2.5 6.3 0.9
v 2.6 6.3 0.9
v 1.3 6.3 -4.76837e-07
v 1.4 6.3 -4.76837e-07
v 1.4 6.3 -0.1
v 1.6 6.3 -0.1
v 1 6.3 -0.4
v 1.1 6.3 -0.4
v 1.3 6.3 -0.4
v 1 6.3 -0.5
v 1.1 6.3 -0.5
v 1.6 6.3 -0.5
v -2.9 6.4 2.3
v -2.8 6.4 2.3
v -2.9 6.4 2.2
v -2.8 6.4 2.2
v 2.3 6.4 0.3
v 2.4 6.4 0.3
v 2.1 6.4 0.2
v 2.3 6.4 0.2
v 2 6.4 0.0999999
v 2.1 6.4 0.0999999
v 2 6.4 -4.76837e-07
v 2.4 6.4 -4.76837e-07
v 2.2 6.6 1.3
v 2.4 6.6 1.3
v 2.2 6.6 1.2
v 2.3 6.6 1.2
v 2.4 6.6 1.2
v 2.5 6.6 1.2
v 2.3 6.6 1.1
v 2.5 6.6 1.1
v -0.0999999 6.6 -4.76837e-07
v 0 6.6 -4.76837e-07
v -0.0999999 6.6 -0.1
v 0 6.6 -0.1
v 0 6.7 1.4
v 0.1 6.7 1.4
v 0 6.7 1.3
v 0.1 6.7 1.3
v -0.2 6.7 0.0999999
v -0.0999999 6.7 0.0999999
v -0.2 6.7 -4.76837e-07
v -0.0999999 6.7 -4.76837e-07
v -0.2 6.7 -0.1
v -0.0999999 6.7 -0.1
v -2.2 0.1 2.8
v -2.1 0.1 2.8
v 1.1 0.1 2.8
v 1.2 0.1 2.8
v 0.9 0.1 2.7
v 1.1 0.1 2.7
v -2.2 0.1 2.6
v -2.1 0.1 2.6
v -2 0.1 2.6
v -1.9 0.1 2.6
v 0.5 0.1 2.6
v 0.9 0.1 2.6
v 0.5 0.1 2.5
v 0.8 0.1 2.5
v 1.2 0.1 2.5
v -1.9 0.1 2.4
v -1.7 0.1 2.4
v -1.5 0.1 2.4
v 0.7 0.1 2.4
v 0.8 0.1 2.4
v -2 0.1 2.3
v -1.9 0.1 2.3
v -1.7 0.1 2.3
v 0.7 0.1 2.3
v 0.8 0.1 2.3
v -1.7 0.1 2.2
v -1.6 0.1 2.2
v -1.6 0.1 2.1
v -1.5 0.1 2.1
v -1.9 0.1 2
v -1.7 0.1 2
v -1.5 0.1 1.7
v -1.4 0.1 1.7
v -1.1 0.1 1.7
v -1 0.1 1.7
v -0.8 0.1 1.7
v -1.1 0.1 1.6
v -1.4 0.1 1.5
v -1.1 0.1 1.5
v -1 0.1 1.5
v -0.9 0.1 1.5
v -0.8 0.1 1.5
v -1.1 0.1 1.4
v -1 0.1 1.4
v -1.4 0.1 1.3
v -1.1 0.1 1.3
v -0.9 0.1 1.3
v -0.8 0.1 1.3
v -1.5 0.1 1.1
v -1.4 0.1 1.1
v -1 0.1 0.4
v -0.9 0.1 0.4
v -1 0.1 0.3
v -0.9 0.1 0.3
v -0.4 0.1 0.3
v -0.3 0.1 0.3
v -0.4 0.1 0.2
v -0.3 0.1 0.2
v -1.7 0.1 -4.76837e-07
v -1.2 0.1 -4.76837e-07
v -1.4 0.1 -0.1
v -1.2 0.1 -0.1
v -1.1 0.1 -0.1
v -0.9 0.1 -0.1
v -1.1 0.1 -0.2
v -1 0.1 -0.2
v -0.9 0.1 -0.2
v -1.7 0.1 -0.3
v -1.4 0.1 -0.3
v -1.3 0.1 -0.3
v -1.2 0.1 -0.3
v -1 0.1 -0.3
v -0.9 0.1 -0.3
v 1.2 0.1 -0.3
v 1.3 0.1 -0.3
v 1.4 0.1 -0.3
v 1.3 0.1 -0.4
v 1.4 0.1 -0.4
v -1.3 0.1 -0.5
v 1.2 0.1 -0.5
v 1.3 0.1 -0.5
v -1.9 0.1 -0.6
v -1.8 0.1 -0.6
v -1.5 0.1 -0.6
v -1.3 0.1 -0.6
v -1.9 0.1 -0.7
v -1.8 0.1 -0.7
v -1.5 0.1 -0.7
v -1.3 0.1 -0.7
v -1.2 0.1 -0.7
v 0.4 0.2 2.5
v 0.8 0.2 2.5
v -1.9 0.2 2.4
v -1.7 0.2 2.4
v 0.5 0.2 2.4
v 0.7 0.2 2.4
v 0.8 0.2 2.4
v -1.9 0.2 2.3
v -1.7 0.2 2.3
v 0 0.2 2.3
v 0.3 0.2 2.3
v 0.4 0.2 2.3
v -1.7 0.2 2.2
v -1.6 0.2 2.2
v 0.1 0.2 2.2
v 0.3 0.2 2.2
v 0.4 0.2 2.2
v 0.5 0.2 2.2
v 0.6 0.2 2.2
v 0.7 0.2 2.2
v 0.8 0.2 2.2
v -1.6 0.2 2.1
v -1.4 0.2 2.1
v 0.4 0.2 2.1
v 0.6 0.2 2.1
v 0.7 0.2 2.1
v 0.8 0.2 2.1
v -1.7 0.2 2
v -1.6 0.2 2
v -1.6 0.2 1.9
v -1.5 0.2 1.9
v -1.4 0.2 1.9
v -1.3 0.2 1.9
v -1.2 0.2 1.9
v -1.1 0.2 1.9
v 0.4 0.2 1.9
v 0.7 0.2 1.9
v -0.3 0.2 1.8
v -0.0999999 0.2 1.8
v 0.1 0.2 1.8
v 0.2 0.2 1.8
v -1.4 0.2 1.7
v -1.3 0.2 1.7
v -1.2 0.2 1.7
v -1.1 0.2 1.7
v -0.3 0.2 1.7
v -0.2 0.2 1.7
v -0.0999999 0.2 1.7
v 0 0.2 1.7
v 0.1 0.2 1.7
v 0.2 0.2 1.7
v 0.4 0.2 1.7
v 0.7 0.2 1.7
v -1.3 0.2 1.6
v -1.2 0.2 1.6
v -1.1 0.2 1.6
v -0.7 0.2 1.6
v -0.6 0.2 1.6
v -0.5 0.2 1.6
v -0.0999999 0.2 1.6
v 0.1 0.2 1.6
v 0.4 0.2 1.6
v 0.5 0.2 1.6
v 0.7 0.2 1.6
v -1.4 0.2 1.5
v -1.1 0.2 1.5
v -1 0.2 1.5
v -0.9 0.2 1.5
v -0.7 0.2 1.5
v -0.6 0.2 1.5
v -0.5 0.2 1.5
v -1.1 0.2 1.4
v -1 0.2 1.4
v 0.5 0.2 1.4
v 0.6 0.2 1.4
v -1.1 0.2 1.3
v -1 0.2 1.3
v -0.9 0.2 1.3
v 0.5 0.2 1.2
v 0.6 0.2 1.2
v -0.7 0.2 1.1
v -0.6 0.2 1.1
v -0.4 0.2 1.1
v -1 0.2 1
v -0.9 0.2 1
v -0.7 0.2 1
v -0.6 0.2 1
v -0.5 0.2 1
v -0.4 0.2 1
v 0.8 0.2 0.9
v 0.9 0.2 0.9
v -1 0.2 0.8
v -0.9 0.2 0.8
v -0.7 0.2 0.8
v -0.6 0.2 0.8
v 0.8 0.2 0.7
v 0.9 0.2 0.7
v 1 0.2 0.5
v 1.1 0.2 0.5
v 1.1 0.2 0.4
v 1.2 0.2 0.4
v -1 0.2 0.3
v -0.9 0.2 0.3
v -0.6 0.2 0.3
v -0.9 0.2 0.2
v -0.6 0.2 0.2
v 0.8 0.2 0.2
v 0.9 0.2 0.2
v -1 0.2 0.0999999
v -0.9 0.2 0.0999999
v 0.8 0.2 0.0999999
v 0.9 0.2 0.0999999
v 1.2 0.2 0.0999999
v 1.3 0.2 0.0999999
v -1.1 0.2 -4.76837e-07
v -0.9 0.2 -4.76837e-07
v -0.8 0.2 -4.76837e-07
v 1 0.2 -4.76837e-07
v 1.1 0.2 -4.76837e-07
v -1.4 0.2 -0.1
v -1.2 0.2 -0.1
v -1.1 0.2 -0.1
v -0.8 0.2 -0.1
v -1.9 0.2 -0.3
v -1.4 0.2 -0.3
v -1.3 0.2 -0.3
v -1.2 0.2 -0.3
v 1.1 0.2 -0.3
v 1.3 0.2 -0.3
v 1.3 0.2 -0.4
v 1.5 0.2 -0.4
v 1.6 0.2 -0.4
v -1.7 0.2 -0.5
v -1.3 0.2 -0.5
v 1.3 0.2 -0.5
v 1.5 0.2 -0.5
v -2.1 0.2 -0.6
v -1.9 0.2 -0.6
v -1.8 0.2 -0.6
v -1.5 0.2 -0.6
v -1.3 0.2 -0.6
v -2.3 0.2 -0.7
v -2.1 0.2 -0.7
v -1.8 0.2 -0.7
v -1.7 0.2 -0.7
v -1.5 0.2 -0.7
v -2.1 0.2 -0.8
v -1.9 0.2 -0.8
v -2.3 0.2 -0.9
v -2.1 0.2 -0.9
v 1.3 0.2 -0.9
v 1.6 0.2 -0.9
v 0.5 0.3 2.4
v 0.7 0.3 2.4
v 0.1 0.3 2.2
v 0.3 0.3 2.2
v 0.4 0.3 2.2
v 0.5 0.3 2.2
v 0.6 0.3 2.2
v 0.7 0.3 2.2
v 0.4 0.3 2.1
v 0.6 0.3 2.1
v -1.5 0.3 1.9
v -1.3 0.3 1.9
v 0.2 0.3 1.9
v 0.3 0.3 1.9
v 0.4 0.3 1.9
v 0.1 0.3 1.8
v 0.2 0.3 1.8
v -1.5 0.3 1.7
v -1.3 0.3 1.7
v -1.2 0.3 1.7
v -1.1 0.3 1.7
v -1.3 0.3 1.6
v -1.2 0.3 1.6
v -1.1 0.3 1.6
v 0.8 0.3 0.7
v 0.9 0.3 0.7
v 0.8 0.3 0.6
v 0.9 0.3 0.6
v -0.9 0.3 0.5
v -0.7 0.3 0.5
v 0.9 0.3 0.5
v 1 0.3 0.5
v 0.8 0.3 0.4
v 0.9 0.3 0.4
v -0.9 0.3 0.3
v -0.7 0.3 0.3
v 0.6 0.3 0.3
v 0.7 0.3 0.3
v -0.9 0.3 0.2
v -0.6 0.3 0.2
v 0.6 0.3 0.2
v 0.7 0.3 0.2
v 0.9 0.3 0.2
v -1.1 0.3 0.0999999
v -0.9 0.3 0.0999999
v -1.1 0.3 -4.76837e-07
v -0.9 0.3 -4.76837e-07
v -0.6 0.3 -4.76837e-07
v 0.9 0.3 -4.76837e-07
v 1 0.3 -4.76837e-07
v -0.5 0.4 1.7
v -0.4 0.4 1.7
v -0.6 0.4 1.6
v -0.5 0.4 1.6
v -0.4 0.4 1.6
v -0.6 0.4 1.5
v -0.5 0.4 1.5
v -0.4 0.4 1.5
v -0.4 0.4 1.3
v -0.7 0.4 1.2
v -0.6 0.4 1.2
v -0.8 0.4 1.1
v -0.7 0.4 1.1
v -0.6 0.4 1.1
v -0.4 0.4 1.1
v -1 0.4 1
v -0.9 0.4 1
v -0.8 0.4 1
v -0.7 0.4 1
v -1 0.4 0.9
v -0.9 0.4 0.9
v -0.7 0.4 0.9
v -0.9 0.4 0.8
v -0.7 0.4 0.8
v -0.7 0.4 0.5
v -0.5 0.4 0.5
v -0.2 0.4 0.5
v -0.0999999 0.4 0.5
v -0.5 0.4 0.4
v -0.4 0.4 0.4
v -0.3 0.4 0.4
v -0.2 0.4 0.4
v -0.0999999 0.4 0.4
v 0.1 0.4 0.4
v 0.8 0.4 0.4
v 0.9 0.4 0.4
v -0.7 0.4 0.3
v -0.6 0.4 0.3
v -0.4 0.4 0.3
v -0.3 0.4 0.3
v 0.1 0.4 0.3
v 0.7 0.4 0.3
v 0.8 0.4 0.3
v -0.6 0.4 0.2
v -0.4 0.4 0.2
v 0.7 0.4 0.2
v 0.9 0.4 0.2
v 0.2 0.5 1.9
v 0.9 0.5 1.9
v -0.2 0.5 1.7
v -0.0999999 0.5 1.7
v 0.2 0.5 1.7
v 0.4 0.5 1.7
v 0.9 0.5 1.7
v -0.2 0.5 1.6
v -0.0999999 0.5 1.6
v -0.8 0.5 1.5
v -0.7 0.5 1.5
v -0.6 0.5 1.5
v -1.4 0.5 1.3
v -1.1 0.5 1.3
v -0.9 0.5 1.3
v -0.8 0.5 1.3
v -0.7 0.5 1.3
v -0.8 0.5 1.2
v -0.6 0.5 1.2
v 0.5 0.5 1.2
v 0.6 0.5 1.2
v -0.9 0.5 1.1
v -0.8 0.5 1.1
v 0.5 0.5 1.1
v 0.6 0.5 1.1
v -1.4 0.5 1
v -1.1 0.5 1
v -0.8 0.5 1
v -0.7 0.5 1
v -0.6 0.5 1
v -0.7 0.5 0.9
v -0.6 0.5 0.9
v 0.7 0.5 0.9
v 0.8 0.5 0.9
v 0.7 0.5 0.6
v 0.8 0.5 0.6
v -0.5 0.5 0.5
v -0.4 0.5 0.5
v -0.3 0.5 0.5
v -0.2 0.5 0.5
v 0.6 0.5 0.5
v 0.7 0.5 0.5
v -0.5 0.5 0.4
v -0.4 0.5 0.4
v -0.3 0.5 0.4
v -0.2 0.5 0.4
v 0.6 0.5 0.3
v 0.8 0.5 0.3
v 0.1 0.6 1.7
v 0.2 0.6 1.7
v -0.5 0.6 1.6
v -0.4 0.6 1.6
v -0.3 0.6 1.6
v 0.1 0.6 1.6
v 0.2 0.6 1.6
v -0.5 0.6 1.5
v -0.4 0.6 1.5
v -0.3 0.6 1.4
v -0.4 0.6 1.3
v -0.3 0.6 1.3
v -0.4 0.6 1.2
v -0.3 0.6 1.2
v 0 0.6 0.5
v 0.1 0.6 0.5
v 0 0.6 0.4
v 0.1 0.6 0.4
v -0.4 0.7 1.7
v -0.3 0.7 1.7
v -0.2 0.7 1.7
v -0.4 0.7 1.6
v -0.3 0.7 1.6
v -0.2 0.7 1.6
v -0.3 0.7 1.4
v -0.2 0.7 1.4
v -0.3 0.7 1.3
v -0.2 0.7 1.3
v -0.7 0.7 1.1
v -0.6 0.7 1.1
v -0.7 0.7 1
v -0.6 0.7 1
v 0.5 0.7 1
v 0.6 0.7 1
v 0.7 0.7 1
v 0.5 0.7 0.8
v 0.7 0.7 0.8
v 0.3 0.7 0.6
v 0.4 0.7 0.6
v 0.5 0.7 0.6
v 0.3 0.7 0.5
v 0.4 0.7 0.5
v 0.7 0.7 0.5
v 0.3 0.8 0.7
v 0.5 0.8 0.7
v -0.6 0.8 0.6
v -0.5 0.8 0.6
v 0.3 0.8 0.6
v 0.5 0.8 0.6
v -0.6 0.8 0.5
v -0.5 0.8 0.5
v -0.3 0.8 0.5
v -0.2 0.8 0.5
v -0.3 0.8 0.4
v -0.2 0.8 0.4
v 0.5 0.9 1.1
v 0.6 0.9 1.1
v 0.4 0.9 1
v 0.5 0.9 1
v 0.6 0.9 1
v 0.5 0.9 0.9
v 0.6 0.9 0.9
v 0.4 0.9 0.8
v 0.5 0.9 0.8
v 0.6 0.9 0.8
v -0.7 0.9 0.7
v -0.5 0.9 0.7
v 0.4 0.9 0.7
v 0.5 0.9 0.7
v -0.7 0.9 0.6
v -0.5 0.9 0.6
v -0.4 0.9 0.6
v -0.3 0.9 0.6
v -0.4 0.9 0.5
v -0.3 0.9 0.5
v 0.2 0.9 0.5
v 0.3 0.9 0.5
v 0.2 0.9 0.4
v 0.3 0.9 0.4
v -0.0999999 1 1.7
v 0.1 1 1.7
v 0.2 1 1.7
v 0.4 1 1.7
v -0.2 1 1.6
v -0.0999999 1 1.6
v 0.1 1 1.6
v 0.2 1 1.6
v 0.4 1 1.6
v 0.5 1 1.6
v -0.2 1 1.5
v -0.0999999 1 1.5
v 0.2 1 1.5
v 0.4 1 1.5
v 0.5 1 1.5
v 0.6 1 1.5
v 0.5 1 1.4
v 0.6 1 1.4
v 0.4 1 1.3
v 0.5 1 1.3
v 0.5 1 1.2
v 0.6 1 1.2
v 0.5 1 1.1
v 0.6 1 1.1
v -0.7 1 1
v -0.6 1 1
v -0.7 1 0.9
v -0.6 1 0.9
v 0.2 1 0.9
v 0.4 1 0.9
v -0.7 1 0.8
v -0.6 1 0.8
v -0.5 1 0.8
v -0.7 1 0.7
v -0.5 1 0.7
v 0.2 1 0.7
v 0.4 1 0.7
v -0.5 1 0.6
v -0.4 1 0.6
v -0.2 1 0.6
v -0.0999999 1 0.6
v 0.2 1 0.6
v 0.3 1 0.6
v -0.5 1 0.5
v -0.4 1 0.5
v -0.2 1 0.5
v -0.0999999 1 0.5
v 0 1 0.5
v 0.3 1 0.5
v 0.4 1 0.5
v -0.0999999 1 0.4
v 0 1 0.4
v -0.0999999 1.1 0.6
v 0 1.1 0.6
v 0.2 1.1 0.6
v 0.3 1.1 0.6
v -0.0999999 1.1 0.5
v 0 1.1 0.5
v 0.2 1.1 0.5
v 0.3 1.1 0.5
v -0.7 1.2 1.1
v -0.6 1.2 1.1
v 0.1 1.2 1.1
v 0.2 1.2 1.1
v 0.4 1.2 1.1
v -0.7 1.2 1
v -0.6 1.2 1
v 0 1.2 1
v 0.1 1.2 1
v 0 1.2 0.9
v 0.2 1.2 0.9
v 0.4 1.2 0.9
v -0.5 1.2 0.7
v -0.4 1.2 0.7
v 0 1.2 0.7
v 0.2 1.2 0.7
v -0.5 1.2 0.6
v -0.4 1.2 0.6
v 0 1.2 0.6
v 0 1.2 0.5
v 0.2 1.2 0.5
v -0.7 1.3 1
v -0.6 1.3 1
v -0.7 1.3 0.9
v -0.6 1.3 0.9
v -0.3 1.3 0.6
v -0.2 1.3 0.6
v -0.3 1.3 0.5
v -0.2 1.3 0.5
v -0.4 1.5 0.7
v -0.3 1.5 0.7
v -0.4 1.5 0.6
v -0.3 1.5 0.6
v 0.4 1.6 1.3
v 0.5 1.6 1.3
v 0.4 1.6 1.2
v 0.5 1.6 1.2
v 0.4 1.7 1.2
v 0.5 1.7 1.2
v -0.7 1.7 1.1
v -0.6 1.7 1.1
v 0.4 1.7 1.1
v -0.7 1.7 1
v -0.6 1.7 1
v 0.4 1.7 1
v 0.5 1.7 1
v 0.4 1.8 0.9
v 0.5 1.8 0.9
v 0.4 1.8 0.8
v 0.5 1.8 0.8
v 0.4 2 1
v 0.5 2 1
v 0.4 2 0.9
v 0.5 2 0.9
v -0.0999999 2.2 1.6
v 0 2.2 1.6
v -0.3 2.2 1.5
v -0.0999999 2.2 1.5
v 0 2.2 1.5
v -0.3 2.2 1.4
v -0.2 2.2 1.4
v -0.0999999 2.2 1.4
v 0.3 2.2 1.2
v 0.4 2.2 1.2
v 0.3 2.2 1.1
v 0.4 2.2 1.1
v -0.7 2.2 1
v -0.6 2.2 1
v 0.3 2.2 1
v 0.4 2.2 1
v -0.6 2.2 0.9
v -0.7 2.2 0.8
v -0.6 2.2 0.8
v 0 2.3 1.6
v 0.1 2.3 1.6
v 0 2.3 1.5
v 0.1 2.3 1.5
v 0.2 2.3 1.3
v 0.3 2.3 1.3
v 0.2 2.3 1.2
v 0.3 2.3 1.2
v 0.1 2.5 1.7
v 0.5 2.5 1.7
v 0.3 2.5 1.6
v 0.5 2.5 1.6
v 0.1 2.5 1.5
v 0.3 2.5 1.5
v 0.3 2.6 1.6
v 0.5 2.6 1.6
v 0.3 2.6 1.5
v 0.5 2.6 1.5
v 0.6 2.6 1.5
v 0.3 2.6 1.3
v 0.3 2.6 1.2
v 0.6 2.6 1.2
v 0.5 2.7 1.7
v 0.6 2.7 1.7
v 0.6 2.7 1.6
v 0.7 2.7 1.6
v 0.5 2.7 1.5
v 0.7 2.7 1.5
v -0.0999999 2.7 0.7
v 0 2.7 0.7
v -0.0999999 2.7 0.6
v 0 2.7 0.6
v 0.6 2.8 1.7
v 0.7 2.8 1.7
v 0.6 2.8 1.6
v 0.7 2.8 1.6
v 0.6 2.9 1.8
v 0.7 2.9 1.8
v 0.8 2.9 1.8
v 0.6 2.9 1.7
v 0.7 2.9 1.7
v 0.8 2.9 1.7
v 0.7 2.9 1.6
v 0.8 2.9 1.6
v -0.0999999 2.9 1.5
v 0.3 2.9 1.5
v 0.7 2.9 1.5
v 0.8 2.9 1.5
v -0.0999999 2.9 1.4
v 0.2 2.9 1.4
v 0.2 2.9 1.3
v 0.3 2.9 1.3
v -0.5 2.9 0.6
v -0.4 2.9 0.6
v -0.3 2.9 0.6
v -0.2 2.9 0.6
v -0.0999999 2.9 0.6
v -0.5 2.9 0.5
v -0.4 2.9 0.5
v -0.3 2.9 0.5
v -0.2 2.9 0.5
v -0.0999999 2.9 0.5
v 0.8 3 1.8
v 0.9 3 1.8
v 0.7 3 1.7
v 0.8 3 1.7
v 0.7 3 1.6
v 0.8 3 1.6
v 0.8 3 1.5
v 0.9 3 1.5
v -0.6 3 1.1
v -0.5 3 1.1
v -0.6 3 1
v -0.5 3 1
v -0.6 3 0.9
v -0.5 3 0.9
v -0.5 3 0.7
v -0.2 3 0.7
v -0.0999999 3 0.7
v -0.5 3 0.6
v -0.2 3 0.6
v -0.0999999 3 0.6
v 0.8 3.1 2
v 0.9 3.1 2
v 0.8 3.1 1.8
v 0.9 3.1 1.8
v 1 3.1 1.8
v 1 3.1 1.7
v 0.9 3.1 1.6
v 1 3.1 1.6
v 0.6 3.2 2.1
v 0.7 3.2 2.1
v 0.6 3.2 2
v 0.7 3.2 2
v 0.8 3.2 2
v 0.9 3.2 2
v 1 3.2 2
v 1 3.2 1.9
v 0.6 3.2 1.8
v 0.7 3.2 1.8
v 0.8 3.2 1.8
v 0.9 3.2 1.8
v 1 3.2 1.8
v 1 3.2 1.7
v 1.1 3.2 1.7
v 0.9 3.2 1.6
v 1 3.2 1.6
v 0.9 3.2 1.5
v 1.1 3.2 1.5
v -0.6 3.2 0.9
v -0.5 3.2 0.9
v -0.6 3.2 0.8
v -0.5 3.2 0.8
v -0.2 3.2 0.8
v -0.0999999 3.2 0.8
v -0.6 3.2 0.7
v -0.5 3.2 0.7
v -0.2 3.2 0.7
v -0.0999999 3.2 0.7
v 0.7 3.3 2.1
v 0.9 3.3 2.1
v 0.7 3.3 2
v 0.9 3.3 2
v 1 3.3 1.9
v 1.2 3.3 1.9
v 1 3.3 1.8
v 1.1 3.3 1.8
v 1.2 3.3 1.8
v 0.2 3.3 1.3
v 0.3 3.3 1.3
v 0.2 3.3 1.2
v 0.3 3.3 1.2
v 0.7 3.4 2.2
v 0.9 3.4 2.2
v 0.7 3.4 2.1
v 0.9 3.4 2.1
v 1.1 3.5 1.8
v 1.3 3.5 1.8
v -0.8 3.5 1.5
v -0.7 3.5 1.5
v 1.1 3.5 1.5
v 1.2 3.5 1.5
v 1.3 3.5 1.5
v 1.5 3.5 1.5
v -0.8 3.5 1.4
v -0.7 3.5 1.4
v 1.2 3.5 1.4
v 1.5 3.5 1.4
v 0.7 3.6 2.3
v 0.9 3.6 2.3
v 0.7 3.6 2.2
v 0.9 3.6 2.2
v 1.3 3.6 1.8
v 1.5 3.6 1.8
v 1.3 3.6 1.5
v 1.5 3.6 1.5
v 2 3.6 1.5
v 2.1 3.6 1.5
v 2 3.6 1.3
v 2.1 3.6 1.3
v 0.7 3.7 2.4
v 0.8 3.7 2.4
v 0.7 3.7 2.3
v 0.8 3.7 2.3
v 1.5 3.7 1.7
v 1.7 3.7 1.7
v 1.9 3.7 1.7
v 2 3.7 1.7
v -0.8 3.7 1.6
v -0.7 3.7 1.6
v -0.8 3.7 1.5
v -0.7 3.7 1.5
v -0.5 3.7 1.5
v -0.4 3.7 1.5
v -0.3 3.7 1.5
v 1.7 3.7 1.5
v 1.9 3.7 1.5
v -0.6 3.7 1.4
v -0.5 3.7 1.4
v -0.3 3.7 1.4
v 1.5 3.7 1.3
v 1.7 3.7 1.3
v 1.8 3.7 1.3
v 1.9 3.7 1.3
v 2 3.7 1.3
v -0.6 3.7 1.2
v -0.5 3.7 1.2
v 1.7 3.7 1.1
v 1.8 3.7 1.1
v 1.9 3.7 1.1
v 0.7 3.8 2.5
v 0.8 3.8 2.5
v 0.7 3.8 2.4
v 0.8 3.8 2.4
v -0.6 3.8 1.8
v -0.5 3.8 1.8
v -0.8 3.8 1.7
v -0.6 3.8 1.7
v -0.5 3.8 1.7
v -0.4 3.8 1.7
v -0.8 3.8 1.6
v -0.7 3.8 1.6
v -0.5 3.8 1.6
v -0.4 3.8 1.6
v -0.5 3.8 1.5
v -0.4 3.8 1.5
v -0.7 3.8 1.4
v -0.5 3.8 1.4
v -0.8 3.9 1.9
v -0.6 3.9 1.9
v -0.9 3.9 1.8
v -0.8 3.9 1.8
v -0.6 3.9 1.8
v -0.9 3.9 1.7
v -0.8 3.9 1.7
v -0.6 3.9 1.7
v 1.6 3.9 1.6
v 1.7 3.9 1.6
v -0.3 3.9 1.5
v -0.2 3.9 1.5
v -0.0999999 3.9 1.5
v 0.1 3.9 1.5
v 1.6 3.9 1.5
v 1.7 3.9 1.5
v 1.8 3.9 1.5
v -0.5 3.9 1.4
v -0.3 3.9 1.4
v -0.2 3.9 1.4
v -0.0999999 3.9 1.4
v 0.1 3.9 1.4
v 0.2 3.9 1.4
v 1.7 3.9 1.4
v 1.8 3.9 1.4
v -0.5 3.9 1.2
v -0.3 3.9 1.2
v 0.1 3.9 1.2
v 0.2 3.9 1.2
v 0.3 3.9 1.2
v 0.1 3.9 1.1
v 0.2 3.9 1.1
v 0.3 3.9 1.1
v 0.1 3.9 0.9
v 0.2 3.9 0.9
v 0.1 3.9 0.8
v 0.2 3.9 0.8
v -1 4 2.2
v -0.9 4 2.2
v -1.1 4 2.1
v -1 4 2.1
v -0.9 4 2
v -1.1 4 1.9
v -0.9 4 1.9
v 2 4 1.9
v 2.1 4 1.9
v 2.2 4 1.9
v 2 4 1.8
v 2.1 4 1.8
v 0.9 4 1.7
v 1.1 4 1.7
v 1.2 4 1.7
v 2.1 4 1.7
v 2.2 4 1.7
v 0.9 4 1.6
v 1.1 4 1.6
v 1.2 4 1.6
v 1.6 4 1.5
v 1.7 4 1.5
v 1.6 4 1.4
v 1.7 4 1.4
v 1.6 4.1 2.8
v 1.7 4.1 2.8
v 1.6 4.1 2.7
v 1.7 4.1 2.7
v -1.1 4.1 2.3
v -1 4.1 2.3
v -1.2 4.1 2.2
v -1.1 4.1 2.2
v -1.2 4.1 2.1
v -1 4.1 2.1
v 2 4.1 2.1
v 2.1 4.1 2.1
v 2 4.1 2
v 2.1 4.1 2
v -0.9 4.1 1.9
v -0.7 4.1 1.9
v 2 4.1 1.9
v 2.1 4.1 1.9
v -0.9 4.1 1.8
v -0.7 4.1 1.8
v 1.5 4.1 1.8
v 1.9 4.1 1.8
v 2 4.1 1.8
v 2.1 4.1 1.8
v 1.2 4.1 1.7
v 1.4 4.1 1.7
v 1.5 4.1 1.7
v 1.6 4.1 1.7
v 1.9 4.1 1.7
v 2 4.1 1.7
v 2.1 4.1 1.7
v 1.2 4.1 1.6
v 1.4 4.1 1.6
v 0.1 4.1 1.1
v 0.2 4.1 1.1
v 0.4 4.1 1.1
v 0.1 4.1 1
v 0.2 4.1 1
v 0.4 4.1 1
v -0.0999999 4.1 0.7
v 0 4.1 0.7
v -0.0999999 4.1 0.6
v 0 4.1 0.6
v 0.1 4.1 0.6
v 0 4.1 0.5
v 0.1 4.1 0.5
v 0.6 4.2 3
v 0.8 4.2 3
v 0.7 4.2 2.8
v 0.8 4.2 2.8
v 1.3 4.2 2.8
v 1.6 4.2 2.8
v 1.3 4.2 2.7
v 1.5 4.2 2.7
v 1.6 4.2 2.7
v 0.7 4.2 2.6
v 0.8 4.2 2.6
v -1.3 4.2 2.5
v -1.2 4.2 2.5
v -1.1 4.2 2.5
v 0.6 4.2 2.5
v 0.7 4.2 2.5
v -1.4 4.2 2.4
v -1.3 4.2 2.4
v 0.7 4.2 2.4
v 0.8 4.2 2.4
v 1 4.2 2.4
v 1.5 4.2 2.4
v 1.9 4.2 2.4
v -1.5 4.2 2.3
v -1.4 4.2 2.3
v 0.8 4.2 2.3
v 0.9 4.2 2.3
v 1 4.2 2.3
v 1.1 4.2 2.3
v 1.5 4.2 2.3
v 1.9 4.2 2.3
v -1.5 4.2 2.2
v -1.4 4.2 2.2
v -1.2 4.2 2.2
v -1.1 4.2 2.2
v 1.5 4.2 2.2
v 1.9 4.2 2.2
v -1.4 4.2 2.1
v -1.3 4.2 2.1
v -1.2 4.2 2.1
v -0.8 4.2 2.1
v -0.7 4.2 2.1
v -1.4 4.2 2
v -1.3 4.2 2
v -0.9 4.2 2
v -0.8 4.2 2
v -0.7 4.2 2
v 1.1 4.2 2
v 1.4 4.2 2
v -0.9 4.2 1.9
v -0.7 4.2 1.9
v 0.9 4.2 1.7
v 1.4 4.2 1.7
v 1.9 4.2 1.7
v 2 4.2 1.7
v 1.7 4.2 1.6
v 1.9 4.2 1.6
v 1.7 4.2 1.5
v 1.9 4.2 1.5
v 2 4.2 1.5
v -0.2 4.2 1.2
v 0.1 4.2 1.2
v -0.2 4.2 1.1
v 0 4.2 1.1
v 0.1 4.2 1
v 0 4.2 0.9
v 0.1 4.2 0.9
v 0.4 4.2 0.9
v 0.5 4.2 0.9
v 0.4 4.2 0.8
v -0.2 4.2 0.7
v 0 4.2 0.7
v 0.4 4.2 0.7
v 0.4 4.2 0.6
v 0.5 4.2 0.6
v 0.8 4.3 3
v 1.2 4.3 3
v 0.7 4.3 2.8
v 0.8 4.3 2.8
v 1.2 4.3 2.8
v 1.3 4.3 2.8
v 0.9 4.3 2.7
v 1.1 4.3 2.7
v 1.3 4.3 2.7
v 1.5 4.3 2.7
v 1.9 4.3 2.7
v 2 4.3 2.7
v -1.6 4.3 2.6
v -1.4 4.3 2.6
v -1.3 4.3 2.6
v 0.7 4.3 2.6
v 0.8 4.3 2.6
v 1.1 4.3 2.5
v 1.5 4.3 2.5
v -1.4 4.3 2.4
v -1.3 4.3 2.4
v 0.8 4.3 2.4
v 0.9 4.3 2.4
v 1.5 4.3 2.4
v 1.9 4.3 2.4
v 2 4.3 2.4
v -1.6 4.3 2.3
v -1.5 4.3 2.3
v -1.4 4.3 2.3
v -1.5 4.3 2.2
v -1.4 4.3 2.2
v -1.5 4.3 2.1
v -1.4 4.3 2.1
v -0.7 4.3 2.1
v -0.5 4.3 2.1
v -0.7 4.3 2
v -0.5 4.3 2
v 1.4 4.3 1.7
v 1.6 4.3 1.7
v 1.9 4.3 1.7
v 1.4 4.3 1.6
v 1.6 4.3 1.6
v 1.9 4.3 1.6
v -0.6 4.3 1.2
v -0.3 4.3 1.2
v -0.2 4.3 1.2
v -0.3 4.3 1.1
v -0.2 4.3 1.1
v -0.6 4.3 1
v -0.4 4.3 1
v 0.1 4.3 1
v 0.2 4.3 1
v 0.4 4.3 1
v 0 4.3 0.9
v 0.1 4.3 0.9
v 0.2 4.3 0.9
v 0.3 4.3 0.9
v 0.4 4.3 0.9
v 0.1 4.3 0.8
v 0.2 4.3 0.8
v 0.3 4.3 0.8
v 0.4 4.3 0.8
v -0.4 4.3 0.7
v -0.2 4.3 0.7
v 0 4.3 0.6
v 0.1 4.3 0.6
v 0.2 4.3 0.4
v 0.3 4.3 0.4
v 0.2 4.3 0.3
v 0.3 4.3 0.3
v -1.6 4.4 2.8
v -1.5 4.4 2.8
v -1.4 4.4 2.8
v -1.7 4.4 2.7
v -1.6 4.4 2.7
v -1.4 4.4 2.7
v 0.9 4.4 2.7
v 1.1 4.4 2.7
v -1.7 4.4 2.6
v -1.4 4.4 2.6
v 1.1 4.4 2.5
v 1.5 4.4 2.5
v 0.9 4.4 2.4
v 1.1 4.4 2.4
v -1.7 4.4 2.3
v -1.5 4.4 2.3
v -0.6 4.4 2.3
v -0.5 4.4 2.3
v -0.3 4.4 2.3
v 1.4 4.4 2.3
v 1.5 4.4 2.3
v -1.7 4.4 2.2
v -1.6 4.4 2.2
v -0.7 4.4 2.2
v -0.6 4.4 2.2
v -0.4 4.4 2.2
v -0.3 4.4 2.2
v -1.6 4.4 2.1
v -1.5 4.4 2.1
v -0.7 4.4 2.1
v -0.4 4.4 2.1
v 1.1 4.4 2
v 1.4 4.4 2
v -0.7 4.4 1
v -0.4 4.4 1
v -0.8 4.4 0.9
v -0.7 4.4 0.9
v -0.8 4.4 0.8
v -0.5 4.4 0.8
v -0.5 4.4 0.7
v -0.4 4.4 0.7
v -0.3 4.5 3.4
v -0.2 4.5 3.4
v -0.5 4.5 3.3
v -0.3 4.5 3.3
v -0.2 4.5 3.3
v -0.5 4.5 3.2
v -0.3 4.5 3.2
v -1.5 4.5 2.9
v -1.4 4.5 2.9
v -1.5 4.5 2.8
v -1.4 4.5 2.8
v -0.5 4.5 2.4
v -0.4 4.5 2.4
v -0.3 4.5 2.4
v -0.5 4.5 2.3
v -0.3 4.5 2.3
v 1.4 4.5 2.3
v 1.7 4.5 2.3
v -1.7 4.5 2.2
v -1.6 4.5 2.2
v 1.7 4.5 2.2
v 1.8 4.5 2.2
v 2 4.5 2.2
v -1.7 4.5 2.1
v -1.6 4.5 2.1
v 1.7 4.5 2.1
v 1.8 4.5 2.1
v 1.9 4.5 2
v 2 4.5 2
v 1.9 4.5 1.8
v 2 4.5 1.8
v 1.4 4.5 1.7
v 2 4.5 1.7
v -0.9 4.5 0.8
v -0.5 4.5 0.8
v 0.1 4.5 0.8
v 0.5 4.5 0.8
v -0.9 4.5 0.6
v -0.7 4.5 0.6
v -0.6 4.5 0.6
v -0.5 4.5 0.6
v 0.4 4.5 0.6
v 0.5 4.5 0.6
v -0.7 4.5 0.5
v -0.6 4.5 0.5
v 0.3 4.5 0.5
v 0.4 4.5 0.5
v 0.1 4.5 0.4
v 0.3 4.5 0.4
v -1.5 4.6 3.1
v -1.4 4.6 3.1
v -1.4 4.6 3
v -1.3 4.6 3
v -1.5 4.6 2.9
v -1.3 4.6 2.9
v -1.7 4.6 2.8
v -1.6 4.6 2.8
v -0.5 4.6 2.8
v -0.4 4.6 2.8
v -1.7 4.6 2.7
v -1.6 4.6 2.7
v -0.5 4.6 2.7
v -0.4 4.6 2.7
v -0.4 4.6 2.5
v -0.3 4.6 2.5
v -0.4 4.6 2.4
v -0.3 4.6 2.4
v -1.8 4.6 2.2
v -1.7 4.6 2.2
v 1.7 4.6 2.2
v 1.8 4.6 2.2
v -1.8 4.6 2.1
v -1.7 4.6 2.1
v 1.7 4.6 2.1
v 1.8 4.6 2.1
v 1.9 4.6 2
v 2.1 4.6 2
v 1.9 4.6 1.8
v 2.1 4.6 1.8
v -0.8 4.6 0.6
v -0.7 4.6 0.6
v 0.4 4.6 0.6
v 0.5 4.6 0.6
v -0.8 4.6 0.5
v -0.7 4.6 0.5
v 0.4 4.6 0.5
v 0.5 4.6 0.5
v -0.6 4.7 3.6
v -0.4 4.7 3.6
v -0.6 4.7 3.5
v -0.4 4.7 3.5
v -1.4 4.7 3.2
v -1.3 4.7 3.2
v -1.3 4.7 3.1
v -1.2 4.7 3.1
v -1.4 4.7 3
v -1.2 4.7 3
v 0.6 4.7 3
v 0.7 4.7 3
v -1.8 4.7 2.9
v -1.7 4.7 2.9
v -1.6 4.7 2.9
v -0.4 4.7 2.9
v -0.3 4.7 2.9
v 0.6 4.7 2.9
v 0.7 4.7 2.9
v -1.8 4.7 2.8
v -1.6 4.7 2.8
v -0.3 4.7 2.7
v -0.2 4.7 2.7
v -0.3 4.7 2.6
v -0.2 4.7 2.6
v 0.6 4.7 2.6
v 0.7 4.7 2.6
v -0.4 4.7 2.5
v -0.3 4.7 2.5
v 0.6 4.7 2.5
v 0.7 4.7 2.5
v -2 4.7 2.2
v -1.8 4.7 2.2
v -2 4.7 2.1
v -1.9 4.7 2.1
v -1.9 4.7 2
v -1.8 4.7 2
v -1.1 4.7 0.6
v -0.8 4.7 0.6
v 0.6 4.7 0.6
v 0.7 4.7 0.6
v -1.1 4.7 0.5
v -1 4.7 0.5
v 0.3 4.7 0.5
v 0.6 4.7 0.5
v -0.9 4.7 0.4
v -0.8 4.7 0.4
v -1 4.7 0.3
v -0.9 4.7 0.3
v 0.5 4.7 0.3
v 0.6 4.7 0.3
v 0.7 4.7 0.3
v 0.3 4.7 0.2
v 0.4 4.7 0.2
v 0.5 4.7 0.2
v 0.4 4.7 0.0999999
v 0.5 4.7 0.0999999
v -0.8 4.8 3.5
v -0.4 4.8 3.5
v 0.3 4.8 3.5
v 0.6 4.8 3.5
v -0.5 4.8 3.4
v -0.4 4.8 3.4
v 0.3 4.8 3.4
v 0.4 4.8 3.4
v -0.8 4.8 3.3
v -0.7 4.8 3.3
v -1.3 4.8 3.2
v -1.2 4.8 3.2
v -0.7 4.8 3.2
v -0.6 4.8 3.2
v 0.4 4.8 3.2
v 0.6 4.8 3.2
v -1.7 4.8 3.1
v -1.6 4.8 3.1
v -1.3 4.8 3.1
v -1.2 4.8 3.1
v -0.6 4.8 3.1
v -0.5 4.8 3.1
v -1.7 4.8 3
v -1.6 4.8 3
v 0.7 4.8 2.9
v 0.8 4.8 2.9
v 0.7 4.8 2.7
v 0.8 4.8 2.7
v -0.3 4.8 2.5
v -0.0999999 4.8 2.5
v -0.3 4.8 2.4
v -0.0999999 4.8 2.4
v 0.7 4.8 0.6
v 0.8 4.8 0.6
v -1.2 4.8 0.5
v -1 4.8 0.5
v -1.3 4.8 0.4
v -1.2 4.8 0.4
v -1.3 4.8 0.3
v -1.1 4.8 0.3
v 0.5 4.8 0.3
v 0.6 4.8 0.3
v 0.7 4.8 0.3
v 0.8 4.8 0.3
v -1.1 4.8 0.2
v -1 4.8 0.2
v 0.5 4.8 0.2
v 0.6 4.8 0.2
v 0.5 4.8 -4.76837e-07
v 0.6 4.8 -4.76837e-07
v -0.4 4.9 3.6
v -0.3 4.9 3.6
v 0.1 4.9 3.6
v 0.3 4.9 3.6
v -0.4 4.9 3.5
v -0.3 4.9 3.5
v -0.5 4.9 3.4
v -0.4 4.9 3.4
v 0 4.9 3.4
v 0.1 4.9 3.4
v 0.3 4.9 3.4
v 0.4 4.9 3.4
v -1 4.9 3.3
v -0.9 4.9 3.3
v 0 4.9 3.3
v 0.1 4.9 3.3
v 0.3 4.9 3.3
v 0.4 4.9 3.3
v -1.8 4.9 3.2
v -1.6 4.9 3.2
v -1.9 4.9 3.1
v -1.8 4.9 3.1
v -1.7 4.9 3.1
v -1.6 4.9 3.1
v -1 4.9 3.1
v -0.9 4.9 3.1
v -1.9 4.9 3
v -1.7 4.9 3
v -1.9 4.9 2.9
v -1.7 4.9 2.9
v -0.5 4.9 2.9
v -0.4 4.9 2.9
v -0.3 4.9 2.6
v -0.2 4.9 2.6
v 0.3 4.9 2.6
v -0.3 4.9 2.5
v -0.0999999 4.9 2.5
v 0.3 4.9 2.5
v 0.6 4.9 2.5
v -0.0999999 4.9 2.4
v 0.6 4.9 2.4
v -2 4.9 2.1
v -1.9 4.9 2.1
v -2 4.9 2
v -1.9 4.9 2
v 0.8 4.9 0.6
v 1 4.9 0.6
v 1 4.9 0.5
v 1 4.9 0.4
v 1.1 4.9 0.4
v -1.3 4.9 0.3
v -1.1 4.9 0.3
v 0.8 4.9 0.3
v 1.1 4.9 0.3
v -1.3 4.9 0.2
v -1.1 4.9 0.2
v -1 4.9 0.2
v 0.6 4.9 0.2
v 0.8 4.9 0.2
v -1.3 4.9 0.0999999
v -1.2 4.9 0.0999999
v 0.6 4.9 0.0999999
v 0.7 4.9 0.0999999
v -1.3 4.9 -4.76837e-07
v -1.2 4.9 -4.76837e-07
v -1.1 4.9 -4.76837e-07
v -1 4.9 -4.76837e-07
v 0.7 4.9 -4.76837e-07
v 0.8 4.9 -4.76837e-07
v -1.1 5 4.1
v -0.9 5 4.1
v -1.1 5 4
v -1 5 4
v -1.4 5 3.9
v -1.1 5 3.9
v -1 5 3.9
v -0.9 5 3.9
v -1.4 5 3.8
v -1.1 5 3.8
v -0.3 5 3.6
v 0.1 5 3.6
v -0.4 5 3.5
v -0.3 5 3.5
v -0.0999999 5 3.4
v 0.1 5 3.4
v 0.2 5 3.4
v 0.3 5 3.4
v 0.3 5 3.3
v -1.2 5 3.2
v -1 5 3.2
v 0.4 5 3.2
v 0.5 5 3.2
v -1.2 5 3.1
v -1 5 3.1
v -0.2 5 3.1
v -0.0999999 5 3.1
v 0.3 5 3.1
v 0.4 5 3.1
v 0.5 5 3.1
v 0.2 5 3
v 0.3 5 3
v -0.4 5 2.9
v -0.3 5 2.9
v -0.2 5 2.8
v 0 5 2.8
v 0.2 5 2.8
v 0.3 5 2.8
v 0.4 5 2.8
v 0.7 5 2.8
v -0.3 5 2.7
v -0.2 5 2.7
v 0 5 2.7
v 0.2 5 2.7
v -0.2 5 2.6
v 0.3 5 2.6
v 0.4 5 2.6
v 0.6 5 2.6
v 0.7 5 2.6
v 0.3 5 2.5
v 0.6 5 2.5
v 1 5 0.5
v 1.2 5 0.5
v -1.5 5 0.4
v -1.3 5 0.4
v 1 5 0.4
v 1.1 5 0.4
v -1.6 5 0.3
v -1.5 5 0.3
v 1.1 5 0.3
v 1.2 5 0.3
v -1.6 5 0.2
v -1.5 5 0.2
v -1.3 5 0.2
v -1.1 5 0.2
v -1.5 5 0.0999999
v -1.3 5 0.0999999
v -1.2 5 0.0999999
v 0.6 5 0.0999999
v 0.7 5 0.0999999
v -1.5 5 -4.76837e-07
v -1.4 5 -4.76837e-07
v -1.3 5 -4.76837e-07
v -1.2 5 -4.76837e-07
v -1.1 5 -4.76837e-07
v 0.7 5 -4.76837e-07
v 0.9 5 -4.76837e-07
v 0.6 5 -0.1
v 0.8 5 -0.1
v 0.9 5 -0.1
v -1.1 5.1 4
v -1 5.1 4
v -1.1 5.1 3.9
v -1 5.1 3.9
v -1.4 5.1 3.8
v -1.2 5.1 3.8
v -1.4 5.1 3.7
v -1.2 5.1 3.7
v -1 5.1 3.5
v -0.9 5.1 3.5
v -1.4 5.1 3.4
v -1.2 5.1 3.4
v -0.0999999 5.1 3.4
v 0.2 5.1 3.4
v -1.4 5.1 3.3
v -1.2 5.1 3.3
v -1 5.1 3.3
v -0.9 5.1 3.3
v 0 5.1 3.3
v 0.2 5.1 3.3
v 0.3 5.1 3.3
v 0.4 5.1 3.3
v 0.5 5.1 3.2
v 0.6 5.1 3.2
v -0.0999999 5.1 3.1
v 0 5.1 3.1
v 0.3 5.1 3.1
v 0.4 5.1 3.1
v 0.5 5.1 3.1
v 0.6 5.1 3.1
v 0.7 5.1 3.1
v 0.1 5.1 3
v 0.2 5.1 3
v 0.3 5.1 3
v 0.2 5.1 2.8
v 0.3 5.1 2.8
v 0.4 5.1 2.8
v 0.5 5.1 2.8
v 0.7 5.1 2.8
v 0.1 5.1 2.7
v 0.2 5.1 2.7
v 0.3 5.1 2.6
v 0.4 5.1 2.6
v -1.4 5.1 0.5
v -1.3 5.1 0.5
v 1.2 5.1 0.5
v 1.3 5.1 0.5
v -1.4 5.1 0.4
v -1.3 5.1 0.4
v 1.3 5.1 0.4
v 1.4 5.1 0.4
v 1.2 5.1 0.3
v 1.4 5.1 0.3
v -1.6 5.1 0.2
v -1.3 5.1 0.2
v -1.5 5.1 0.0999999
v -1.3 5.1 0.0999999
v -1.6 5.1 -4.76837e-07
v -1.5 5.1 -4.76837e-07
v -1.4 5.1 -4.76837e-07
v -1.1 5.1 -4.76837e-07
v -1.4 5.1 -0.1
v -1.1 5.1 -0.1
v 0.8 5.1 -0.1
v 0.9 5.1 -0.1
v 0.8 5.1 -0.3
v 0.9 5.1 -0.3
v -1.2 5.2 3.8
v -1.1 5.2 3.8
v -0.9 5.2 3.8
v -0.8 5.2 3.8
v -1.4 5.2 3.7
v -1.3 5.2 3.7
v -1.2 5.2 3.7
v -1.1 5.2 3.7
v -1.5 5.2 3.6
v -1.4 5.2 3.6
v -1.3 5.2 3.6
v -1.5 5.2 3.5
v -1.4 5.2 3.5
v -0.9 5.2 3.5
v -0.8 5.2 3.5
v 0 5.2 3.3
v 0.2 5.2 3.3
v 0 5.2 3.2
v 0.2 5.2 3.2
v -0.2 5.2 3.1
v 0 5.2 3.1
v 0.4 5.2 3.1
v 0.5 5.2 3.1
v -0.2 5.2 2.8
v 0 5.2 2.8
v 0.4 5.2 2.8
v 0.5 5.2 2.8
v -2.4 5.2 2.1
v -2.2 5.2 2.1
v -2.4 5.2 2
v -2.3 5.2 2
v -2.3 5.2 1.9
v -2.2 5.2 1.9
v -1.5 5.2 0.5
v -1.4 5.2 0.5
v 1.4 5.2 0.5
v 1.6 5.2 0.5
v -1.5 5.2 0.4
v -1.4 5.2 0.4
v 1.4 5.2 0.4
v 1.6 5.2 0.4
v -1.8 5.2 0.2
v -1.6 5.2 0.2
v -1.8 5.2 0.0999999
v -1.7 5.2 0.0999999
v -1.8 5.2 -4.76837e-07
v -1.7 5.2 -4.76837e-07
v -1.6 5.2 -4.76837e-07
v -1.8 5.2 -0.1
v -1.7 5.2 -0.1
v -1.4 5.2 -0.1
v -1.1 5.2 -0.1
v -1.4 5.2 -0.2
v -1.3 5.2 -0.2
v -1.1 5.2 -0.2
v -1 5.3 4
v -0.7 5.3 4
v -1.1 5.3 3.9
v -1 5.3 3.9
v -0.9 5.3 3.8
v -0.7 5.3 3.8
v -1.1 5.3 3.7
v -0.9 5.3 3.7
v -2.6 5.3 3.5
v -2.5 5.3 3.5
v -2.6 5.3 3.4
v -2.5 5.3 3.4
v -2.6 5.3 3.3
v -2.5 5.3 3.3
v 0 5.3 3
v 0.1 5.3 3
v 0 5.3 2.7
v 0.1 5.3 2.7
v -1.5 5.3 0.6
v -1.4 5.3 0.6
v -1.5 5.3 0.5
v -1.4 5.3 0.5
v 1.6 5.3 0.5
v 1.7 5.3 0.5
v 1.6 5.3 0.4
v 1.7 5.3 0.4
v -1.8 5.3 0.0999999
v -1.7 5.3 0.0999999
v -1.8 5.3 -4.76837e-07
v -1.7 5.3 -4.76837e-07
v -1.3 5.3 -0.2
v -1.1 5.3 -0.2
v -1.2 5.3 -0.3
v -1.1 5.3 -0.3
v -1.3 5.3 -0.4
v -1.2 5.3 -0.4
v 0 5.4 3.2
v 0.2 5.4 3.2
v 0 5.4 3
v 0.2 5.4 3
v -1.6 5.4 0.7
v -1.5 5.4 0.7
v -1.6 5.4 0.6
v -1.5 5.4 0.6
v -2 5.4 0.0999999
v -1.8 5.4 0.0999999
v 0.3 5.4 0.0999999
v 0.4 5.4 0.0999999
v -2 5.4 -4.76837e-07
v -1.8 5.4 -4.76837e-07
v -1.2 5.4 -0.3
v -1.1 5.4 -0.3
v 0.3 5.4 -0.3
v 0.4 5.4 -0.3
v -1.2 5.4 -0.4
v -1.1 5.4 -0.4
v -1.3 5.4 -0.5
v -1.2 5.4 -0.5
v -1.3 5.4 -0.6
v -1.2 5.4 -0.6
v -2.1 5.5 3.7
v -1.9 5.5 3.7
v -1.3 5.5 3.7
v -0.9 5.5 3.7
v -2.1 5.5 3.6
v -1.9 5.5 3.6
v -1.4 5.5 3.6
v -1.3 5.5 3.6
v -1.4 5.5 3.5
v -1 5.5 3.5
v -1.2 5.5 3.3
v -1 5.5 3.3
v -1 5.5 3.2
v -0.9 5.5 3.2
v -1.2 5.5 3
v -1 5.5 3
v -1.8 5.5 0.8
v -1.6 5.5 0.8
v -1.8 5.5 0.7
v -1.7 5.5 0.7
v -1.7 5.5 0.6
v -1.6 5.5 0.6
v -1.5 5.5 0.6
v -0.4 5.5 0.6
v -0.3 5.5 0.6
v -1.6 5.5 0.5
v -1.5 5.5 0.5
v -0.4 5.5 0.5
v -0.3 5.5 0.5
v -0.4 5.5 0.4
v -0.3 5.5 0.4
v -0.4 5.5 0.2
v -0.3 5.5 0.2
v 0.2 5.5 0.0999999
v 0.3 5.5 0.0999999
v -2 5.5 -4.76837e-07
v -1.8 5.5 -4.76837e-07
v -1.9 5.5 -0.1
v -1.8 5.5 -0.1
v 0.2 5.5 -0.1
v 0.3 5.5 -0.1
v -2 5.5 -0.2
v -1.9 5.5 -0.2
v -1.3 5.5 -0.4
v -1.1 5.5 -0.4
v -1.3 5.5 -0.5
v -1.2 5.5 -0.5
v -1.1 5.5 -0.5
v -2.5 5.6 3.7
v -2.2 5.6 3.7
v -2.1 5.6 3.7
v -2.5 5.6 3.6
v -2.2 5.6 3.6
v -2.1 5.6 3.6
v -1.4 5.6 3.5
v -1 5.6 3.5
v -1.4 5.6 3.4
v -1.2 5.6 3.4
v -1.2 5.6 3.3
v -1 5.6 3.3
v -1.4 5.6 2.7
v -1.3 5.6 2.7
v -1.4 5.6 2.6
v -1.3 5.6 2.6
v -1.4 5.6 2.3
v -1.3 5.6 2.3
v -1.4 5.6 1.9
v -1.3 5.6 1.9
v -1.8 5.6 1.7
v -1.4 5.6 1.7
v -1.8 5.6 1.6
v -1.3 5.6 1.6
v -1.8 5.6 0.7
v -1.7 5.6 0.7
v -1.8 5.6 0.6
v -1.7 5.6 0.6
v -2.7 5.7 3.7
v -2.5 5.7 3.7
v -2.7 5.7 3.6
v -2.5 5.7 3.6
v -2.3 5.7 3.6
v -2.5 5.7 3.5
v -2.4 5.7 3.5
v -2.4 5.7 3.4
v -2.3 5.7 3.4
v -1.4 5.7 3.4
v -1.2 5.7 3.4
v -1.4 5.7 3.1
v -1.2 5.7 3.1
v -1.4 5.7 2.2
v -1.3 5.7 2.2
v -1.4 5.7 1.9
v -1.3 5.7 1.9
v 0.8 5.7 1.8
v 0.9 5.7 1.8
v 0.8 5.7 1.7
v 0.9 5.7 1.7
v -0.6 5.7 1.2
v 0.2 5.7 1.2
v -0.6 5.7 1.1
v -0.3 5.7 1.1
v 0.1 5.7 1.1
v 0.2 5.7 1.1
v -0.3 5.7 1
v 0.1 5.7 1
v -1.9 5.7 0.8
v -1.8 5.7 0.8
v -1.9 5.7 0.7
v -1.9 5.7 0.6
v -1.8 5.7 0.6
v 1.6 5.7 -0.1
v 1.7 5.7 -0.1
v 1.6 5.7 -0.3
v 1.7 5.7 -0.3
v -0.7 5.7 -0.9
v -0.6 5.7 -0.9
v -0.5 5.7 -0.9
v -0.2 5.7 -0.9
v 0.6 5.7 -0.9
v -0.7 5.7 -1
v 0.6 5.7 -1
v -2.3 5.8 3.6
v -1.6 5.8 3.6
v -2 5.8 3.5
v -1.6 5.8 3.5
v -2.3 5.8 3.4
v -2 5.8 3.4
v -2.6 5.8 2.9
v -2.5 5.8 2.9
v -2.4 5.8 2.9
v -2.6 5.8 2.8
v -2.5 5.8 2.8
v -2.4 5.8 2.8
v -2.4 5.8 2.7
v -1.5 5.8 2.7
v -1.4 5.8 2.7
v -2.6 5.8 2.6
v -2.4 5.8 2.6
v -1.4 5.8 2.3
v -1.3 5.8 2.3
v -1.4 5.8 2.2
v -1.3 5.8 2.2
v -1.6 5.8 1.8
v -1.5 5.8 1.8
v -2.4 5.8 1.7
v -1.8 5.8 1.7
v -1.6 5.8 1.7
v -1.4 5.8 1.7
v -2.4 5.8 1.6
v -1.8 5.8 1.6
v 2 5.8 0.2
v 2.1 5.8 0.2
v 2 5.8 0.0999999
v 2.1 5.8 0.0999999
v 1.5 5.8 -0.1
v 1.6 5.8 -0.1
v 1.5 5.8 -0.3
v 1.6 5.8 -0.3
v -2.6 5.9 3.5
v -2.4 5.9 3.5
v -1.6 5.9 3.5
v -1.4 5.9 3.5
v -2.4 5.9 3.4
v -1.6 5.9 3.4
v -1.5 5.9 3.4
v -2.6 5.9 3.1
v -2.4 5.9 3.1
v -1.4 5.9 3.1
v -1.2 5.9 3.1
v -1.3 5.9 3
v -1.2 5.9 3
v -1.3 5.9 2.8
v -1.2 5.9 2.8
v -1.5 5.9 2.7
v -1.2 5.9 2.7
v -2.5 5.9 2.4
v -2.4 5.9 2.4
v -2.5 5.9 2.3
v -2.4 5.9 2.3
v -2.3 5.9 2.3
v -2.4 5.9 2.2
v -2.3 5.9 2.2
v -2.5 5.9 2
v -2.4 5.9 2
v -2.3 5.9 2
v -2.5 5.9 1.7
v -2.3 5.9 1.7
v 0.6 5.9 1.7
v 0.7 5.9 1.7
v 1 5.9 1.7
v 0.6 5.9 1.6
v 0.7 5.9 1.6
v 1 5.9 1.6
v -2.2 5.9 -0.4
v -1.4 5.9 -0.4
v -2.2 5.9 -0.5
v -1.4 5.9 -0.5
v -2 6 3.5
v -1.6 6 3.5
v -2.4 6 3.4
v -2 6 3.4
v -1.6 6 3.4
v -1.5 6 3.4
v -2.4 6 3.2
v -2.1 6 3.2
v -2.1 6 3.1
v -1.8 6 3.1
v -1.5 6 3.1
v -2.4 6 3
v -2.3 6 3
v -2.4 6 2.9
v -2.3 6 2.9
v -2.4 6 0.2
v -2.3 6 0.2
v -2.3 6 0.0999999
v 1.3 6 -4.76837e-07
v 1.4 6 -4.76837e-07
v -2.4 6 -0.1
v -2.3 6 -0.1
v 1.4 6 -0.1
v 1.6 6 -0.1
v 1.5 6 -0.2
v 1.6 6 -0.2
v -1.2 6 -0.4
v -1.1 6 -0.4
v 1 6 -0.4
v 1.3 6 -0.4
v 1.4 6 -0.4
v 1.5 6 -0.4
v 1.3 6 -0.5
v 1.4 6 -0.5
v -1.2 6 -0.6
v -1.1 6 -0.6
v -1.2 6 -0.7
v -1.1 6 -0.7
v -1 6 -0.7
v -0.6 6 -0.7
v -0.5 6 -0.7
v -0.4 6 -0.7
v 0.4 6 -0.7
v 0.6 6 -0.7
v 0.7 6 -0.7
v 0.8 6 -0.7
v 1 6 -0.7
v -0.6 6 -0.8
v -0.5 6 -0.8
v -0.2 6 -0.8
v -0.0999999 6 -0.8
v 0.3 6 -0.8
v 0.4 6 -0.8
v -1.2 6 -0.9
v -0.4 6 -0.9
v -0.2 6 -0.9
v -0.0999999 6 -0.9
v 0.3 6 -0.9
v 0.7 6 -0.9
v 1 6 -0.9
v 1.3 6 -0.9
v -2.4 6.1 3.2
v -2.1 6.1 3.2
v -2.4 6.1 3.1
v -2.3 6.1 3.1
v -2.2 6.1 3.1
v -2.1 6.1 3.1
v -1.8 6.1 3.1
v -1.5 6.1 3.1
v -2.4 6.1 3
v -2.3 6.1 3
v -2.2 6.1 3
v -2 6.1 3
v -2.4 6.1 2.9
v -2.3 6.1 2.9
v -2.4 6.1 2.8
v -2.3 6.1 2.8
v -2.3 6.1 2.5
v -2 6.1 2.5
v -2.3 6.1 2.4
v -1.8 6.1 2.4
v -1.6 6.1 2.4
v -1.6 6.1 2
v -1.6 6.1 1.8
v -1.5 6.1 1.8
v -2.5 6.1 0.8
v -2 6.1 0.8
v -2.4 6.1 0.7
v -2.1 6.1 0.7
v -2.5 6.1 0.6
v -2.4 6.1 0.6
v -2.3 6.1 0.2
v -2.2 6.1 0.2
v -2.1 6.1 0.2
v -2.3 6.1 0.0999999
v -2.2 6.1 0.0999999
v -2 6.1 -4.76837e-07
v -1.9 6.1 -4.76837e-07
v -2.3 6.1 -0.1
v -1.9 6.1 -0.1
v -0.6 6.1 -0.7
v -0.5 6.1 -0.7
v -0.6 6.1 -0.8
v -0.5 6.1 -0.8
v -0.4 6.1 -0.8
v -0.3 6.1 -0.8
v -0.2 6.1 -0.8
v -0.4 6.1 -0.9
v -0.3 6.1 -0.9
v -0.2 6.1 -0.9
v -2.3 6.2 3.1
v -2.2 6.2 3.1
v -2.2 6.2 3
v -2 6.2 3
v -2.4 6.2 2.8
v -2.3 6.2 2.8
v -2.5 6.2 2.7
v -2.4 6.2 2.7
v -2.3 6.2 2.7
v -2.3 6.2 2.5
v -2 6.2 2.5
v -2.5 6.2 2.4
v -2.4 6.2 2.4
v -2.3 6.2 2.4
v -1.8 6.2 2.4
v -1.6 6.2 2.4
v -2.3 6.2 2.3
v -2.2 6.2 2.3
v -2.2 6.2 2.1
v -1.8 6.2 2.1
v -2.2 6.2 2
v -1.6 6.2 2
v -2.3 6.2 1.9
v -2.2 6.2 1.9
v -2.3 6.2 1.8
v -1.6 6.2 1.8
v -2.3 6.2 1.7
v -1.6 6.2 1.7
v -2 6.2 0.9
v -1.8 6.2 0.9
v -2.4 6.2 0.7
v -2.1 6.2 0.7
v -1.9 6.2 0.3
v -1.8 6.2 0.3
v -2.4 6.2 0.2
v -2.1 6.2 0.2
v -1.9 6.2 0.2
v -1.8 6.2 0.2
v -2 6.2 -4.76837e-07
v -1.9 6.2 -4.76837e-07
v -1.8 6.2 -4.76837e-07
v -1.2 6.2 -4.76837e-07
v -2.5 6.2 -0.1
v -1.9 6.2 -0.1
v -1.2 6.2 -0.1
v -1.1 6.2 -0.1
v 1.4 6.2 -0.1
v 1.5 6.2 -0.1
v -1.9 6.2 -0.2
v -1.1 6.2 -0.2
v 1.4 6.2 -0.2
v 1.5 6.2 -0.2
v -1.4 6.2 -0.3
v -1.2 6.2 -0.3
v -1.1 6.2 -0.3
v -2.5 6.2 -0.4
v -1.4 6.2 -0.4
v -1.2 6.2 -0.4
v -0.0999999 6.2 -0.8
v 0 6.2 -0.8
v 0.3 6.2 -0.8
v -0.0999999 6.2 -0.9
v 0.3 6.2 -0.9
v -2.4 6.3 2.7
v -2.3 6.3 2.7
v -2.4 6.3 2.6
v -2.3 6.3 2.6
v -2.4 6.3 2.4
v -2.3 6.3 2.4
v -2.4 6.3 2.3
v -2.3 6.3 2.3
v -2.7 6.3 1.9
v -2.6 6.3 1.9
v -2.3 6.3 1.9
v -2.7 6.3 1.8
v -2.6 6.3 1.8
v -2.3 6.3 1.8
v 1.6 6.3 1.7
v 1.7 6.3 1.7
v 0.2 6.3 1.6
v 0.4 6.3 1.6
v 0.6 6.3 1.6
v 1.6 6.3 1.6
v 1.7 6.3 1.6
v 0.2 6.3 1.5
v 0.4 6.3 1.5
v 0.5 6.3 1.5
v 0.6 6.3 1.5
v -1.2 6.3 -4.76837e-07
v -1 6.3 -4.76837e-07
v -1.2 6.3 -0.1
v -1.1 6.3 -0.1
v -1 6.3 -0.1
v -0.8 6.3 -0.1
v -0.7 6.3 -0.1
v -0.6 6.3 -0.1
v -1.1 6.3 -0.2
v -1 6.3 -0.2
v -1.1 6.3 -0.3
v -0.8 6.3 -0.3
v -0.6 6.3 -0.4
v 0 6.3 -0.4
v -1.1 6.3 -0.5
v -0.8 6.3 -0.5
v 0 6.3 -0.5
v 0.1 6.3 -0.5
v 0.4 6.3 -0.5
v 0.9 6.3 -0.5
v 1 6.3 -0.5
v -0.9 6.3 -0.6
v -0.5 6.3 -0.6
v -0.4 6.3 -0.6
v 0 6.3 -0.6
v 0.1 6.3 -0.6
v 0.4 6.3 -0.6
v 0.9 6.3 -0.6
v 1 6.3 -0.6
v -1.1 6.3 -0.7
v -0.9 6.3 -0.7
v -0.5 6.3 -0.7
v -0.4 6.3 -0.7
v 0.4 6.3 -0.7
v 1 6.3 -0.7
v -2.6 6.4 2.6
v -2.3 6.4 2.6
v -2.6 6.4 2.4
v -2.4 6.4 2.4
v -2.3 6.4 2.4
v -2.4 6.4 2.3
v -2.2 6.4 2.3
v -2.7 6.4 2.1
v -2.6 6.4 2.1
v -2.4 6.4 2.1
v -2.2 6.4 2.1
v -2.7 6.4 2
v -2.4 6.4 2
v -2.7 6.4 1.9
v -2.2 6.4 1.9
v 1 6.4 1.7
v 1.1 6.4 1.7
v 1 6.4 1.6
v 1.1 6.4 1.6
v 1.8 6.4 1.6
v 1.9 6.4 1.6
v 1.8 6.4 1.5
v 1.9 6.4 1.5
v 2.2 6.4 1.4
v 2.4 6.4 1.4
v 2.4 6.4 1.3
v 2.5 6.4 1.3
v 2.2 6.4 1.2
v 2.4 6.4 1.2
v 2.5 6.4 1.2
v -1.8 6.4 1
v -1.2 6.4 1
v 2.3 6.4 0.9
v 2.5 6.4 0.9
v 2.3 6.4 0.8
v 2.5 6.4 0.8
v -1.2 6.4 0.5
v -1.1 6.4 0.5
v -1.1 6.4 0.4
v -0.7 6.4 0.4
v -0.6 6.4 0.4
v -1.8 6.4 0.3
v -1.7 6.4 0.3
v -1.1 6.4 0.3
v -0.7 6.4 0.3
v -1.8 6.4 0.2
v -1.7 6.4 0.2
v -1.8 6.4 -4.76837e-07
v -1 6.4 -4.76837e-07
v -0.8 6.4 -4.76837e-07
v -0.7 6.4 -4.76837e-07
v -1 6.4 -0.1
v -0.8 6.4 -0.1
v -0.7 6.4 -0.1
v -0.6 6.4 -0.1
v -1.2 6.4 -0.3
v -0.8 6.4 -0.3
v -0.6 6.4 -0.3
v 0 6.4 -0.3
v -0.6 6.4 -0.4
v 0 6.4 -0.4
v -1.2 6.4 -0.5
v -0.8 6.4 -0.5
v -0.4 6.4 -0.6
v 0 6.4 -0.6
v 0.1 6.4 -0.6
v 0.4 6.4 -0.6
v -0.4 6.4 -0.8
v 0 6.4 -0.8
v 0.1 6.4 -0.8
v 0.4 6.4 -0.8
v -2.8 6.5 2.4
v -2.6 6.5 2.4
v -2.4 6.5 2.4
v -2.9 6.5 2.3
v -2.8 6.5 2.3
v -2.9 6.5 2.2
v -2.8 6.5 2.2
v -2.8 6.5 2.1
v -2.6 6.5 2.1
v -2.4 6.5 2.1
v 0.6 6.5 1.6
v 1.1 6.5 1.6
v 0.6 6.5 1.5
v 1.1 6.5 1.5
v 2.3 6.5 1.2
v 2.4 6.5 1.2
v 2.6 6.5 1.2
v 2.3 6.5 1.1
v 2.4 6.5 1.1
v 2.3 6.5 0.9
v 2.6 6.5 0.9
v -0.6 6.5 0.4
v -0.5 6.5 0.4
v -0.4 6.5 0.4
v 1.9 6.5 0.0999999
v 2 6.5 0.0999999
v -0.4 6.5 -4.76837e-07
v 0 6.5 -4.76837e-07
v 1.6 6.5 -4.76837e-07
v 1.9 6.5 -4.76837e-07
v 2 6.5 -4.76837e-07
v -0.5 6.5 -0.1
v 0 6.5 -0.1
v 1.6 6.5 -0.1
v 2 6.5 -0.1
v -0.5 6.5 -0.2
v 0 6.5 -0.2
v -0.6 6.5 -0.3
v 0 6.5 -0.3
v 1.1 6.6 1.7
v 1.6 6.6 1.7
v 1.2 6.6 1.6
v 1.6 6.6 1.6
v 1.1 6.6 1.5
v 1.2 6.6 1.5
v -0.5 6.6 1.4
v -0.2 6.6 1.4
v 0.1 6.6 1.4
v -0.2 6.6 1.3
v 0 6.6 1.3
v 0.1 6.6 1.3
v -0.5 6.6 1.1
v -0.3 6.6 1.1
v -0.3 6.6 0.8
v 0 6.6 0.8
v -0.4 6.6 0.4
v -0.3 6.6 0.4
v -0.3 6.6 0.0999999
v -0.0999999 6.6 0.0999999
v 1.6 6.6 0.0999999
v 1.9 6.6 0.0999999
v -0.4 6.6 -4.76837e-07
v -0.0999999 6.6 -4.76837e-07
v 1.6 6.6 -4.76837e-07
v 1.9 6.6 -4.76837e-07
v 2.2 6.7 1.3
v 2.4 6.7 1.3
v 2.4 6.7 1.2
v 2.5 6.7 1.2
v -1.2 6.7 1.1
v -0.3 6.7 1.1
v 2.3 6.7 1.1
v 2.5 6.7 1.1
v -0.3 6.7 0.8
v -1.2 6.7 0.5
v -1.1 6.7 0.5
v -0.7 6.7 0.5
v -0.5 6.7 0.5
v 2.1 6.7 0.5
v 2.2 6.7 0.5
v -1.1 6.7 0.4
v -0.7 6.7 0.4
v -0.5 6.7 0.4
v -0.3 6.7 0.4
v 2.3 6.7 0.3
v 2.4 6.7 0.3
v 1.1 6.7 0.0999999
v 1.6 6.7 0.0999999
v 2 6.7 0.0999999
v 2.1 6.7 0.0999999
v 2 6.7 -4.76837e-07
v 2.4 6.7 -4.76837e-07
v 0 6.7 -0.1
v 0.1 6.7 -0.1
v 0.5 6.7 -0.1
v 0.8 6.7 -0.1
v 0.9 6.7 -0.1
v 1 6.7 -0.1
v 1.1 6.7 -0.1
v 0 6.7 -0.2
v 0.1 6.7 -0.2
v 0.5 6.7 -0.2
v 0.6 6.7 -0.2
v 0.8 6.7 -0.2
v 0.9 6.7 -0.3
v 1 6.7 -0.3
v 0 6.7 -0.4
v 0.2 6.7 -0.4
v 0.6 6.7 -0.4
v 0 6.7 -0.5
v 0.2 6.7 -0.5
v 0.6 6.7 -0.5
v 1.6 6.7 -0.5
v 1.2 6.8 1.6
v 1.4 6.8 1.6
v 1.6 6.8 1.6
v 0.1 6.8 1.5
v 1.2 6.8 1.5
v 1.5 6.8 1.5
v 1.6 6.8 1.5
v 1.9 6.8 1.5
v 2.1 6.8 1.5
v 0.1 6.8 1.4
v 1.4 6.8 1.4
v 1.5 6.8 1.4
v 1.9 6.8 1.4
v 2.1 6.8 1.4
v -0.3 6.8 0.8
v 0 6.8 0.8
v 0 6.8 0.6
v 0.2 6.8 0.6
v 0.2 6.8 0.5
v 0.6 6.8 0.5
v 0.9 6.8 0.5
v 1.2 6.8 0.5
v 1.3 6.8 0.5
v 1.9 6.8 0.5
v 2.1 6.8 0.5
v -0.3 6.8 0.4
v -0.0999999 6.8 0.4
v 0.9 6.8 0.4
v 1 6.8 0.4
v 1.2 6.8 0.4
v 1.3 6.8 0.4
v 1.6 6.8 0.4
v 1.9 6.8 0.4
v -0.3 6.8 0.3
v -0.0999999 6.8 0.3
v 1 6.8 0.3
v 1.3 6.8 0.3
v -0.3 6.8 0.0999999
v -0.2 6.8 0.0999999
v 0 6.8 0.0999999
v 1.1 6.8 0.0999999
v 1.6 6.8 0.0999999
v 2.1 6.8 0.0999999
v 0 6.8 -4.76837e-07
v 0.5 6.8 -4.76837e-07
v 0 6.8 -0.1
v 0.5 6.8 -0.1
v 0.8 6.8 -0.1
v 1.1 6.8 -0.1
v 0.5 6.8 -0.2
v 0.6 6.8 -0.2
v 0.8 6.8 -0.2
v 0 6.9 1.4
v 0.2 6.9 1.4
v 0.1 6.9 1.3
v 0.2 6.9 1.3
v 0.1 6.9 1
v 0.2 6.9 1
v 0 6.9 0.6
v 0.2 6.9 0.6
v 1.3 6.9 0.5
v 1.6 6.9 0.5
v 1.9 6.9 0.5
v -0.3 6.9 0.4
v -0.0999999 6.9 0.4
v 1.3 6.9 0.4
v 1.6 6.9 0.4
v 1.9 6.9 0.4
v -0.3 6.9 0.3
v -0.0999999 6.9 0.3
v -0.2 6.9 0.0999999
v 0 6.9 0.0999999
v -0.2 6.9 -0.1
v 0 6.9 -0.1
v 1.5 7 1.5
v 1.9 7 1.5
v 0.2 7 1.4
v 1.5 7 1.4
v 1.9 7 1.4
v 2.2 7 1.4
v 0.1 7 1.3
v 0.2 7 1.3
v 0.1 7 1
v 0.2 7 1
v 1 7 1
v 1.3 7 1
v 0.5 7 0.7
v 0.9 7 0.7
v 0.9 7 0.6
v 1 7 0.6
v 1.3 7 0.6
v 1.6 7 0.6
v 2.1 7 0.6
v 0.2 7 0.5
v 0.5 7 0.5
v 0.9 7 0.5
v 1.2 7 0.5
v 1.3 7 0.5
v 1.6 7 0.5
v 2.1 7 0.5
v 2.2 7 0.5
v 0.9 7 0.4
v 1 7 0.4
v 1.2 7 0.4

# faces
f 3/5/1 2/5/1 1/5/1
f 4/5/1 2/5/1 3/5/1
f 7/5/1 6/5/1 5/5/1
f 8/5/1 6/5/1 7/5/1
f 9/5/1 7/5/1 5/5/1
f 10/5/1 7/5/1 9/5/1
f 11/5/1 6/5/1 8/5/1
f 12/5/1 6/5/1 11/5/1
f 15/5/1 14/5/1 13/5/1
f 16/5/1 14/5/1 15/5/1
f 21/2/1 18/2/1 17/2/1
f 22/5/1 19/5/1 18/5/1
f 22/2/1 18/2/1 21/2/1
f 23/5/1 19/5/1 22/5/1
f 25/5/1 21/5/1 20/5/1
f 25/5/1 24/5/1 23/5/1
f 25/5/1 23/5/1 22/5/1
f 25/5/1 22/5/1 21/5/1
f 26/5/1 24/5/1 25/5/1
f 27/5/1 25/5/1 20/5/1
f 28/4/1 26/4/1 25/4/1
f 28/5/1 25/5/1 27/5/1
f 29/4/1 26/4/1 28/4/1
f 30/5/1 24/5/1 26/5/1
f 31/5/1 24/5/1 30/5/1
f 32/4/1 26/4/1 29/4/1
f 33/5/1 30/5/1 26/5/1
f 33/4/1 26/4/1 32/4/1
f 34/5/1 30/5/1 33/5/1
f 38/5/1 36/5/1 35/5/1
f 39/2/1 37/2/1 36/2/1
f 39/5/1 36/5/1 38/5/1
f 40/2/1 37/2/1 39/2/1
f 43/5/1 42/5/1 41/5/1
f 44/5/1 42/5/1 43/5/1
f 49/5/1 48/5/1 47/5/1
f 50/5/1 48/5/1 49/5/1
f 51/2/1 46/2/1 45/2/1
f 52/2/1 46/2/1 51/2/1
f 53/2/1 50/2/1 49/2/1
f 53/5/1 49/5/1 47/5/1
f 54/2/1 50/2/1 53/2/1
f 55/2/1 51/2/1 45/2/1
f 56/5/1 52/5/1 51/5/1
f 56/2/1 51/2/1 55/2/1
f 57/5/1 52/5/1 56/5/1
f 58/5/1 54/5/1 53/5/1
f 58/5/1 53/5/1 47/5/1
f 59/5/1 54/5/1 58/5/1
f 62/2/1 61/2/1 60/2/1
f 63/2/1 61/2/1 62/2/1
f 66/4/1 65/4/1 64/4/1
f 67/4/1 65/4/1 66/4/1
f 70/5/1 69/5/1 68/5/1
f 75/5/1 70/5/1 68/5/1
f 75/5/1 71/5/1 70/5/1
f 75/5/1 72/5/1 71/5/1
f 76/5/1 72/5/1 75/5/1
f 81/2/1 78/2/1 77/2/1
f 82/2/1 78/2/1 81/2/1
f 83/5/1 74/5/1 73/5/1
f 84/5/1 74/5/1 83/5/1
f 85/5/1 72/5/1 76/5/1
f 86/5/1 72/5/1 85/5/1
f 87/5/1 80/5/1 79/5/1
f 88/5/1 80/5/1 87/5/1
f 89/5/1 85/5/1 76/5/1
f 90/5/1 85/5/1 89/5/1
f 91/2/1 84/2/1 83/2/1
f 92/5/1 74/5/1 84/5/1
f 92/2/1 84/2/1 91/2/1
f 93/5/1 74/5/1 92/5/1
f 93/5/1 92/5/1 91/5/1
f 94/5/1 74/5/1 93/5/1
f 98/5/1 93/5/1 91/5/1
f 99/2/1 94/2/1 93/2/1
f 99/5/1 93/5/1 98/5/1
f 100/5/1 74/5/1 94/5/1
f 100/2/1 94/2/1 99/2/1
f 101/5/1 74/5/1 100/5/1
f 104/5/1 98/5/1 97/5/1
f 105/5/1 98/5/1 104/5/1
f 106/4/1 105/4/1 104/4/1
f 107/5/1 103/5/1 102/5/1
f 108/5/1 103/5/1 107/5/1
f 109/4/1 106/4/1 104/4/1
f 110/4/1 106/4/1 109/4/1
f 111/5/1 96/5/1 95/5/1
f 112/5/1 96/5/1 111/5/1
f 115/5/1 114/5/1 113/5/1
f 119/5/1 115/5/1 113/5/1
f 119/5/1 116/5/1 115/5/1
f 120/5/1 116/5/1 119/5/1
f 121/5/1 116/5/1 120/5/1
f 122/5/1 116/5/1 121/5/1
f 124/6/1 118/6/1 117/6/1
f 125/6/1 118/6/1 124/6/1
f 126/2/1 121/2/1 120/2/1
f 127/5/1 123/5/1 122/5/1
f 127/2/1 121/2/1 126/2/1
f 127/5/1 122/5/1 121/5/1
f 128/5/1 123/5/1 127/5/1
f 129/5/1 123/5/1 128/5/1
f 134/2/1 129/2/1 128/2/1
f 135/2/1 129/2/1 134/2/1
f 136/5/1 131/5/1 130/5/1
f 137/5/1 131/5/1 136/5/1
f 138/5/1 127/5/1 126/5/1
f 138/5/1 128/5/1 127/5/1
f 139/5/1 128/5/1 138/5/1
f 140/5/1 131/5/1 137/5/1
f 141/5/1 138/5/1 126/5/1
f 142/5/1 138/5/1 141/5/1
f 143/5/1 128/5/1 139/5/1
f 143/2/1 134/2/1 128/2/1
f 144/2/1 134/2/1 143/2/1
f 147/5/1 144/5/1 143/5/1
f 148/5/1 140/5/1 137/5/1
f 149/5/1 140/5/1 148/5/1
f 150/5/1 147/5/1 143/5/1
f 153/5/1 149/5/1 148/5/1
f 154/5/1 133/5/1 132/5/1
f 155/5/1 133/5/1 154/5/1
f 156/5/1 146/5/1 145/5/1
f 157/5/1 146/5/1 156/5/1
f 159/5/1 143/5/1 139/5/1
f 159/5/1 151/5/1 150/5/1
f 159/5/1 150/5/1 143/5/1
f 160/5/1 151/5/1 159/5/1
f 161/5/1 153/5/1 152/5/1
f 162/5/1 149/5/1 153/5/1
f 162/5/1 153/5/1 161/5/1
f 165/5/1 156/5/1 145/5/1
f 166/5/1 160/5/1 159/5/1
f 166/5/1 161/5/1 160/5/1
f 166/5/1 159/5/1 158/5/1
f 167/5/1 161/5/1 166/5/1
f 168/5/1 161/5/1 167/5/1
f 169/5/1 161/5/1 168/5/1
f 170/5/1 161/5/1 169/5/1
f 171/5/1 161/5/1 170/5/1
f 172/5/1 163/5/1 162/5/1
f 173/5/1 163/5/1 172/5/1
f 174/5/1 165/5/1 164/5/1
f 174/5/1 156/5/1 165/5/1
f 175/5/1 156/5/1 174/5/1
f 176/5/1 168/5/1 167/5/1
f 177/4/1 169/4/1 168/4/1
f 177/5/1 168/5/1 176/5/1
f 178/4/1 169/4/1 177/4/1
f 179/4/1 171/4/1 170/4/1
f 180/4/1 171/4/1 179/4/1
f 181/4/1 173/4/1 172/4/1
f 182/4/1 173/4/1 181/4/1
f 184/5/1 174/5/1 164/5/1
f 185/4/1 171/4/1 180/4/1
f 186/4/1 171/4/1 185/4/1
f 188/5/1 184/5/1 183/5/1
f 189/5/1 174/5/1 184/5/1
f 189/5/1 184/5/1 188/5/1
f 190/4/1 187/4/1 186/4/1
f 191/4/1 187/4/1 190/4/1
f 192/4/1 187/4/1 191/4/1
f 195/6/1 194/6/1 193/6/1
f 196/6/1 194/6/1 195/6/1
f 199/6/1 198/6/1 197/6/1
f 200/6/1 198/6/1 199/6/1
f 201/6/1 198/6/1 200/6/1
f 202/6/1 198/6/1 201/6/1
f 207/5/1 204/5/1 203/5/1
f 208/5/1 206/5/1 205/5/1
f 209/5/1 206/5/1 208/5/1
f 212/5/1 211/5/1 210/5/1
f 213/5/1 211/5/1 212/5/1
f 214/5/1 204/5/1 207/5/1
f 215/5/1 204/5/1 214/5/1
f 220/5/1 208/5/1 205/5/1
f 221/5/1 208/5/1 220/5/1
f 224/5/1 217/5/1 216/5/1
f 225/5/1 217/5/1 224/5/1
f 226/5/1 219/5/1 218/5/1
f 227/5/1 219/5/1 226/5/1
f 232/4/1 223/4/1 222/4/1
f 233/4/1 223/4/1 232/4/1
f 235/5/1 219/5/1 227/5/1
f 236/5/1 219/5/1 235/5/1
f 237/2/1 229/2/1 228/2/1
f 238/5/1 230/5/1 229/5/1
f 238/2/1 229/2/1 237/2/1
f 239/5/1 230/5/1 238/5/1
f 240/4/1 234/4/1 233/4/1
f 240/4/1 232/4/1 231/4/1
f 240/4/1 233/4/1 232/4/1
f 241/4/1 234/4/1 240/4/1
f 242/5/1 219/5/1 236/5/1
f 243/5/1 219/5/1 242/5/1
f 246/6/1 245/6/1 244/6/1
f 247/6/1 245/6/1 246/6/1
f 250/5/1 249/5/1 248/5/1
f 252/5/1 250/5/1 248/5/1
f 252/5/1 251/5/1 250/5/1
f 253/5/1 251/5/1 252/5/1
f 258/6/1 255/6/1 254/6/1
f 259/6/1 255/6/1 258/6/1
f 260/5/1 257/5/1 256/5/1
f 261/5/1 257/5/1 260/5/1
f 262/5/1 257/5/1 261/5/1
f 263/5/1 257/5/1 262/5/1
f 266/6/1 265/6/1 264/6/1
f 267/6/1 265/6/1 266/6/1
f 270/6/1 269/6/1 268/6/1
f 271/6/1 269/6/1 270/6/1
f 276/6/1 275/6/1 274/6/1
f 278/6/1 276/6/1 274/6/1
f 278/6/1 277/6/1 276/6/1
f 279/6/1 277/6/1 278/6/1
f 280/5/1 273/5/1 272/5/1
f 281/5/1 273/5/1 280/5/1
f 282/6/1 278/6/1 274/6/1
f 283/6/1 278/6/1 282/6/1
f 286/6/1 285/6/1 284/6/1
f 287/6/1 285/6/1 286/6/1
f 290/6/1 289/6/1 288/6/1
f 291/6/1 289/6/1 290/6/1
f 292/6/1 289/6/1 291/6/1
f 295/6/1 294/6/1 293/6/1
f 296/6/1 294/6/1 295/6/1
f 299/6/1 298/6/1 297/6/1
f 300/6/1 298/6/1 299/6/1
f 301/6/1 299/6/1 297/6/1
f 302/6/1 299/6/1 301/6/1
f 307/5/1 304/5/1 303/5/1
f 308/5/1 304/5/1 307/5/1
f 309/5/1 306/5/1 305/5/1
f 311/5/1 309/5/1 305/5/1
f 311/5/1 310/5/1 309/5/1
f 312/5/1 310/5/1 311/5/1
f 318/6/1 314/6/1 313/6/1
f 319/6/1 314/6/1 318/6/1
f 320/6/1 318/6/1 317/6/1
f 321/6/1 318/6/1 320/6/1
f 322/6/1 316/6/1 315/6/1
f 323/6/1 316/6/1 322/6/1
f 326/6/1 325/6/1 324/6/1
f 328/6/1 326/6/1 324/6/1
f 328/6/1 327/6/1 326/6/1
f 329/6/1 327/6/1 328/6/1
f 334/6/1 331/6/1 330/6/1
f 335/6/1 334/6/1 333/6/1
f 336/6/1 331/6/1 334/6/1
f 336/6/1 334/6/1 335/6/1
f 337/8/1 332/8/1 331/8/1
f 337/6/1 331/6/1 336/6/1
f 338/8/1 332/8/1 337/8/1
f 341/6/1 340/6/1 339/6/1
f 342/6/1 340/6/1 341/6/1
f 345/2/1 344/2/1 343/2/1
f 346/2/1 344/2/1 345/2/1
f 349/6/1 348/6/1 347/6/1
f 350/6/1 348/6/1 349/6/1
f 353/8/1 352/8/1 351/8/1
f 354/8/1 352/8/1 353/8/1
f 355/8/1 352/8/1 354/8/1
f 358/6/1 357/6/1 356/6/1
f 359/6/1 357/6/1 358/6/1
f 360/6/1 358/6/1 356/6/1
f 361/6/1 358/6/1 360/6/1
f 364/6/1 363/6/1 362/6/1
f 365/6/1 363/6/1 364/6/1
f 368/5/1 367/5/1 366/5/1
f 372/5/1 368/5/1 366/5/1
f 372/5/1 369/5/1 368/5/1
f 373/2/1 370/2/1 369/2/1
f 373/5/1 369/5/1 372/5/1
f 374/5/1 371/5/1 370/5/1
f 374/2/1 370/2/1 373/2/1
f 375/5/1 371/5/1 374/5/1
f 380/6/1 377/6/1 376/6/1
f 381/6/1 377/6/1 380/6/1
f 382/6/1 379/6/1 378/6/1
f 383/6/1 379/6/1 382/6/1
f 389/6/1 385/6/1 384/6/1
f 390/6/1 385/6/1 389/6/1
f 391/6/1 385/6/1 390/6/1
f 392/6/1 387/6/1 386/6/1
f 393/6/1 387/6/1 392/6/1
f 394/6/1 387/6/1 393/6/1
f 395/8/1 389/8/1 388/8/1
f 396/6/1 390/6/1 389/6/1
f 396/8/1 389/8/1 395/8/1
f 397/6/1 390/6/1 396/6/1
f 398/6/1 390/6/1 397/6/1
f 401/6/1 400/6/1 399/6/1
f 402/6/1 400/6/1 401/6/1
f 405/5/1 404/5/1 403/5/1
f 406/5/1 405/5/1 403/5/1
f 407/5/1 405/5/1 406/5/1
f 410/6/1 409/6/1 408/6/1
f 411/6/1 409/6/1 410/6/1
f 414/6/1 413/6/1 412/6/1
f 415/6/1 413/6/1 414/6/1
f 416/6/1 413/6/1 415/6/1
f 417/6/1 416/6/1 415/6/1
f 418/6/1 416/6/1 417/6/1
f 421/6/1 420/6/1 419/6/1
f 422/6/1 420/6/1 421/6/1
f 423/6/1 421/6/1 419/6/1
f 424/6/1 421/6/1 423/6/1
f 427/6/1 426/6/1 425/6/1
f 428/6/1 426/6/1 427/6/1
f 429/6/1 426/6/1 428/6/1
f 430/6/1 426/6/1 429/6/1
f 433/5/1 432/5/1 431/5/1
f 434/5/1 432/5/1 433/5/1
f 437/6/1 436/6/1 435/6/1
f 438/6/1 436/6/1 437/6/1
f 439/6/1 436/6/1 438/6/1
f 440/6/1 438/6/1 437/6/1
f 441/6/1 438/6/1 440/6/1
f 442/6/1 438/6/1 441/6/1
f 447/6/1 444/6/1 443/6/1
f 448/6/1 444/6/1 447/6/1
f 449/6/1 446/6/1 445/6/1
f 450/6/1 446/6/1 449/6/1
f 451/6/1 446/6/1 450/6/1
f 455/6/1 453/6/1 452/6/1
f 456/6/1 453/6/1 455/6/1
f 457/6/1 455/6/1 454/6/1
f 457/6/1 456/6/1 455/6/1
f 458/6/1 456/6/1 457/6/1
f 459/6/1 457/6/1 454/6/1
f 460/6/1 457/6/1 459/6/1
f 465/1/1 462/1/1 461/1/1
f 466/6/1 463/6/1 462/6/1
f 466/1/1 462/1/1 465/1/1
f 467/6/1 463/6/1 466/6/1
f 471/1/1 465/1/1 464/1/1
f 472/1/1 465/1/1 471/1/1
f 474/1/1 471/1/1 470/1/1
f 475/5/1 469/5/1 468/5/1
f 476/5/1 469/5/1 475/5/1
f 477/1/1 474/1/1 473/1/1
f 478/1/1 471/1/1 474/1/1
f 478/1/1 474/1/1 477/1/1
f 479/1/1 471/1/1 478/1/1
f 482/5/1 481/5/1 480/5/1
f 483/5/1 481/5/1 482/5/1
f 489/6/1 485/6/1 484/6/1
f 492/6/1 487/6/1 486/6/1
f 493/6/1 487/6/1 492/6/1
f 494/6/1 491/6/1 490/6/1
f 495/6/1 491/6/1 494/6/1
f 496/6/1 489/6/1 488/6/1
f 497/6/1 485/6/1 489/6/1
f 497/6/1 489/6/1 496/6/1
f 500/6/1 499/6/1 498/6/1
f 501/6/1 499/6/1 500/6/1
f 504/6/1 503/6/1 502/6/1
f 505/6/1 503/6/1 504/6/1
f 508/6/1 507/6/1 506/6/1
f 510/6/1 508/6/1 506/6/1
f 510/6/1 509/6/1 508/6/1
f 511/6/1 509/6/1 510/6/1
f 516/1/1 513/1/1 512/1/1
f 517/1/1 513/1/1 516/1/1
f 520/5/1 515/5/1 514/5/1
f 524/6/1 519/6/1 518/6/1
f 526/5/1 520/5/1 514/5/1
f 526/5/1 521/5/1 520/5/1
f 527/5/1 521/5/1 526/5/1
f 528/5/1 521/5/1 527/5/1
f 529/5/1 521/5/1 528/5/1
f 530/1/1 523/1/1 522/1/1
f 531/1/1 523/1/1 530/1/1
f 532/6/1 525/6/1 524/6/1
f 532/6/1 524/6/1 518/6/1
f 533/5/1 528/5/1 527/5/1
f 534/5/1 528/5/1 533/5/1
f 535/5/1 521/5/1 529/5/1
f 536/5/1 521/5/1 535/5/1
f 537/5/1 521/5/1 536/5/1
f 539/6/1 525/6/1 532/6/1
f 540/6/1 525/6/1 539/6/1
f 541/5/1 528/5/1 534/5/1
f 542/5/1 528/5/1 541/5/1
f 543/5/1 535/5/1 529/5/1
f 544/5/1 535/5/1 543/5/1
f 545/5/1 538/5/1 537/5/1
f 545/5/1 537/5/1 536/5/1
f 546/5/1 538/5/1 545/5/1
f 547/6/1 525/6/1 540/6/1
f 548/6/1 525/6/1 547/6/1
f 549/5/1 544/5/1 543/5/1
f 549/5/1 543/5/1 542/5/1
f 550/5/1 544/5/1 549/5/1
f 551/5/1 549/5/1 542/5/1
f 552/5/1 549/5/1 551/5/1
f 556/5/1 554/5/1 553/5/1
f 557/5/1 556/5/1 555/5/1
f 558/5/1 554/5/1 556/5/1
f 558/5/1 556/5/1 557/5/1
f 561/6/1 560/6/1 559/6/1
f 562/6/1 560/6/1 561/6/1
f 567/1/1 564/1/1 563/1/1
f 568/1/1 564/1/1 567/1/1
f 569/1/1 566/1/1 565/1/1
f 570/1/1 566/1/1 569/1/1
f 573/6/1 572/6/1 571/6/1
f 577/6/1 573/6/1 571/6/1
f 577/6/1 574/6/1 573/6/1
f 578/6/1 574/6/1 577/6/1
f 580/6/1 578/6/1 577/6/1
f 580/6/1 579/6/1 578/6/1
f 581/6/1 579/6/1 580/6/1
f 582/6/1 579/6/1 581/6/1
f 584/6/1 583/6/1 582/6/1
f 584/6/1 582/6/1 581/6/1
f 585/6/1 583/6/1 584/6/1
f 586/5/1 576/5/1 575/5/1
f 587/5/1 576/5/1 586/5/1
f 588/6/1 584/6/1 581/6/1
f 589/6/1 584/6/1 588/6/1
f 592/8/1 591/8/1 590/8/1
f 593/8/1 591/8/1 592/8/1
f 597/6/1 595/6/1 594/6/1
f 597/1/1 596/1/1 595/1/1
f 598/1/1 596/1/1 597/1/1
f 601/6/1 597/6/1 594/6/1
f 602/6/1 597/6/1 601/6/1
f 603/1/1 600/1/1 599/1/1
f 604/1/1 600/1/1 603/1/1
f 606/1/1 602/1/1 601/1/1
f 607/1/1 602/1/1 606/1/1
f 608/5/1 604/5/1 603/5/1
f 609/1/1 605/1/1 604/1/1
f 609/5/1 604/5/1 608/5/1
f 610/1/1 605/1/1 609/1/1
f 613/5/1 610/5/1 609/5/1
f 614/5/1 610/5/1 613/5/1
f 615/6/1 612/6/1 611/6/1
f 616/6/1 612/6/1 615/6/1
f 621/4/1 618/4/1 617/4/1
f 622/4/1 618/4/1 621/4/1
f 623/5/1 620/5/1 619/5/1
f 624/5/1 620/5/1 623/5/1
f 627/6/1 626/6/1 625/6/1
f 628/6/1 626/6/1 627/6/1
f 631/6/1 630/6/1 629/6/1
f 632/6/1 630/6/1 631/6/1
f 635/6/1 632/6/1 631/6/1
f 635/6/1 633/6/1 632/6/1
f 636/6/1 633/6/1 635/6/1
f 641/5/1 635/5/1 634/5/1
f 641/6/1 636/6/1 635/6/1
f 641/6/1 637/6/1 636/6/1
f 642/5/1 638/5/1 637/5/1
f 642/6/1 637/6/1 641/6/1
f 643/5/1 640/5/1 639/5/1
f 644/5/1 640/5/1 643/5/1
f 645/5/1 642/5/1 641/5/1
f 646/5/1 642/5/1 645/5/1
f 647/5/1 641/5/1 634/5/1
f 647/5/1 645/5/1 641/5/1
f 648/2/1 646/2/1 645/2/1
f 648/5/1 645/5/1 647/5/1
f 649/5/1 642/5/1 646/5/1
f 649/2/1 646/2/1 648/2/1
f 650/5/1 638/5/1 642/5/1
f 650/5/1 642/5/1 649/5/1
f 651/5/1 643/5/1 639/5/1
f 652/5/1 643/5/1 651/5/1
f 658/2/1 654/2/1 653/2/1
f 659/2/1 654/2/1 658/2/1
f 660/5/1 651/5/1 639/5/1
f 662/5/1 657/5/1 656/5/1
f 662/5/1 656/5/1 655/5/1
f 663/5/1 657/5/1 662/5/1
f 664/5/1 661/5/1 660/5/1
f 664/5/1 660/5/1 639/5/1
f 665/5/1 661/5/1 664/5/1
f 671/6/1 667/6/1 666/6/1
f 671/1/1 668/1/1 667/1/1
f 672/1/1 668/1/1 671/1/1
f 673/6/1 670/6/1 669/6/1
f 674/6/1 670/6/1 673/6/1
f 675/6/1 671/6/1 666/6/1
f 676/6/1 671/6/1 675/6/1
f 677/6/1 675/6/1 666/6/1
f 678/6/1 675/6/1 677/6/1
f 681/6/1 680/6/1 679/6/1
f 682/6/1 680/6/1 681/6/1
f 683/8/1 682/8/1 681/8/1
f 684/8/1 682/8/1 683/8/1
f 687/6/1 686/6/1 685/6/1
f 688/6/1 686/6/1 687/6/1
f 689/6/1 686/6/1 688/6/1
f 690/6/1 687/6/1 685/6/1
f 691/6/1 687/6/1 690/6/1
f 696/5/1 695/5/1 694/5/1
f 697/5/1 695/5/1 696/5/1
f 698/5/1 693/5/1 692/5/1
f 699/5/1 693/5/1 698/5/1
f 700/5/1 693/5/1 699/5/1
f 702/5/1 701/5/1 700/5/1
f 702/5/1 700/5/1 699/5/1
f 703/5/1 701/5/1 702/5/1
f 704/5/1 701/5/1 703/5/1
f 705/4/1 704/4/1 703/4/1
f 706/4/1 704/4/1 705/4/1
f 708/5/1 706/5/1 705/5/1
f 708/5/1 707/5/1 706/5/1
f 709/5/1 707/5/1 708/5/1
f 712/5/1 711/5/1 710/5/1
f 713/5/1 711/5/1 712/5/1
f 717/4/1 715/4/1 714/4/1
f 717/2/1 716/2/1 715/2/1
f 718/2/1 716/2/1 717/2/1
f 722/4/1 717/4/1 714/4/1
f 722/4/1 718/4/1 717/4/1
f 723/4/1 718/4/1 722/4/1
f 724/4/1 718/4/1 723/4/1
f 725/2/1 720/2/1 719/2/1
f 726/5/1 721/5/1 720/5/1
f 726/2/1 720/2/1 725/2/1
f 727/5/1 721/5/1 726/5/1
f 728/5/1 724/5/1 723/5/1
f 729/5/1 724/5/1 728/5/1
f 732/2/1 731/2/1 730/2/1
f 733/2/1 731/2/1 732/2/1
f 743/1/1 737/1/1 736/1/1
f 744/6/1 738/6/1 737/6/1
f 744/1/1 737/1/1 743/1/1
f 745/6/1 740/6/1 739/6/1
f 746/6/1 740/6/1 745/6/1
f 747/1/1 742/1/1 741/1/1
f 748/1/1 742/1/1 747/1/1
f 749/1/1 735/1/1 734/1/1
f 750/1/1 735/1/1 749/1/1
f 751/6/1 738/6/1 744/6/1
f 752/6/1 738/6/1 751/6/1
f 755/1/1 754/1/1 753/1/1
f 756/1/1 754/1/1 755/1/1
f 759/5/1 758/5/1 757/5/1
f 760/5/1 759/5/1 757/5/1
f 761/5/1 759/5/1 760/5/1
f 764/5/1 763/5/1 762/5/1
f 765/5/1 763/5/1 764/5/1
f 771/6/1 767/6/1 766/6/1
f 771/6/1 768/6/1 767/6/1
f 772/6/1 768/6/1 771/6/1
f 775/8/1 770/8/1 769/8/1
f 776/8/1 770/8/1 775/8/1
f 777/1/1 772/1/1 771/1/1
f 778/1/1 772/1/1 777/1/1
f 779/1/1 774/1/1 773/1/1
f 780/1/1 774/1/1 779/1/1
f 781/8/1 770/8/1 776/8/1
f 782/8/1 770/8/1 781/8/1
f 785/6/1 784/6/1 783/6/1
f 786/6/1 784/6/1 785/6/1
f 787/6/1 784/6/1 786/6/1
f 788/6/1 784/6/1 787/6/1
f 789/8/1 788/8/1 787/8/1
f 789/6/1 784/6/1 788/6/1
f 790/6/1 784/6/1 789/6/1
f 792/8/1 789/8/1 787/8/1
f 793/8/1 789/8/1 792/8/1
f 793/8/1 792/8/1 791/8/1
f 794/8/1 789/8/1 793/8/1
f 795/8/1 793/8/1 791/8/1
f 796/8/1 793/8/1 795/8/1
f 799/6/1 798/6/1 797/6/1
f 801/6/1 800/6/1 799/6/1
f 802/6/1 800/6/1 801/6/1
f 803/6/1 799/6/1 797/6/1
f 803/6/1 801/6/1 799/6/1
f 804/6/1 801/6/1 803/6/1
f 807/6/1 806/6/1 805/6/1
f 808/6/1 806/6/1 807/6/1
f 809/1/1 808/1/1 807/1/1
f 810/1/1 808/1/1 809/1/1
f 814/6/1 812/6/1 811/6/1
f 815/1/1 814/1/1 813/1/1
f 816/6/1 812/6/1 814/6/1
f 816/1/1 814/1/1 815/1/1
f 817/6/1 812/6/1 816/6/1
f 818/6/1 812/6/1 817/6/1
f 819/6/1 816/6/1 815/6/1
f 819/6/1 817/6/1 816/6/1
f 820/6/1 817/6/1 819/6/1
f 821/6/1 817/6/1 820/6/1
f 822/6/1 817/6/1 821/6/1
f 822/1/1 821/1/1 820/1/1
f 823/6/1 817/6/1 822/6/1
f 824/1/1 822/1/1 820/1/1
f 825/1/1 822/1/1 824/1/1
f 831/8/1 827/8/1 826/8/1
f 832/8/1 827/8/1 831/8/1
f 833/6/1 829/6/1 828/6/1
f 834/1/1 830/1/1 829/1/1
f 834/6/1 829/6/1 833/6/1
f 835/1/1 830/1/1 834/1/1
f 836/1/1 830/1/1 835/1/1
f 837/6/1 833/6/1 828/6/1
f 838/6/1 833/6/1 837/6/1
f 841/5/1 840/5/1 839/5/1
f 842/5/1 840/5/1 841/5/1
f 845/5/1 844/5/1 843/5/1
f 846/5/1 844/5/1 845/5/1
f 853/6/1 848/6/1 847/6/1
f 854/6/1 848/6/1 853/6/1
f 855/6/1 850/6/1 849/6/1
f 856/6/1 853/6/1 847/6/1
f 857/6/1 853/6/1 856/6/1
f 860/6/1 855/6/1 849/6/1
f 861/6/1 855/6/1 860/6/1
f 865/6/1 852/6/1 851/6/1
f 866/1/1 859/1/1 858/1/1
f 867/1/1 859/1/1 866/1/1
f 868/8/1 863/8/1 862/8/1
f 869/8/1 863/8/1 868/8/1
f 872/1/1 871/1/1 870/1/1
f 873/1/1 871/1/1 872/1/1
f 875/6/1 865/6/1 864/6/1
f 876/6/1 852/6/1 865/6/1
f 876/6/1 865/6/1 875/6/1
f 878/8/1 874/8/1 873/8/1
f 879/8/1 874/8/1 878/8/1
f 880/1/1 876/1/1 875/1/1
f 881/1/1 876/1/1 880/1/1
f 882/1/1 879/1/1 878/1/1
f 882/1/1 878/1/1 877/1/1
f 883/1/1 879/1/1 882/1/1
f 884/1/1 880/1/1 875/1/1
f 885/1/1 880/1/1 884/1/1
f 886/1/1 882/1/1 877/1/1
f 887/1/1 882/1/1 886/1/1
f 889/1/1 888/1/1 887/1/1
f 890/1/1 888/1/1 889/1/1
f 893/1/1 892/1/1 891/1/1
f 894/1/1 892/1/1 893/1/1
f 897/6/1 896/6/1 895/6/1
f 898/6/1 896/6/1 897/6/1
f 901/1/1 900/1/1 899/1/1
f 902/1/1 900/1/1 901/1/1
f 903/1/1 900/1/1 902/1/1
f 904/6/1 902/6/1 901/6/1
f 905/6/1 902/6/1 904/6/1
f 906/1/1 905/1/1 904/1/1
f 907/1/1 905/1/1 906/1/1
f 911/1/1 909/1/1 908/1/1
f 912/1/1 911/1/1 910/1/1
f 913/1/1 909/1/1 911/1/1
f 913/1/1 911/1/1 912/1/1
f 919/8/1 915/8/1 914/8/1
f 920/8/1 915/8/1 919/8/1
f 921/1/1 916/1/1 915/1/1
f 921/8/1 915/8/1 920/8/1
f 922/1/1 916/1/1 921/1/1
f 923/8/1 918/8/1 917/8/1
f 924/8/1 918/8/1 923/8/1
f 926/1/1 924/1/1 923/1/1
f 926/1/1 925/1/1 924/1/1
f 927/1/1 925/1/1 926/1/1
f 928/1/1 926/1/1 923/1/1
f 929/1/1 926/1/1 928/1/1
f 930/6/1 920/6/1 919/6/1
f 931/6/1 920/6/1 930/6/1
f 934/5/1 933/5/1 932/5/1
f 935/5/1 933/5/1 934/5/1
f 936/5/1 933/5/1 935/5/1
f 937/5/1 933/5/1 936/5/1
f 942/5/1 939/5/1 938/5/1
f 944/5/1 941/5/1 940/5/1
f 945/5/1 941/5/1 944/5/1
f 946/5/1 943/5/1 942/5/1
f 946/5/1 942/5/1 938/5/1
f 947/5/1 943/5/1 946/5/1
f 948/5/1 943/5/1 947/5/1
f 949/5/1 943/5/1 948/5/1
f 954/6/1 951/6/1 950/6/1
f 955/6/1 953/6/1 952/6/1
f 956/6/1 953/6/1 955/6/1
f 958/6/1 951/6/1 954/6/1
f 963/1/1 960/1/1 959/1/1
f 964/1/1 962/1/1 961/1/1
f 965/1/1 962/1/1 964/1/1
f 966/8/1 958/8/1 957/8/1
f 967/8/1 958/8/1 966/8/1
f 968/6/1 951/6/1 958/6/1
f 968/8/1 958/8/1 967/8/1
f 969/6/1 951/6/1 968/6/1
f 970/1/1 963/1/1 959/1/1
f 971/1/1 963/1/1 970/1/1
f 973/8/1 968/8/1 967/8/1
f 974/8/1 968/8/1 973/8/1
f 977/1/1 973/1/1 972/1/1
f 977/1/1 974/1/1 973/1/1
f 979/1/1 974/1/1 977/1/1
f 980/1/1 974/1/1 979/1/1
f 981/1/1 974/1/1 980/1/1
f 982/8/1 981/8/1 980/8/1
f 983/1/1 976/1/1 975/1/1
f 984/1/1 976/1/1 983/1/1
f 985/1/1 979/1/1 978/1/1
f 986/1/1 979/1/1 985/1/1
f 987/8/1 982/8/1 980/8/1
f 988/8/1 982/8/1 987/8/1
f 990/1/1 988/1/1 987/1/1
f 991/1/1 988/1/1 990/1/1
f 992/1/1 990/1/1 989/1/1
f 992/1/1 991/1/1 990/1/1
f 993/1/1 991/1/1 992/1/1
f 995/1/1 992/1/1 989/1/1
f 996/8/1 993/8/1 992/8/1
f 996/1/1 992/1/1 995/1/1
f 997/1/1 995/1/1 994/1/1
f 998/8/1 993/8/1 996/8/1
f 999/1/1 997/1/1 994/1/1
f 999/1/1 998/1/1 997/1/1
f 1000/1/1 998/1/1 999/1/1
f 1002/1/1 998/1/1 1000/1/1
f 1003/1/1 1002/1/1 1001/1/1
f 1004/8/1 993/8/1 998/8/1
f 1004/1/1 1002/1/1 1003/1/1
f 1004/1/1 998/1/1 1002/1/1
f 1005/6/1 1004/6/1 1003/6/1
f 1005/8/1 993/8/1 1004/8/1
f 1006/8/1 993/8/1 1005/8/1
f 1007/6/1 1005/6/1 1003/6/1
f 1008/1/1 1006/1/1 1005/1/1
f 1008/6/1 1005/6/1 1007/6/1
f 1009/1/1 1006/1/1 1008/1/1
f 1010/6/1 1007/6/1 1003/6/1
f 1013/6/1 1011/6/1 1010/6/1
f 1013/1/1 1012/1/1 1011/1/1
f 1014/1/1 1012/1/1 1013/1/1
f 1015/6/1 1010/6/1 1003/6/1
f 1015/6/1 1013/6/1 1010/6/1
f 1015/6/1 1014/6/1 1013/6/1
f 1016/6/1 1014/6/1 1015/6/1
f 1020/6/1 1015/6/1 1003/6/1
f 1020/1/1 1016/1/1 1015/1/1
f 1021/1/1 1016/1/1 1020/1/1
f 1023/6/1 1018/6/1 1017/6/1
f 1024/1/1 1019/1/1 1018/1/1
f 1024/6/1 1018/6/1 1023/6/1
f 1025/6/1 1021/6/1 1020/6/1
f 1025/6/1 1020/6/1 1003/6/1
f 1025/6/1 1022/6/1 1021/6/1
f 1026/6/1 1022/6/1 1025/6/1
f 1027/1/1 1024/1/1 1023/1/1
f 1028/1/1 1024/1/1 1027/1/1
f 1029/6/1 1025/6/1 1003/6/1
f 1030/1/1 1026/1/1 1025/1/1
f 1030/6/1 1025/6/1 1029/6/1
f 1031/6/1 1022/6/1 1026/6/1
f 1031/1/1 1026/1/1 1030/1/1
f 1032/1/1 1024/1/1 1028/1/1
f 1033/1/1 1019/1/1 1024/1/1
f 1033/1/1 1024/1/1 1032/1/1
f 1034/6/1 1022/6/1 1031/6/1
f 1035/6/1 1022/6/1 1034/6/1
f 1036/8/1 1033/8/1 1032/8/1
f 1039/6/1 1034/6/1 1031/6/1
f 1040/1/1 1035/1/1 1034/1/1
f 1040/6/1 1034/6/1 1039/6/1
f 1041/1/1 1035/1/1 1040/1/1
f 1042/6/1 1038/6/1 1037/6/1
f 1042/1/1 1039/1/1 1038/1/1
f 1043/1/1 1039/1/1 1042/1/1
f 1044/6/1 1042/6/1 1037/6/1
f 1044/6/1 1043/6/1 1042/6/1
f 1045/6/1 1043/6/1 1044/6/1
f 1046/8/1 1037/8/1 1036/8/1
f 1046/6/1 1044/6/1 1037/6/1
f 1047/1/1 1045/1/1 1044/1/1
f 1047/6/1 1044/6/1 1046/6/1
f 1048/1/1 1045/1/1 1047/1/1
f 1051/8/1 1036/8/1 1032/8/1
f 1051/8/1 1048/8/1 1047/8/1
f 1051/8/1 1049/8/1 1048/8/1
f 1051/8/1 1046/8/1 1036/8/1
f 1051/8/1 1047/8/1 1046/8/1
f 1052/8/1 1049/8/1 1051/8/1
f 1053/8/1 1049/8/1 1052/8/1
f 1054/1/1 1050/1/1 1049/1/1
f 1054/8/1 1049/8/1 1053/8/1
f 1055/1/1 1050/1/1 1054/1/1
f 1056/8/1 1053/8/1 1052/8/1
f 1057/8/1 1053/8/1 1056/8/1
f 1060/6/1 1057/6/1 1056/6/1
f 1061/6/1 1057/6/1 1060/6/1
f 1062/1/1 1059/1/1 1058/1/1
f 1063/1/1 1059/1/1 1062/1/1
f 1068/5/1 1065/5/1 1064/5/1
f 1069/5/1 1065/5/1 1068/5/1
f 1070/5/1 1067/5/1 1066/5/1
f 1071/5/1 1067/5/1 1070/5/1
f 1076/5/1 1073/5/1 1072/5/1
f 1077/5/1 1073/5/1 1076/5/1
f 1079/5/1 1075/5/1 1074/5/1
f 1080/5/1 1075/5/1 1079/5/1
f 1083/5/1 1079/5/1 1078/5/1
f 1083/5/1 1081/5/1 1080/5/1
f 1083/5/1 1080/5/1 1079/5/1
f 1084/5/1 1081/5/1 1083/5/1
f 1085/5/1 1083/5/1 1082/5/1
f 1085/5/1 1084/5/1 1083/5/1
f 1086/5/1 1084/5/1 1085/5/1
f 1087/5/1 1085/5/1 1082/5/1
f 1088/5/1 1085/5/1 1087/5/1
f 1089/5/1 1085/5/1 1088/5/1
f 1092/5/1 1091/5/1 1090/5/1
f 1093/5/1 1091/5/1 1092/5/1
f 1097/5/1 1095/5/1 1094/5/1
f 1098/5/1 1095/5/1 1097/5/1
f 1099/5/1 1095/5/1 1098/5/1
f 1100/5/1 1097/5/1 1096/5/1
f 1100/5/1 1098/5/1 1097/5/1
f 1101/5/1 1098/5/1 1100/5/1
f 1106/1/1 1103/1/1 1102/1/1
f 1108/6/1 1105/6/1 1104/6/1
f 1109/6/1 1105/6/1 1108/6/1
f 1110/1/1 1107/1/1 1106/1/1
f 1110/1/1 1106/1/1 1102/1/1
f 1111/1/1 1107/1/1 1110/1/1
f 1112/1/1 1110/1/1 1102/1/1
f 1113/1/1 1110/1/1 1112/1/1
f 1115/1/1 1109/1/1 1108/1/1
f 1117/1/1 1115/1/1 1108/1/1
f 1117/1/1 1116/1/1 1115/1/1
f 1118/1/1 1116/1/1 1117/1/1
f 1119/1/1 1116/1/1 1118/1/1
f 1120/1/1 1114/1/1 1113/1/1
f 1121/1/1 1114/1/1 1120/1/1
f 1125/1/1 1123/1/1 1122/1/1
f 1127/1/1 1125/1/1 1124/1/1
f 1128/1/1 1123/1/1 1125/1/1
f 1128/1/1 1125/1/1 1127/1/1
f 1129/1/1 1123/1/1 1128/1/1
f 1130/1/1 1127/1/1 1126/1/1
f 1130/1/1 1128/1/1 1127/1/1
f 1131/1/1 1128/1/1 1130/1/1
f 1132/8/1 1131/8/1 1130/8/1
f 1132/1/1 1128/1/1 1131/1/1
f 1133/1/1 1128/1/1 1132/1/1
f 1134/8/1 1132/8/1 1130/8/1
f 1135/8/1 1132/8/1 1134/8/1
f 1137/8/1 1135/8/1 1134/8/1
f 1137/8/1 1136/8/1 1135/8/1
f 1138/8/1 1136/8/1 1137/8/1
f 1143/8/1 1138/8/1 1137/8/1
f 1143/8/1 1139/8/1 1138/8/1
f 1145/1/1 1141/1/1 1140/1/1
f 1146/6/1 1142/6/1 1141/6/1
f 1146/1/1 1141/1/1 1145/1/1
f 1147/6/1 1142/6/1 1146/6/1
f 1148/6/1 1145/6/1 1144/6/1
f 1149/1/1 1146/1/1 1145/1/1
f 1149/6/1 1145/6/1 1148/6/1
f 1150/8/1 1147/8/1 1146/8/1
f 1150/1/1 1146/1/1 1149/1/1
f 1151/8/1 1139/8/1 1143/8/1
f 1152/8/1 1139/8/1 1151/8/1
f 1153/8/1 1139/8/1 1152/8/1
f 1154/8/1 1139/8/1 1153/8/1
f 1155/8/1 1147/8/1 1150/8/1
f 1158/8/1 1153/8/1 1152/8/1
f 1159/8/1 1153/8/1 1158/8/1
f 1160/8/1 1155/8/1 1150/8/1
f 1161/8/1 1155/8/1 1160/8/1
f 1162/6/1 1157/6/1 1156/6/1
f 1162/8/1 1155/8/1 1161/8/1
f 1162/6/1 1156/6/1 1155/6/1
f 1163/6/1 1157/6/1 1162/6/1
f 1164/6/1 1157/6/1 1163/6/1
f 1166/8/1 1165/8/1 1164/8/1
f 1167/8/1 1165/8/1 1166/8/1
f 1168/8/1 1165/8/1 1167/8/1
f 1169/8/1 1165/8/1 1168/8/1
f 1172/6/1 1171/6/1 1170/6/1
f 1173/6/1 1171/6/1 1172/6/1
f 1174/6/1 1171/6/1 1173/6/1
f 1179/1/1 1176/1/1 1175/1/1
f 1180/5/1 1178/5/1 1177/5/1
f 1181/5/1 1178/5/1 1180/5/1
f 1185/1/1 1179/1/1 1175/1/1
f 1186/1/1 1179/1/1 1185/1/1
f 1187/5/1 1182/5/1 1181/5/1
f 1188/5/1 1182/5/1 1187/5/1
f 1189/5/1 1182/5/1 1188/5/1
f 1191/5/1 1184/5/1 1183/5/1
f 1192/5/1 1184/5/1 1191/5/1
f 1194/5/1 1190/5/1 1189/5/1
f 1194/5/1 1189/5/1 1188/5/1
f 1195/5/1 1194/5/1 1193/5/1
f 1196/5/1 1190/5/1 1194/5/1
f 1196/5/1 1194/5/1 1195/5/1
f 1199/5/1 1198/5/1 1197/5/1
f 1200/5/1 1198/5/1 1199/5/1
f 1201/5/1 1199/5/1 1197/5/1
f 1202/5/1 1199/5/1 1201/5/1
f 1205/5/1 1204/5/1 1203/5/1
f 1206/5/1 1204/5/1 1205/5/1
f 1209/6/1 1208/6/1 1207/6/1
f 1210/6/1 1208/6/1 1209/6/1
f 1217/1/1 1212/1/1 1211/1/1
f 1218/8/1 1214/8/1 1213/8/1
f 1219/8/1 1214/8/1 1218/8/1
f 1220/7/1 1216/7/1 1215/7/1
f 1221/8/1 1217/8/1 1216/8/1
f 1221/7/1 1216/7/1 1220/7/1
f 1222/8/1 1217/8/1 1221/8/1
f 1223/1/1 1212/1/1 1217/1/1
f 1223/8/1 1217/8/1 1222/8/1
f 1224/1/1 1212/1/1 1223/1/1
f 1225/7/1 1219/7/1 1218/7/1
f 1226/7/1 1219/7/1 1225/7/1
f 1227/8/1 1223/8/1 1222/8/1
f 1228/8/1 1227/8/1 1222/8/1
f 1229/8/1 1227/8/1 1228/8/1
f 1232/1/1 1231/1/1 1230/1/1
f 1233/1/1 1231/1/1 1232/1/1
f 1236/6/1 1229/6/1 1228/6/1
f 1237/6/1 1235/6/1 1234/6/1
f 1237/1/1 1236/1/1 1235/1/1
f 1238/6/1 1229/6/1 1236/6/1
f 1238/1/1 1236/1/1 1237/1/1
f 1239/6/1 1229/6/1 1238/6/1
f 1240/6/1 1237/6/1 1234/6/1
f 1241/6/1 1237/6/1 1240/6/1
f 1246/1/1 1243/1/1 1242/1/1
f 1249/5/1 1245/5/1 1244/5/1
f 1250/1/1 1246/1/1 1245/1/1
f 1250/5/1 1245/5/1 1249/5/1
f 1251/1/1 1243/1/1 1246/1/1
f 1251/1/1 1246/1/1 1250/1/1
f 1252/1/1 1243/1/1 1251/1/1
f 1255/5/1 1248/5/1 1247/5/1
f 1256/5/1 1248/5/1 1255/5/1
f 1257/5/1 1250/5/1 1249/5/1
f 1257/5/1 1251/5/1 1250/5/1
f 1258/1/1 1252/1/1 1251/1/1
f 1258/5/1 1251/5/1 1257/5/1
f 1259/1/1 1252/1/1 1258/1/1
f 1261/5/1 1254/5/1 1253/5/1
f 1262/5/1 1254/5/1 1261/5/1
f 1263/5/1 1256/5/1 1255/5/1
f 1263/5/1 1257/5/1 1256/5/1
f 1263/5/1 1258/5/1 1257/5/1
f 1264/5/1 1258/5/1 1263/5/1
f 1265/5/1 1261/5/1 1260/5/1
f 1267/5/1 1265/5/1 1260/5/1
f 1267/5/1 1266/5/1 1265/5/1
f 1268/5/1 1266/5/1 1267/5/1
f 1269/5/1 1266/5/1 1268/5/1
f 1271/5/1 1270/5/1 1269/5/1
f 1271/5/1 1269/5/1 1268/5/1
f 1272/5/1 1270/5/1 1271/5/1
f 1277/5/1 1274/5/1 1273/5/1
f 1278/5/1 1274/5/1 1277/5/1
f 1280/5/1 1276/5/1 1275/5/1
f 1281/5/1 1276/5/1 1280/5/1
f 1282/5/1 1274/5/1 1278/5/1
f 1283/5/1 1274/5/1 1282/5/1
f 1285/5/1 1281/5/1 1280/5/1
f 1285/5/1 1280/5/1 1279/5/1
f 1286/5/1 1281/5/1 1285/5/1
f 1287/5/1 1281/5/1 1286/5/1
f 1290/5/1 1286/5/1 1285/5/1
f 1290/5/1 1285/5/1 1284/5/1
f 1291/5/1 1286/5/1 1290/5/1
f 1292/5/1 1286/5/1 1291/5/1
f 1293/5/1 1289/5/1 1288/5/1
f 1294/5/1 1289/5/1 1293/5/1
f 1299/5/1 1296/5/1 1295/5/1
f 1300/2/1 1298/2/1 1297/2/1
f 1301/2/1 1298/2/1 1300/2/1
f 1302/2/1 1298/2/1 1301/2/1
f 1303/5/1 1299/5/1 1295/5/1
f 1304/5/1 1299/5/1 1303/5/1
f 1306/5/1 1301/5/1 1300/5/1
f 1307/5/1 1306/5/1 1305/5/1
f 1308/5/1 1301/5/1 1306/5/1
f 1308/5/1 1306/5/1 1307/5/1
f 1311/5/1 1310/5/1 1309/5/1
f 1312/5/1 1310/5/1 1311/5/1
f 1315/6/1 1314/6/1 1313/6/1
f 1316/6/1 1314/6/1 1315/6/1
f 1321/8/1 1318/8/1 1317/8/1
f 1322/7/1 1320/7/1 1319/7/1
f 1322/8/1 1318/8/1 1321/8/1
f 1322/7/1 1319/7/1 1318/7/1
f 1323/7/1 1320/7/1 1322/7/1
f 1324/7/1 1320/7/1 1323/7/1
f 1327/6/1 1326/6/1 1325/6/1
f 1328/6/1 1326/6/1 1327/6/1
f 1331/6/1 1324/6/1 1323/6/1
f 1332/6/1 1331/6/1 1323/6/1
f 1333/6/1 1331/6/1 1332/6/1
f 1334/6/1 1330/6/1 1329/6/1
f 1335/6/1 1330/6/1 1334/6/1
f 1336/6/1 1330/6/1 1335/6/1
f 1337/1/1 1336/1/1 1335/1/1
f 1338/1/1 1336/1/1 1337/1/1
f 1341/1/1 1333/1/1 1332/1/1
f 1344/1/1 1343/1/1 1342/1/1
f 1345/8/1 1340/8/1 1339/8/1
f 1346/6/1 1341/6/1 1340/6/1
f 1346/8/1 1340/8/1 1345/8/1
f 1347/1/1 1343/1/1 1344/1/1
f 1348/1/1 1343/1/1 1347/1/1
f 1349/6/1 1341/6/1 1346/6/1
f 1350/1/1 1333/1/1 1341/1/1
f 1350/6/1 1341/6/1 1349/6/1
f 1351/1/1 1333/1/1 1350/1/1
f 1354/6/1 1353/6/1 1352/6/1
f 1355/6/1 1353/6/1 1354/6/1
f 1358/5/1 1357/5/1 1356/5/1
f 1359/5/1 1357/5/1 1358/5/1
f 1361/5/1 1358/5/1 1356/5/1
f 1362/5/1 1358/5/1 1361/5/1
f 1363/5/1 1360/5/1 1359/5/1
f 1364/5/1 1360/5/1 1363/5/1
f 1365/5/1 1360/5/1 1364/5/1
f 1366/5/1 1360/5/1 1365/5/1
f 1367/5/1 1363/5/1 1362/5/1
f 1368/5/1 1363/5/1 1367/5/1
f 1369/5/1 1365/5/1 1364/5/1
f 1370/5/1 1365/5/1 1369/5/1
f 1376/5/1 1372/5/1 1371/5/1
f 1377/5/1 1372/5/1 1376/5/1
f 1377/5/1 1376/5/1 1375/5/1
f 1378/5/1 1372/5/1 1377/5/1
f 1381/5/1 1377/5/1 1375/5/1
f 1382/5/1 1377/5/1 1381/5/1
f 1383/5/1 1380/5/1 1379/5/1
f 1384/5/1 1380/5/1 1383/5/1
f 1385/5/1 1374/5/1 1373/5/1
f 1386/5/1 1374/5/1 1385/5/1
f 1392/5/1 1388/5/1 1387/5/1
f 1393/5/1 1388/5/1 1392/5/1
f 1394/5/1 1388/5/1 1393/5/1
f 1395/5/1 1392/5/1 1391/5/1
f 1395/5/1 1393/5/1 1392/5/1
f 1396/5/1 1393/5/1 1395/5/1
f 1397/5/1 1395/5/1 1391/5/1
f 1398/5/1 1395/5/1 1397/5/1
f 1399/5/1 1390/5/1 1389/5/1
f 1400/5/1 1390/5/1 1399/5/1
f 1405/5/1 1402/5/1 1401/5/1
f 1406/5/1 1402/5/1 1405/5/1
f 1407/5/1 1404/5/1 1403/5/1
f 1408/5/1 1404/5/1 1407/5/1
f 1412/5/1 1410/5/1 1409/5/1
f 1413/5/1 1412/5/1 1411/5/1
f 1414/5/1 1410/5/1 1412/5/1
f 1414/5/1 1412/5/1 1413/5/1
f 1415/5/1 1410/5/1 1414/5/1
f 1416/5/1 1410/5/1 1415/5/1
f 1417/5/1 1415/5/1 1414/5/1
f 1418/5/1 1415/5/1 1417/5/1
f 1422/8/1 1420/8/1 1419/8/1
f 1423/8/1 1420/8/1 1422/8/1
f 1424/6/1 1421/6/1 1420/6/1
f 1425/8/1 1420/8/1 1423/8/1
f 1425/6/1 1424/6/1 1420/6/1
f 1426/6/1 1424/6/1 1425/6/1
f 1427/8/1 1425/8/1 1423/8/1
f 1428/1/1 1426/1/1 1425/1/1
f 1428/8/1 1425/8/1 1427/8/1
f 1429/1/1 1426/1/1 1428/1/1
f 1432/1/1 1431/1/1 1430/1/1
f 1433/1/1 1431/1/1 1432/1/1
f 1436/5/1 1435/5/1 1434/5/1
f 1439/5/1 1436/5/1 1434/5/1
f 1440/5/1 1436/5/1 1439/5/1
f 1441/5/1 1438/5/1 1437/5/1
f 1442/5/1 1438/5/1 1441/5/1
f 1446/5/1 1444/5/1 1443/5/1
f 1447/2/1 1445/2/1 1444/2/1
f 1447/5/1 1444/5/1 1446/5/1
f 1448/2/1 1445/2/1 1447/2/1
f 1449/5/1 1447/5/1 1446/5/1
f 1449/5/1 1448/5/1 1447/5/1
f 1450/5/1 1448/5/1 1449/5/1
f 1455/8/1 1452/8/1 1451/8/1
f 1456/8/1 1452/8/1 1455/8/1
f 1457/6/1 1454/6/1 1453/6/1
f 1458/6/1 1454/6/1 1457/6/1
f 1461/1/1 1456/1/1 1455/1/1
f 1462/1/1 1456/1/1 1461/1/1
f 1463/6/1 1459/6/1 1458/6/1
f 1464/6/1 1459/6/1 1463/6/1
f 1465/1/1 1461/1/1 1460/1/1
f 1466/1/1 1461/1/1 1465/1/1
f 1467/7/1 1464/7/1 1463/7/1
f 1468/7/1 1464/7/1 1467/7/1
f 1469/1/1 1468/1/1 1467/1/1
f 1470/1/1 1468/1/1 1469/1/1
f 1471/6/1 1470/6/1 1469/6/1
f 1472/6/1 1470/6/1 1471/6/1
f 1474/7/1 1473/7/1 1472/7/1
f 1475/7/1 1473/7/1 1474/7/1
f 1476/1/1 1475/1/1 1474/1/1
f 1477/1/1 1475/1/1 1476/1/1
f 1478/7/1 1477/7/1 1476/7/1
f 1479/7/1 1477/7/1 1478/7/1
f 1480/8/1 1479/8/1 1478/8/1
f 1481/8/1 1479/8/1 1480/8/1
f 1484/6/1 1483/6/1 1482/6/1
f 1485/6/1 1483/6/1 1484/6/1
f 1486/6/1 1483/6/1 1485/6/1
f 1488/6/1 1487/6/1 1486/6/1
f 1489/6/1 1487/6/1 1488/6/1
f 1492/5/1 1491/5/1 1490/5/1
f 1493/5/1 1491/5/1 1492/5/1
f 1496/5/1 1495/5/1 1494/5/1
f 1497/5/1 1495/5/1 1496/5/1
f 1500/5/1 1499/5/1 1498/5/1
f 1501/5/1 1499/5/1 1500/5/1
f 1504/5/1 1503/5/1 1502/5/1
f 1505/5/1 1503/5/1 1504/5/1
f 1506/5/1 1503/5/1 1505/5/1
f 1507/5/1 1506/5/1 1505/5/1
f 1508/5/1 1506/5/1 1507/5/1
f 1511/5/1 1510/5/1 1509/5/1
f 1512/5/1 1510/5/1 1511/5/1
f 1516/5/1 1514/5/1 1513/5/1
f 1516/5/1 1515/5/1 1514/5/1
f 1517/5/1 1515/5/1 1516/5/1
f 1518/5/1 1515/5/1 1517/5/1
f 1521/6/1 1520/6/1 1519/6/1
f 1523/6/1 1521/6/1 1519/6/1
f 1523/6/1 1522/6/1 1521/6/1
f 1524/6/1 1522/6/1 1523/6/1
f 1527/6/1 1526/6/1 1525/6/1
f 1528/6/1 1526/6/1 1527/6/1
f 1531/6/1 1530/6/1 1529/6/1
f 1532/6/1 1530/6/1 1531/6/1
f 1535/6/1 1534/6/1 1533/6/1
f 1536/6/1 1534/6/1 1535/6/1
f 1540/6/1 1538/6/1 1537/6/1
f 1541/6/1 1538/6/1 1540/6/1
f 1543/6/1 1540/6/1 1539/6/1
f 1546/6/1 1543/6/1 1542/6/1
f 1547/6/1 1540/6/1 1543/6/1
f 1547/6/1 1543/6/1 1546/6/1
f 1548/5/1 1545/5/1 1544/5/1
f 1549/5/1 1545/5/1 1548/5/1
f 1552/5/1 1551/5/1 1550/5/1
f 1553/5/1 1551/5/1 1552/5/1
f 1558/5/1 1557/5/1 1556/5/1
f 1559/5/1 1557/5/1 1558/5/1
f 1560/5/1 1557/5/1 1559/5/1
f 1561/5/1 1555/5/1 1554/5/1
f 1562/5/1 1560/5/1 1559/5/1
f 1562/5/1 1561/5/1 1560/5/1
f 1563/5/1 1555/5/1 1561/5/1
f 1563/5/1 1561/5/1 1562/5/1
f 1564/5/1 1562/5/1 1559/5/1
f 1565/5/1 1562/5/1 1564/5/1
f 1568/5/1 1567/5/1 1566/5/1
f 1569/5/1 1568/5/1 1566/5/1
f 1570/5/1 1569/5/1 1566/5/1
f 1571/5/1 1569/5/1 1570/5/1
f 1575/5/1 1573/5/1 1572/5/1
f 1576/5/1 1573/5/1 1575/5/1
f 1580/5/1 1575/5/1 1574/5/1
f 1583/5/1 1578/5/1 1577/5/1
f 1584/2/1 1579/2/1 1578/2/1
f 1584/5/1 1578/5/1 1583/5/1
f 1586/5/1 1582/5/1 1581/5/1
f 1587/2/1 1579/2/1 1584/2/1
f 1588/5/1 1580/5/1 1579/5/1
f 1588/2/1 1579/2/1 1587/2/1
f 1589/4/1 1576/4/1 1575/4/1
f 1589/5/1 1580/5/1 1588/5/1
f 1589/5/1 1575/5/1 1580/5/1
f 1590/4/1 1576/4/1 1589/4/1
f 1591/5/1 1586/5/1 1585/5/1
f 1591/5/1 1582/5/1 1586/5/1
f 1593/5/1 1591/5/1 1585/5/1
f 1593/5/1 1592/5/1 1591/5/1
f 1594/5/1 1592/5/1 1593/5/1
f 1597/6/1 1596/6/1 1595/6/1
f 1598/6/1 1596/6/1 1597/6/1
f 1603/6/1 1600/6/1 1599/6/1
f 1604/6/1 1600/6/1 1603/6/1
f 1605/6/1 1602/6/1 1601/6/1
f 1606/6/1 1602/6/1 1605/6/1
f 1610/6/1 1608/6/1 1607/6/1
f 1610/6/1 1609/6/1 1608/6/1
f 1611/6/1 1609/6/1 1610/6/1
f 1616/8/1 1615/8/1 1614/8/1
f 1617/8/1 1615/8/1 1616/8/1
f 1619/6/1 1613/6/1 1612/6/1
f 1620/6/1 1613/6/1 1619/6/1
f 1622/6/1 1621/6/1 1620/6/1
f 1622/6/1 1620/6/1 1619/6/1
f 1622/6/1 1619/6/1 1618/6/1
f 1623/6/1 1621/6/1 1622/6/1
f 1626/5/1 1625/5/1 1624/5/1
f 1627/5/1 1625/5/1 1626/5/1
f 1630/5/1 1629/5/1 1628/5/1
f 1631/5/1 1629/5/1 1630/5/1
f 1636/5/1 1633/5/1 1632/5/1
f 1637/5/1 1633/5/1 1636/5/1
f 1638/5/1 1635/5/1 1634/5/1
f 1639/5/1 1635/5/1 1638/5/1
f 1640/5/1 1635/5/1 1639/5/1
f 1641/4/1 1639/4/1 1638/4/1
f 1642/4/1 1639/4/1 1641/4/1
f 1644/5/1 1642/5/1 1641/5/1
f 1644/5/1 1643/5/1 1642/5/1
f 1645/5/1 1643/5/1 1644/5/1
f 1646/5/1 1644/5/1 1641/5/1
f 1647/5/1 1644/5/1 1646/5/1
f 1650/5/1 1649/5/1 1648/5/1
f 1651/5/1 1649/5/1 1650/5/1
f 1654/6/1 1653/6/1 1652/6/1
f 1655/6/1 1653/6/1 1654/6/1
f 1659/6/1 1657/6/1 1656/6/1
f 1662/6/1 1659/6/1 1658/6/1
f 1663/6/1 1657/6/1 1659/6/1
f 1663/6/1 1659/6/1 1662/6/1
f 1666/8/1 1661/8/1 1660/8/1
f 1667/8/1 1661/8/1 1666/8/1
f 1668/6/1 1667/6/1 1666/6/1
f 1669/6/1 1667/6/1 1668/6/1
f 1670/1/1 1665/1/1 1664/1/1
f 1671/1/1 1665/1/1 1670/1/1
f 1674/1/1 1673/1/1 1672/1/1
f 1675/1/1 1673/1/1 1674/1/1
f 1680/6/1 1677/6/1 1676/6/1
f 1681/6/1 1677/6/1 1680/6/1
f 1682/6/1 1677/6/1 1681/6/1
f 1683/5/1 1679/5/1 1678/5/1
f 1684/5/1 1679/5/1 1683/5/1
f 1687/5/1 1686/5/1 1685/5/1
f 1688/5/1 1686/5/1 1687/5/1
f 1689/5/1 1686/5/1 1688/5/1
f 1690/5/1 1686/5/1 1689/5/1
f 1693/5/1 1692/5/1 1691/5/1
f 1694/5/1 1692/5/1 1693/5/1
f 1695/5/1 1693/5/1 1691/5/1
f 1696/5/1 1693/5/1 1695/5/1
f 1697/5/1 1695/5/1 1691/5/1
f 1698/5/1 1695/5/1 1697/5/1
f 1699/5/1 1695/5/1 1698/5/1
f 1701/3/1 1698/3/1 1697/3/1
f 1702/5/1 1700/5/1 1699/5/1
f 1702/3/1 1698/3/1 1701/3/1
f 1702/5/1 1699/5/1 1698/5/1
f 1703/5/1 1700/5/1 1702/5/1
f 1704/5/1 1702/5/1 1701/5/1
f 1705/5/1 1702/5/1 1704/5/1
f 1706/2/1 1705/2/1 1704/2/1
f 1707/2/1 1705/2/1 1706/2/1
f 1713/5/1 1709/5/1 1708/5/1
f 1714/5/1 1711/5/1 1710/5/1
f 1715/5/1 1711/5/1 1714/5/1
f 1716/5/1 1713/5/1 1712/5/1
f 1717/5/1 1709/5/1 1713/5/1
f 1717/5/1 1713/5/1 1716/5/1
f 1720/1/1 1719/1/1 1718/1/1
f 1721/1/1 1719/1/1 1720/1/1
f 1726/6/1 1725/6/1 1724/6/1
f 1727/6/1 1725/6/1 1726/6/1
f 1728/6/1 1723/6/1 1722/6/1
f 1729/6/1 1723/6/1 1728/6/1
f 1734/6/1 1731/6/1 1730/6/1
f 1734/6/1 1732/6/1 1731/6/1
f 1735/6/1 1734/6/1 1733/6/1
f 1736/6/1 1732/6/1 1734/6/1
f 1736/6/1 1734/6/1 1735/6/1
f 1743/5/1 1738/5/1 1737/5/1
f 1744/5/1 1738/5/1 1743/5/1
f 1745/2/1 1740/2/1 1739/2/1
f 1746/5/1 1741/5/1 1740/5/1
f 1746/2/1 1740/2/1 1745/2/1
f 1747/5/1 1741/5/1 1746/5/1
f 1748/5/1 1743/5/1 1742/5/1
f 1749/5/1 1743/5/1 1748/5/1
f 1752/6/1 1751/6/1 1750/6/1
f 1753/6/1 1751/6/1 1752/6/1
f 1756/1/1 1755/1/1 1754/1/1
f 1758/1/1 1756/1/1 1754/1/1
f 1758/1/1 1757/1/1 1756/1/1
f 1759/1/1 1757/1/1 1758/1/1
f 1760/1/1 1757/1/1 1759/1/1
f 1761/1/1 1757/1/1 1760/1/1
f 1762/1/1 1757/1/1 1761/1/1
f 1763/8/1 1761/8/1 1760/8/1
f 1764/8/1 1761/8/1 1763/8/1
f 1769/6/1 1768/6/1 1767/6/1
f 1770/6/1 1768/6/1 1769/6/1
f 1771/6/1 1766/6/1 1765/6/1
f 1772/6/1 1766/6/1 1771/6/1
f 1775/5/1 1774/5/1 1773/5/1
f 1776/5/1 1774/5/1 1775/5/1
f 1779/5/1 1778/5/1 1777/5/1
f 1780/5/1 1778/5/1 1779/5/1
f 1783/6/1 1782/6/1 1781/6/1
f 1784/6/1 1782/6/1 1783/6/1
f 1787/6/1 1786/6/1 1785/6/1
f 1788/6/1 1786/6/1 1787/6/1
f 1791/6/1 1790/6/1 1789/6/1
f 1793/6/1 1791/6/1 1789/6/1
f 1793/6/1 1792/6/1 1791/6/1
f 1794/6/1 1792/6/1 1793/6/1
f 1799/6/1 1796/6/1 1795/6/1
f 1800/1/1 1798/1/1 1797/1/1
f 1801/6/1 1799/6/1 1798/6/1
f 1801/1/1 1798/1/1 1800/1/1
f 1802/6/1 1796/6/1 1799/6/1
f 1802/6/1 1799/6/1 1801/6/1
f 1805/2/1 1804/2/1 1803/2/1
f 1806/2/1 1804/2/1 1805/2/1
f 1809/5/1 1808/5/1 1807/5/1
f 1810/5/1 1808/5/1 1809/5/1
f 1813/5/1 1812/5/1 1811/5/1
f 1814/5/1 1812/5/1 1813/5/1
f 1817/8/1 1816/8/1 1815/8/1
f 1818/8/1 1816/8/1 1817/8/1
f 1819/1/1 1818/1/1 1817/1/1
f 1820/1/1 1818/1/1 1819/1/1
f 1821/1/1 1819/1/1 1817/1/1
f 1822/1/1 1819/1/1 1821/1/1
f 1826/6/1 1824/6/1 1823/6/1
f 1827/6/1 1824/6/1 1826/6/1
f 1829/6/1 1826/6/1 1825/6/1
f 1829/6/1 1828/6/1 1827/6/1
f 1829/6/1 1827/6/1 1826/6/1
f 1830/6/1 1828/6/1 1829/6/1
f 1831/6/1 1828/6/1 1830/6/1
f 1834/1/1 1830/1/1 1829/1/1
f 1835/1/1 1830/1/1 1834/1/1
f 1836/1/1 1830/1/1 1835/1/1
f 1837/6/1 1833/6/1 1832/6/1
f 1837/1/1 1834/1/1 1833/1/1
f 1837/1/1 1835/1/1 1834/1/1
f 1838/1/1 1835/1/1 1837/1/1
f 1839/6/1 1837/6/1 1832/6/1
f 1839/6/1 1838/6/1 1837/6/1
f 1840/6/1 1838/6/1 1839/6/1
f 1841/6/1 1839/6/1 1832/6/1
f 1842/1/1 1840/1/1 1839/1/1
f 1842/6/1 1839/6/1 1841/6/1
f 1843/1/1 1840/1/1 1842/1/1
f 1846/5/1 1845/5/1 1844/5/1
f 1847/5/1 1845/5/1 1846/5/1
f 1850/6/1 1849/6/1 1848/6/1
f 1851/6/1 1849/6/1 1850/6/1
f 1855/6/1 1853/6/1 1852/6/1
f 1855/6/1 1854/6/1 1853/6/1
f 1856/6/1 1854/6/1 1855/6/1
f 1857/6/1 1854/6/1 1856/6/1
f 1858/6/1 1854/6/1 1857/6/1
f 1861/5/1 1860/5/1 1859/5/1
f 1862/5/1 1860/5/1 1861/5/1
f 1863/2/1 1862/2/1 1861/2/1
f 1864/2/1 1862/2/1 1863/2/1
f 1867/4/1 1866/4/1 1865/4/1
f 1868/4/1 1866/4/1 1867/4/1
f 1869/5/1 1868/5/1 1867/5/1
f 1870/5/1 1868/5/1 1869/5/1
f 1873/6/1 1872/6/1 1871/6/1
f 1874/6/1 1872/6/1 1873/6/1
f 1877/1/1 1876/1/1 1875/1/1
f 1878/1/1 1876/1/1 1877/1/1
f 1881/6/1 1880/6/1 1879/6/1
f 1882/6/1 1880/6/1 1881/6/1
f 1888/6/1 1884/6/1 1883/6/1
f 1889/6/1 1886/6/1 1885/6/1
f 1890/6/1 1886/6/1 1889/6/1
f 1891/6/1 1888/6/1 1887/6/1
f 1892/6/1 1884/6/1 1888/6/1
f 1892/6/1 1888/6/1 1891/6/1
f 1893/6/1 1884/6/1 1892/6/1
f 1894/6/1 1892/6/1 1891/6/1
f 1895/6/1 1892/6/1 1894/6/1
f 1899/6/1 1897/6/1 1896/6/1
f 1900/6/1 1897/6/1 1899/6/1
f 1902/6/1 1899/6/1 1898/6/1
f 1902/6/1 1901/6/1 1900/6/1
f 1902/6/1 1900/6/1 1899/6/1
f 1903/6/1 1901/6/1 1902/6/1
f 1905/6/1 1902/6/1 1898/6/1
f 1906/6/1 1902/6/1 1905/6/1
f 1907/6/1 1902/6/1 1906/6/1
f 1909/6/1 1905/6/1 1904/6/1
f 1909/6/1 1906/6/1 1905/6/1
f 1910/6/1 1906/6/1 1909/6/1
f 1911/6/1 1906/6/1 1910/6/1
f 1913/1/1 1909/1/1 1908/1/1
f 1913/1/1 1910/1/1 1909/1/1
f 1914/1/1 1910/1/1 1913/1/1
f 1915/1/1 1910/1/1 1914/1/1
f 1917/1/1 1913/1/1 1912/1/1
f 1917/1/1 1914/1/1 1913/1/1
f 1918/1/1 1914/1/1 1917/1/1
f 1919/1/1 1914/1/1 1918/1/1
f 1921/1/1 1917/1/1 1916/1/1
f 1921/1/1 1918/1/1 1917/1/1
f 1922/1/1 1918/1/1 1921/1/1
f 1923/1/1 1918/1/1 1922/1/1
f 1925/5/1 1921/5/1 1920/5/1
f 1926/1/1 1922/1/1 1921/1/1
f 1926/5/1 1921/5/1 1925/5/1
f 1927/5/1 1924/5/1 1923/5/1
f 1927/1/1 1922/1/1 1926/1/1
f 1927/5/1 1923/5/1 1922/5/1
f 1928/5/1 1924/5/1 1927/5/1
f 1931/5/1 1924/5/1 1928/5/1
f 1932/5/1 1924/5/1 1931/5/1
f 1933/5/1 1930/5/1 1929/5/1
f 1934/5/1 1930/5/1 1933/5/1
f 1937/1/1 1936/1/1 1935/1/1
f 1938/1/1 1936/1/1 1937/1/1
f 1941/1/1 1940/1/1 1939/1/1
f 1942/1/1 1940/1/1 1941/1/1
f 1947/6/1 1944/6/1 1943/6/1
f 1948/6/1 1944/6/1 1947/6/1
f 1949/6/1 1946/6/1 1945/6/1
f 1950/6/1 1946/6/1 1949/6/1
f 1953/6/1 1952/6/1 1951/6/1
f 1954/6/1 1952/6/1 1953/6/1
f 1957/1/1 1956/1/1 1955/1/1
f 1958/1/1 1956/1/1 1957/1/1
f 1964/1/1 1960/1/1 1959/1/1
f 1965/5/1 1962/5/1 1961/5/1
f 1966/5/1 1962/5/1 1965/5/1
f 1967/1/1 1964/1/1 1963/1/1
f 1968/1/1 1960/1/1 1964/1/1
f 1968/1/1 1964/1/1 1967/1/1
f 1969/1/1 1960/1/1 1968/1/1
f 1973/5/1 1969/5/1 1968/5/1
f 1974/5/1 1969/5/1 1973/5/1
f 1975/5/1 1971/5/1 1970/5/1
f 1976/5/1 1971/5/1 1975/5/1
f 1977/5/1 1973/5/1 1972/5/1
f 1978/5/1 1973/5/1 1977/5/1
f 1981/1/1 1980/1/1 1979/1/1
f 1982/1/1 1980/1/1 1981/1/1
f 1985/6/1 1984/6/1 1983/6/1
f 1986/6/1 1984/6/1 1985/6/1
f 1988/6/1 1986/6/1 1985/6/1
f 1988/6/1 1987/6/1 1986/6/1
f 1989/6/1 1987/6/1 1988/6/1
f 1992/5/1 1991/5/1 1990/5/1
f 1993/5/1 1991/5/1 1992/5/1
f 1994/5/1 1992/5/1 1990/5/1
f 1995/5/1 1992/5/1 1994/5/1
f 2000/6/1 1997/6/1 1996/6/1
f 2001/6/1 1997/6/1 2000/6/1
f 2002/6/1 1999/6/1 1998/6/1
f 2003/6/1 1999/6/1 2002/6/1
f 2004/6/1 1999/6/1 2003/6/1
f 2006/1/1 2004/1/1 2003/1/1
f 2007/1/1 2006/1/1 2005/1/1
f 2008/1/1 2004/1/1 2006/1/1
f 2008/1/1 2006/1/1 2007/1/1
f 2012/6/1 2010/6/1 2009/6/1
f 2013/6/1 2010/6/1 2012/6/1
f 2014/6/1 2012/6/1 2011/6/1
f 2015/6/1 2012/6/1 2014/6/1
f 2016/6/1 2010/6/1 2013/6/1
f 2017/6/1 2010/6/1 2016/6/1
f 2021/5/1 2019/5/1 2018/5/1
f 2022/5/1 2019/5/1 2021/5/1
f 2022/5/1 2021/5/1 2020/5/1
f 2023/5/1 2019/5/1 2022/5/1
f 2024/5/1 2022/5/1 2020/5/1
f 2025/5/1 2022/5/1 2024/5/1
f 2028/5/1 2027/5/1 2026/5/1
f 2029/5/1 2027/5/1 2028/5/1
f 2034/6/1 2031/6/1 2030/6/1
f 2034/6/1 2032/6/1 2031/6/1
f 2035/6/1 2032/6/1 2034/6/1
f 2036/6/1 2032/6/1 2035/6/1
f 2038/5/1 2034/5/1 2033/5/1
f 2038/5/1 2035/5/1 2034/5/1
f 2038/6/1 2036/6/1 2035/6/1
f 2039/5/1 2037/5/1 2036/5/1
f 2039/6/1 2036/6/1 2038/6/1
f 2040/5/1 2039/5/1 2038/5/1
f 2040/5/1 2037/5/1 2039/5/1
f 2041/5/1 2038/5/1 2033/5/1
f 2041/5/1 2040/5/1 2038/5/1
f 2042/5/1 2040/5/1 2041/5/1
f 2045/4/1 2044/4/1 2043/4/1
f 2046/4/1 2044/4/1 2045/4/1
f 2047/4/1 2044/4/1 2046/4/1
f 2052/6/1 2049/6/1 2048/6/1
f 2053/6/1 2049/6/1 2052/6/1
f 2054/6/1 2051/6/1 2050/6/1
f 2055/6/1 2051/6/1 2054/6/1
f 2058/1/1 2057/1/1 2056/1/1
f 2059/1/1 2057/1/1 2058/1/1
f 2062/5/1 2061/5/1 2060/5/1
f 2063/5/1 2061/5/1 2062/5/1
f 2068/6/1 2065/6/1 2064/6/1
f 2069/6/1 2065/6/1 2068/6/1
f 2070/6/1 2067/6/1 2066/6/1
f 2071/6/1 2067/6/1 2070/6/1
f 2072/1/1 2071/1/1 2070/1/1
f 2073/1/1 2071/1/1 2072/1/1
f 2076/5/1 2075/5/1 2074/5/1
f 2078/5/1 2076/5/1 2074/5/1
f 2078/5/1 2077/5/1 2076/5/1
f 2079/5/1 2077/5/1 2078/5/1
f 2080/5/1 2077/5/1 2079/5/1
f 2084/5/1 2082/5/1 2081/5/1
f 2084/5/1 2083/5/1 2082/5/1
f 2085/5/1 2083/5/1 2084/5/1
f 2088/1/1 2087/1/1 2086/1/1
f 2089/1/1 2087/1/1 2088/1/1
f 2092/5/1 2091/5/1 2090/5/1
f 2093/5/1 2091/5/1 2092/5/1
f 2096/5/1 2095/5/1 2094/5/1
f 2098/5/1 2096/5/1 2094/5/1
f 2098/5/1 2097/5/1 2096/5/1
f 2099/5/1 2097/5/1 2098/5/1
f 2102/6/1 2101/6/1 2100/6/1
f 2103/6/1 2101/6/1 2102/6/1
f 2106/5/1 2105/5/1 2104/5/1
f 2107/5/1 2105/5/1 2106/5/1
f 2110/5/1 2109/5/1 2108/5/1
f 2111/5/1 2109/5/1 2110/5/1
f 2112/5/1 2110/5/1 2108/5/1
f 2113/5/1 2110/5/1 2112/5/1
f 2116/5/1 2115/5/1 2114/5/1
f 2117/5/1 2115/5/1 2116/5/1
f 2120/1/1 2119/1/1 2118/1/1
f 2121/1/1 2119/1/1 2120/1/1
f 2124/5/1 2123/5/1 2122/5/1
f 2125/5/1 2123/5/1 2124/5/1
f 2129/6/1 2127/6/1 2126/6/1
f 2130/1/1 2129/1/1 2128/1/1
f 2131/6/1 2127/6/1 2129/6/1
f 2131/1/1 2129/1/1 2130/1/1
f 2132/6/1 2127/6/1 2131/6/1
f 2136/5/1 2134/5/1 2133/5/1
f 2137/5/1 2134/5/1 2136/5/1
f 2137/5/1 2136/5/1 2135/5/1
f 2140/5/1 2137/5/1 2135/5/1
f 2140/5/1 2138/5/1 2137/5/1
f 2141/5/1 2138/5/1 2140/5/1
f 2142/5/1 2138/5/1 2141/5/1
f 2144/5/1 2140/5/1 2139/5/1
f 2144/5/1 2141/5/1 2140/5/1
f 2145/5/1 2141/5/1 2144/5/1
f 2146/5/1 2141/5/1 2145/5/1
f 2147/5/1 2144/5/1 2143/5/1
f 2147/5/1 2145/5/1 2144/5/1
f 2148/5/1 2145/5/1 2147/5/1
f 2149/5/1 2147/5/1 2143/5/1
f 2150/5/1 2147/5/1 2149/5/1
f 2151/5/1 2147/5/1 2150/5/1
f 2152/5/1 2147/5/1 2151/5/1
f 2155/1/1 2154/1/1 2153/1/1
f 2156/1/1 2154/1/1 2155/1/1
f 2159/4/1 2158/4/1 2157/4/1
f 2160/4/1 2158/4/1 2159/4/1
f 2164/5/1 2162/5/1 2161/5/1
f 2165/5/1 2162/5/1 2164/5/1
f 2165/5/1 2164/5/1 2163/5/1
f 2166/5/1 2162/5/1 2165/5/1
f 2168/5/1 2165/5/1 2163/5/1
f 2169/5/1 2168/5/1 2167/5/1
f 2170/5/1 2165/5/1 2168/5/1
f 2170/5/1 2168/5/1 2169/5/1
f 2173/2/1 2172/2/1 2171/2/1
f 2175/2/1 2173/2/1 2171/2/1
f 2175/2/1 2174/2/1 2173/2/1
f 2176/2/1 2174/2/1 2175/2/1
f 2177/2/1 2174/2/1 2176/2/1
f 2178/5/1 2176/5/1 2175/5/1
f 2179/5/1 2176/5/1 2178/5/1
f 2185/5/1 2181/5/1 2180/5/1
f 2186/5/1 2183/5/1 2182/5/1
f 2187/5/1 2183/5/1 2186/5/1
f 2189/5/1 2185/5/1 2184/5/1
f 2190/5/1 2189/5/1 2188/5/1
f 2191/5/1 2185/5/1 2189/5/1
f 2191/5/1 2189/5/1 2190/5/1
f 2191/5/1 2181/5/1 2185/5/1
f 2192/5/1 2190/5/1 2188/5/1
f 2193/5/1 2192/5/1 2188/5/1
f 2194/5/1 2193/5/1 2188/5/1
f 2195/5/1 2194/5/1 2188/5/1
f 2196/5/1 2194/5/1 2195/5/1
f 2199/5/1 2198/5/1 2197/5/1
f 2200/5/1 2198/5/1 2199/5/1
f 2203/5/1 2202/5/1 2201/5/1
f 2204/5/1 2202/5/1 2203/5/1
f 2205/5/1 2202/5/1 2204/5/1
f 2206/2/1 2205/2/1 2204/2/1
f 2207/2/1 2205/2/1 2206/2/1
f 2210/1/1 2209/1/1 2208/1/1
f 2211/1/1 2209/1/1 2210/1/1
f 2214/5/1 2213/5/1 2212/5/1
f 2218/5/1 2214/5/1 2212/5/1
f 2218/5/1 2215/5/1 2214/5/1
f 2219/5/1 2215/5/1 2218/5/1
f 2222/5/1 2217/5/1 2216/5/1
f 2223/5/1 2217/5/1 2222/5/1
f 2224/5/1 2221/5/1 2220/5/1
f 2225/5/1 2221/5/1 2224/5/1
f 2228/2/1 2227/2/1 2226/2/1
f 2229/2/1 2228/2/1 2226/2/1
f 2230/2/1 2228/2/1 2229/2/1
f 2233/5/1 2232/5/1 2231/5/1
f 2234/5/1 2232/5/1 2233/5/1
f 2237/1/1 2236/1/1 2235/1/1
f 2238/1/1 2236/1/1 2237/1/1
f 2241/5/1 2240/5/1 2239/5/1
f 2242/5/1 2240/5/1 2241/5/1
f 2245/5/1 2244/5/1 2243/5/1
f 2246/5/1 2244/5/1 2245/5/1
f 2249/5/1 2248/5/1 2247/5/1
f 2250/5/1 2248/5/1 2249/5/1
f 2253/5/1 2252/5/1 2251/5/1
f 2254/5/1 2252/5/1 2253/5/1
f 2257/5/1 2256/5/1 2255/5/1
f 2258/5/1 2256/5/1 2257/5/1
f 2262/2/1 2260/2/1 2259/2/1
f 2263/5/1 2261/5/1 2260/5/1
f 2263/2/1 2260/2/1 2262/2/1
f 2264/5/1 2261/5/1 2263/5/1
f 2265/5/2 2266/5/2 2267/5/2
f 2267/5/2 2266/5/2 2268/5/2
f 2269/2/2 2270/2/2 2271/2/2
f 2271/2/2 2270/2/2 2274/2/2
f 2274/2/2 2270/2/2 2275/2/2
f 2274/5/2 2275/5/2 2276/5/2
f 2276/5/2 2275/5/2 2277/5/2
f 2272/5/2 2273/5/2 2278/5/2
f 2278/5/2 2273/5/2 2279/5/2
f 2280/2/2 2281/2/2 2282/2/2
f 2282/2/2 2281/2/2 2283/2/2
f 2284/4/2 2285/4/2 2286/4/2
f 2286/4/2 2285/4/2 2287/4/2
f 2286/4/2 2287/4/2 2289/4/2
f 2287/4/2 2288/4/2 2289/4/2
f 2289/4/2 2288/4/2 2290/4/2
f 2291/5/2 2292/5/2 2293/5/2
f 2293/5/2 2292/5/2 2294/5/2
f 2295/4/2 2296/4/2 2298/4/2
f 2298/4/2 2296/4/2 2299/4/2
f 2297/4/2 2298/4/2 2303/4/2
f 2298/4/2 2299/4/2 2303/4/2
f 2299/4/2 2300/4/2 2303/4/2
f 2303/4/2 2300/4/2 2304/4/2
f 2304/4/2 2300/4/2 2305/4/2
f 2305/4/2 2300/4/2 2306/4/2
f 2301/4/2 2302/4/2 2307/4/2
f 2307/4/2 2302/4/2 2308/4/2
f 2304/4/2 2305/4/2 2309/4/2
f 2309/4/2 2305/4/2 2310/4/2
f 2311/4/2 2312/4/2 2313/4/2
f 2313/4/2 2312/4/2 2314/4/2
f 2317/4/2 2318/4/2 2319/4/2
f 2316/5/2 2317/5/2 2319/5/2
f 2319/4/2 2318/4/2 2320/4/2
f 2315/4/2 2316/4/2 2321/4/2
f 2316/5/2 2319/5/2 2322/5/2
f 2321/4/2 2316/4/2 2322/4/2
f 2319/5/2 2320/5/2 2322/5/2
f 2322/5/2 2320/5/2 2323/5/2
f 2324/6/2 2325/6/2 2328/6/2
f 2328/6/2 2325/6/2 2329/6/2
f 2326/6/2 2327/6/2 2330/6/2
f 2330/6/2 2327/6/2 2331/6/2
f 2332/2/2 2333/2/2 2334/2/2
f 2334/2/2 2333/2/2 2335/2/2
f 2336/5/2 2337/5/2 2338/5/2
f 2338/5/2 2337/5/2 2339/5/2
f 2340/5/2 2341/5/2 2342/5/2
f 2342/5/2 2341/5/2 2343/5/2
f 2344/6/2 2345/6/2 2347/6/2
f 2348/5/2 2349/5/2 2350/5/2
f 2350/5/2 2349/5/2 2351/5/2
f 2346/6/2 2347/6/2 2352/6/2
f 2347/6/2 2345/6/2 2353/6/2
f 2352/6/2 2347/6/2 2353/6/2
f 2354/6/2 2355/6/2 2356/6/2
f 2356/6/2 2355/6/2 2357/6/2
f 2358/4/2 2359/4/2 2360/4/2
f 2360/4/2 2359/4/2 2361/4/2
f 2362/6/2 2363/6/2 2366/6/2
f 2366/6/2 2363/6/2 2367/6/2
f 2364/6/2 2365/6/2 2369/6/2
f 2368/6/2 2369/6/2 2370/6/2
f 2369/6/2 2365/6/2 2371/6/2
f 2370/6/2 2369/6/2 2371/6/2
f 2372/6/2 2373/6/2 2374/6/2
f 2374/6/2 2373/6/2 2375/6/2
f 2376/6/2 2377/6/2 2378/6/2
f 2378/6/2 2377/6/2 2379/6/2
f 2380/2/2 2381/2/2 2382/2/2
f 2382/2/2 2381/2/2 2383/2/2
f 2380/2/2 2382/2/2 2386/2/2
f 2386/2/2 2382/2/2 2387/2/2
f 2384/6/2 2385/6/2 2390/6/2
f 2390/6/2 2385/6/2 2391/6/2
f 2388/5/2 2389/5/2 2392/5/2
f 2392/5/2 2389/5/2 2393/5/2
f 2388/5/2 2392/5/2 2396/5/2
f 2394/6/2 2395/6/2 2397/6/2
f 2395/5/2 2396/5/2 2398/5/2
f 2397/6/2 2395/6/2 2398/6/2
f 2396/5/2 2392/5/2 2399/5/2
f 2398/5/2 2396/5/2 2399/5/2
f 2400/6/2 2401/6/2 2403/6/2
f 2402/6/2 2403/6/2 2404/6/2
f 2403/6/2 2401/6/2 2405/6/2
f 2404/6/2 2403/6/2 2405/6/2
f 2406/6/2 2407/6/2 2408/6/2
f 2408/6/2 2407/6/2 2409/6/2
f 2410/6/2 2411/6/2 2413/6/2
f 2412/6/2 2413/6/2 2414/6/2
f 2413/6/2 2411/6/2 2415/6/2
f 2414/6/2 2413/6/2 2415/6/2
f 2415/6/2 2411/6/2 2418/6/2
f 2418/6/2 2411/6/2 2419/6/2
f 2416/6/2 2417/6/2 2422/6/2
f 2416/6/2 2422/6/2 2424/6/2
f 2422/6/2 2423/6/2 2424/6/2
f 2424/6/2 2423/6/2 2425/6/2
f 2420/5/2 2421/5/2 2426/5/2
f 2426/5/2 2421/5/2 2427/5/2
f 2428/6/2 2429/6/2 2430/6/2
f 2430/6/2 2429/6/2 2431/6/2
f 2434/6/2 2435/6/2 2436/6/2
f 2436/6/2 2435/6/2 2437/6/2
f 2432/8/2 2433/8/2 2438/8/2
f 2438/8/2 2433/8/2 2439/8/2
f 2438/8/2 2439/8/2 2441/8/2
f 2440/6/2 2441/6/2 2442/6/2
f 2441/8/2 2439/8/2 2443/8/2
f 2442/6/2 2441/6/2 2443/6/2
f 2443/8/2 2439/8/2 2444/8/2
f 2445/6/2 2446/6/2 2448/6/2
f 2448/6/2 2446/6/2 2449/6/2
f 2447/6/2 2448/6/2 2452/6/2
f 2452/6/2 2448/6/2 2453/6/2
f 2450/2/2 2451/2/2 2454/2/2
f 2454/2/2 2451/2/2 2455/2/2
f 2456/6/2 2457/6/2 2458/6/2
f 2458/6/2 2457/6/2 2459/6/2
f 2460/6/2 2461/6/2 2462/6/2
f 2462/6/2 2461/6/2 2463/6/2
f 2467/6/2 2468/6/2 2469/6/2
f 2469/6/2 2468/6/2 2470/6/2
f 2464/8/2 2465/8/2 2471/8/2
f 2465/6/2 2466/6/2 2471/6/2
f 2471/6/2 2466/6/2 2472/6/2
f 2464/8/2 2471/8/2 2475/8/2
f 2475/8/2 2471/8/2 2476/8/2
f 2473/6/2 2474/6/2 2478/6/2
f 2478/6/2 2474/6/2 2479/6/2
f 2477/6/2 2478/6/2 2480/6/2
f 2480/6/2 2478/6/2 2481/6/2
f 2482/6/2 2483/6/2 2486/6/2
f 2486/6/2 2483/6/2 2487/6/2
f 2484/4/2 2485/4/2 2488/4/2
f 2488/4/2 2485/4/2 2489/4/2
f 2490/4/2 2491/4/2 2495/4/2
f 2495/4/2 2491/4/2 2496/4/2
f 2493/6/2 2494/6/2 2497/6/2
f 2492/6/2 2493/6/2 2497/6/2
f 2497/6/2 2494/6/2 2498/6/2
f 2495/5/2 2496/5/2 2499/5/2
f 2499/5/2 2496/5/2 2500/5/2
f 2503/5/2 2504/5/2 2507/5/2
f 2507/5/2 2504/5/2 2508/5/2
f 2505/5/2 2506/5/2 2509/5/2
f 2509/5/2 2506/5/2 2510/5/2
f 2501/5/2 2502/5/2 2513/5/2
f 2511/5/2 2512/5/2 2514/5/2
f 2512/4/2 2513/4/2 2515/4/2
f 2514/5/2 2512/5/2 2515/5/2
f 2513/5/2 2502/5/2 2516/5/2
f 2515/4/2 2513/4/2 2516/4/2
f 2516/5/2 2502/5/2 2517/5/2
f 2518/6/2 2519/6/2 2520/6/2
f 2520/6/2 2519/6/2 2521/6/2
f 2521/6/2 2519/6/2 2522/6/2
f 2523/1/2 2524/1/2 2525/1/2
f 2525/1/2 2524/1/2 2526/1/2
f 2527/6/2 2528/6/2 2529/6/2
f 2529/6/2 2528/6/2 2530/6/2
f 2529/6/2 2530/6/2 2532/6/2
f 2530/6/2 2531/6/2 2532/6/2
f 2532/6/2 2531/6/2 2533/6/2
f 2534/6/2 2535/6/2 2538/6/2
f 2538/6/2 2535/6/2 2539/6/2
f 2536/5/2 2537/5/2 2540/5/2
f 2540/5/2 2537/5/2 2541/5/2
f 2542/6/2 2543/6/2 2544/6/2
f 2542/6/2 2544/6/2 2546/6/2
f 2544/6/2 2545/6/2 2546/6/2
f 2546/6/2 2545/6/2 2547/6/2
f 2547/6/2 2545/6/2 2548/6/2
f 2548/6/2 2545/6/2 2549/6/2
f 2550/5/2 2551/5/2 2553/5/2
f 2552/5/2 2553/5/2 2554/5/2
f 2554/5/2 2553/5/2 2555/5/2
f 2555/5/2 2553/5/2 2556/5/2
f 2553/5/2 2551/5/2 2557/5/2
f 2556/5/2 2553/5/2 2557/5/2
f 2558/6/2 2559/6/2 2560/6/2
f 2560/6/2 2559/6/2 2561/6/2
f 2562/6/2 2563/6/2 2565/6/2
f 2564/8/2 2565/8/2 2571/8/2
f 2565/6/2 2563/6/2 2572/6/2
f 2566/6/2 2567/6/2 2573/6/2
f 2573/6/2 2567/6/2 2574/6/2
f 2568/6/2 2569/6/2 2575/6/2
f 2575/6/2 2569/6/2 2576/6/2
f 2570/6/2 2571/6/2 2577/6/2
f 2577/6/2 2571/6/2 2578/6/2
f 2571/8/2 2565/8/2 2579/8/2
f 2578/6/2 2571/6/2 2579/6/2
f 2565/6/2 2572/6/2 2580/6/2
f 2579/8/2 2565/8/2 2580/8/2
f 2580/6/2 2572/6/2 2581/6/2
f 2578/6/2 2579/6/2 2582/6/2
f 2582/6/2 2579/6/2 2583/6/2
f 2584/1/2 2585/1/2 2587/1/2
f 2585/1/2 2586/1/2 2587/1/2
f 2587/1/2 2586/1/2 2588/1/2
f 2584/1/2 2587/1/2 2589/1/2
f 2589/1/2 2587/1/2 2590/1/2
f 2591/5/2 2592/5/2 2600/5/2
f 2600/5/2 2592/5/2 2601/5/2
f 2593/5/2 2594/5/2 2602/5/2
f 2598/5/2 2599/5/2 2605/5/2
f 2595/5/2 2596/5/2 2606/5/2
f 2596/5/2 2597/5/2 2606/5/2
f 2606/5/2 2597/5/2 2607/5/2
f 2604/5/2 2605/5/2 2608/5/2
f 2605/5/2 2599/5/2 2609/5/2
f 2608/5/2 2605/5/2 2609/5/2
f 2602/5/2 2603/5/2 2610/5/2
f 2593/5/2 2602/5/2 2610/5/2
f 2610/5/2 2603/5/2 2611/5/2
f 2601/5/2 2592/5/2 2612/5/2
f 2612/5/2 2592/5/2 2613/5/2
f 2614/6/2 2615/6/2 2619/6/2
f 2615/1/2 2616/1/2 2620/1/2
f 2619/6/2 2615/6/2 2620/6/2
f 2620/1/2 2616/1/2 2621/1/2
f 2617/6/2 2618/6/2 2622/6/2
f 2622/6/2 2618/6/2 2623/6/2
f 2624/6/2 2625/6/2 2628/6/2
f 2626/6/2 2627/6/2 2630/6/2
f 2630/6/2 2627/6/2 2631/6/2
f 2628/6/2 2629/6/2 2632/6/2
f 2624/6/2 2628/6/2 2632/6/2
f 2632/6/2 2629/6/2 2633/6/2
f 2634/6/2 2635/6/2 2636/6/2
f 2636/6/2 2635/6/2 2637/6/2
f 2637/6/2 2635/6/2 2638/6/2
f 2638/6/2 2635/6/2 2639/6/2
f 2640/1/2 2641/1/2 2643/1/2
f 2643/1/2 2641/1/2 2644/1/2
f 2642/1/2 2643/1/2 2648/1/2
f 2643/1/2 2644/1/2 2648/1/2
f 2644/1/2 2645/1/2 2648/1/2
f 2648/1/2 2645/1/2 2649/1/2
f 2646/6/2 2647/6/2 2650/6/2
f 2650/6/2 2647/6/2 2651/6/2
f 2642/1/2 2648/1/2 2654/1/2
f 2654/1/2 2648/1/2 2655/1/2
f 2649/6/2 2650/6/2 2656/6/2
f 2656/6/2 2650/6/2 2657/6/2
f 2658/5/2 2659/5/2 2660/5/2
f 2652/5/2 2653/5/2 2661/5/2
f 2661/5/2 2653/5/2 2662/5/2
f 2660/5/2 2661/5/2 2664/5/2
f 2662/5/2 2663/5/2 2664/5/2
f 2661/5/2 2662/5/2 2664/5/2
f 2664/5/2 2663/5/2 2665/5/2
f 2660/5/2 2664/5/2 2666/5/2
f 2664/3/2 2665/3/2 2667/3/2
f 2666/5/2 2664/5/2 2667/5/2
f 2665/5/2 2663/5/2 2668/5/2
f 2667/3/2 2665/3/2 2668/3/2
f 2658/5/2 2660/5/2 2669/5/2
f 2660/5/2 2666/5/2 2669/5/2
f 2669/5/2 2666/5/2 2670/5/2
f 2666/3/2 2667/3/2 2671/3/2
f 2670/5/2 2666/5/2 2671/5/2
f 2667/5/2 2668/5/2 2672/5/2
f 2671/3/2 2667/3/2 2672/3/2
f 2668/5/2 2663/5/2 2673/5/2
f 2672/5/2 2668/5/2 2673/5/2
f 2673/5/2 2663/5/2 2674/5/2
f 2674/5/2 2663/5/2 2675/5/2
f 2670/5/2 2671/5/2 2676/5/2
f 2676/5/2 2671/5/2 2677/5/2
f 2677/5/2 2671/5/2 2678/5/2
f 2673/5/2 2674/5/2 2679/5/2
f 2679/5/2 2674/5/2 2680/5/2
f 2673/5/2 2679/5/2 2681/5/2
f 2681/5/2 2679/5/2 2682/5/2
f 2683/5/2 2684/5/2 2685/5/2
f 2685/5/2 2684/5/2 2686/5/2
f 2687/6/2 2688/6/2 2689/6/2
f 2689/6/2 2688/6/2 2690/6/2
f 2690/6/2 2688/6/2 2691/6/2
f 2691/6/2 2688/6/2 2692/6/2
f 2690/6/2 2691/6/2 2693/6/2
f 2693/6/2 2691/6/2 2694/6/2
f 2695/6/2 2696/6/2 2697/6/2
f 2697/6/2 2696/6/2 2698/6/2
f 2699/6/2 2700/6/2 2701/6/2
f 2701/6/2 2700/6/2 2702/6/2
f 2702/6/2 2700/6/2 2703/6/2
f 2703/6/2 2700/6/2 2704/6/2
f 2705/6/2 2706/6/2 2707/6/2
f 2707/6/2 2706/6/2 2708/6/2
f 2709/5/2 2710/5/2 2712/5/2
f 2712/5/2 2710/5/2 2713/5/2
f 2711/5/2 2712/5/2 2715/5/2
f 2713/5/2 2714/5/2 2715/5/2
f 2712/5/2 2713/5/2 2715/5/2
f 2715/5/2 2714/5/2 2716/5/2
f 2716/5/2 2714/5/2 2717/5/2
f 2717/5/2 2714/5/2 2718/5/2
f 2716/5/2 2717/5/2 2721/5/2
f 2718/3/2 2719/3/2 2722/3/2
f 2721/5/2 2717/5/2 2722/5/2
f 2717/3/2 2718/3/2 2722/3/2
f 2719/5/2 2720/5/2 2723/5/2
f 2722/3/2 2719/3/2 2723/3/2
f 2723/5/2 2720/5/2 2724/5/2
f 2725/1/2 2726/1/2 2727/1/2
f 2725/1/2 2727/1/2 2730/1/2
f 2727/1/2 2728/1/2 2730/1/2
f 2730/1/2 2728/1/2 2731/1/2
f 2728/6/2 2729/6/2 2732/6/2
f 2731/1/2 2728/1/2 2732/1/2
f 2732/6/2 2729/6/2 2733/6/2
f 2731/1/2 2732/1/2 2734/1/2
f 2734/1/2 2732/1/2 2735/1/2
f 2736/8/2 2737/8/2 2738/8/2
f 2736/8/2 2738/8/2 2740/8/2
f 2738/8/2 2739/8/2 2740/8/2
f 2740/8/2 2739/8/2 2741/8/2
f 2742/6/2 2743/6/2 2744/6/2
f 2744/6/2 2743/6/2 2745/6/2
f 2746/6/2 2747/6/2 2749/6/2
f 2749/6/2 2747/6/2 2750/6/2
f 2748/1/2 2749/1/2 2753/1/2
f 2753/1/2 2749/1/2 2754/1/2
f 2751/6/2 2752/6/2 2755/6/2
f 2755/6/2 2752/6/2 2756/6/2
f 2756/6/2 2757/6/2 2758/6/2
f 2755/6/2 2756/6/2 2758/6/2
f 2754/6/2 2755/6/2 2758/6/2
f 2758/6/2 2757/6/2 2759/6/2
f 2759/6/2 2757/6/2 2760/6/2
f 2760/6/2 2761/6/2 2762/6/2
f 2759/6/2 2760/6/2 2762/6/2
f 2762/6/2 2761/6/2 2763/6/2
f 2763/6/2 2761/6/2 2764/6/2
f 2764/6/2 2761/6/2 2765/6/2
f 2765/6/2 2761/6/2 2766/6/2
f 2766/6/2 2767/6/2 2768/6/2
f 2765/6/2 2766/6/2 2768/6/2
f 2768/6/2 2767/6/2 2769/6/2
f 2769/6/2 2767/6/2 2770/6/2
f 2770/6/2 2771/6/2 2772/6/2
f 2769/6/2 2770/6/2 2772/6/2
f 2772/6/2 2771/6/2 2773/6/2
f 2773/6/2 2771/6/2 2774/6/2
f 2774/6/2 2771/6/2 2775/6/2
f 2775/6/2 2771/6/2 2776/6/2
f 2776/6/2 2777/6/2 2778/6/2
f 2775/6/2 2776/6/2 2778/6/2
f 2778/6/2 2777/6/2 2779/6/2
f 2780/8/2 2781/8/2 2782/8/2
f 2780/8/2 2782/8/2 2784/8/2
f 2782/8/2 2783/8/2 2784/8/2
f 2784/8/2 2783/8/2 2785/8/2
f 2786/6/2 2787/6/2 2789/6/2
f 2789/6/2 2787/6/2 2790/6/2
f 2788/1/2 2789/1/2 2791/1/2
f 2789/1/2 2790/1/2 2791/1/2
f 2791/1/2 2790/1/2 2792/1/2
f 2792/6/2 2793/6/2 2796/6/2
f 2796/6/2 2793/6/2 2797/6/2
f 2794/5/2 2795/5/2 2800/5/2
f 2800/5/2 2795/5/2 2801/5/2
f 2798/5/2 2799/5/2 2802/5/2
f 2802/5/2 2799/5/2 2803/5/2
f 2794/5/2 2800/5/2 2805/5/2
f 2805/5/2 2800/5/2 2806/5/2
f 2805/5/2 2806/5/2 2808/5/2
f 2806/5/2 2807/5/2 2808/5/2
f 2804/5/2 2805/5/2 2808/5/2
f 2808/5/2 2807/5/2 2809/5/2
f 2809/5/2 2807/5/2 2812/5/2
f 2812/5/2 2807/5/2 2813/5/2
f 2810/5/2 2811/5/2 2814/5/2
f 2814/5/2 2811/5/2 2815/5/2
f 2816/1/2 2817/1/2 2821/1/2
f 2817/6/2 2818/6/2 2822/6/2
f 2821/1/2 2817/1/2 2822/1/2
f 2822/6/2 2818/6/2 2823/6/2
f 2819/1/2 2820/1/2 2824/1/2
f 2824/1/2 2820/1/2 2825/1/2
f 2826/6/2 2827/6/2 2829/6/2
f 2829/6/2 2827/6/2 2830/6/2
f 2828/8/2 2829/8/2 2831/8/2
f 2829/8/2 2830/8/2 2831/8/2
f 2831/8/2 2830/8/2 2832/8/2
f 2833/6/2 2834/6/2 2835/6/2
f 2835/6/2 2834/6/2 2836/6/2
f 2836/6/2 2834/6/2 2839/6/2
f 2839/6/2 2834/6/2 2840/6/2
f 2837/1/2 2838/1/2 2842/1/2
f 2842/1/2 2838/1/2 2843/1/2
f 2841/5/2 2842/5/2 2844/5/2
f 2842/5/2 2843/5/2 2844/5/2
f 2844/5/2 2843/5/2 2845/5/2
f 2841/5/2 2844/5/2 2846/5/2
f 2846/5/2 2844/5/2 2847/5/2
f 2847/5/2 2844/5/2 2848/5/2
f 2848/5/2 2844/5/2 2849/5/2
f 2849/5/2 2844/5/2 2850/5/2
f 2851/5/2 2852/5/2 2854/5/2
f 2852/5/2 2853/5/2 2854/5/2
f 2854/5/2 2853/5/2 2855/5/2
f 2855/5/2 2853/5/2 2856/5/2
f 2856/5/2 2853/5/2 2857/5/2
f 2858/1/2 2859/1/2 2864/1/2
f 2864/1/2 2859/1/2 2865/1/2
f 2865/1/2 2859/1/2 2866/1/2
f 2860/6/2 2861/6/2 2867/6/2
f 2862/6/2 2863/6/2 2868/6/2
f 2868/6/2 2863/6/2 2869/6/2
f 2860/6/2 2867/6/2 2870/6/2
f 2860/6/2 2870/6/2 2872/6/2
f 2870/1/2 2871/1/2 2873/1/2
f 2872/6/2 2870/6/2 2873/6/2
f 2873/1/2 2871/1/2 2874/1/2
f 2875/6/2 2876/6/2 2877/6/2
f 2877/6/2 2876/6/2 2878/6/2
f 2877/8/2 2878/8/2 2879/8/2
f 2877/8/2 2879/8/2 2881/8/2
f 2879/8/2 2880/8/2 2881/8/2
f 2881/8/2 2880/8/2 2882/8/2
f 2883/6/2 2884/6/2 2886/6/2
f 2885/6/2 2886/6/2 2887/6/2
f 2886/6/2 2884/6/2 2888/6/2
f 2887/6/2 2886/6/2 2888/6/2
f 2889/5/2 2890/5/2 2891/5/2
f 2891/5/2 2890/5/2 2892/5/2
f 2892/5/2 2890/5/2 2893/5/2
f 2893/5/2 2890/5/2 2894/5/2
f 2895/5/2 2896/5/2 2897/5/2
f 2897/5/2 2896/5/2 2898/5/2
f 2899/1/2 2900/1/2 2902/1/2
f 2900/8/2 2901/8/2 2903/8/2
f 2902/1/2 2900/1/2 2903/1/2
f 2903/8/2 2901/8/2 2904/8/2
f 2904/8/2 2901/8/2 2905/8/2
f 2906/8/2 2907/8/2 2908/8/2
f 2908/8/2 2907/8/2 2909/8/2
f 2906/8/2 2908/8/2 2910/8/2
f 2910/8/2 2908/8/2 2911/8/2
f 2912/6/2 2913/6/2 2914/6/2
f 2914/6/2 2913/6/2 2915/6/2
f 2916/5/2 2917/5/2 2918/5/2
f 2918/5/2 2917/5/2 2919/5/2
f 2920/6/2 2921/6/2 2922/6/2
f 2922/6/2 2921/6/2 2923/6/2
f 2923/6/2 2921/6/2 2924/6/2
f 2923/1/2 2924/1/2 2925/1/2
f 2925/1/2 2924/1/2 2926/1/2
f 2927/6/2 2928/6/2 2929/6/2
f 2929/6/2 2928/6/2 2930/6/2
f 2931/1/2 2932/1/2 2933/1/2
f 2933/1/2 2932/1/2 2934/1/2
f 2933/6/2 2934/6/2 2935/6/2
f 2935/6/2 2934/6/2 2936/6/2
f 2935/1/2 2936/1/2 2937/1/2
f 2937/1/2 2936/1/2 2938/1/2
f 2937/8/2 2938/8/2 2940/8/2
f 2938/1/2 2939/1/2 2941/1/2
f 2940/8/2 2938/8/2 2941/8/2
f 2941/1/2 2939/1/2 2942/1/2
f 2943/8/2 2944/8/2 2945/8/2
f 2945/8/2 2944/8/2 2946/8/2
f 2947/6/2 2948/6/2 2949/6/2
f 2949/6/2 2948/6/2 2950/6/2
f 2951/5/2 2952/5/2 2953/5/2
f 2953/5/2 2952/5/2 2954/5/2
f 2955/1/2 2956/1/2 2957/1/2
f 2957/1/2 2956/1/2 2958/1/2
f 2957/6/2 2958/6/2 2959/6/2
f 2959/6/2 2958/6/2 2960/6/2
f 2959/1/2 2960/1/2 2963/1/2
f 2963/1/2 2960/1/2 2964/1/2
f 2961/1/2 2962/1/2 2965/1/2
f 2965/1/2 2962/1/2 2966/1/2
f 2967/1/2 2968/1/2 2971/1/2
f 2971/1/2 2968/1/2 2972/1/2
f 2972/1/2 2968/1/2 2973/1/2
f 2973/1/2 2968/1/2 2974/1/2
f 2969/6/2 2970/6/2 2976/6/2
f 2975/6/2 2976/6/2 2977/6/2
f 2976/6/2 2970/6/2 2978/6/2
f 2977/6/2 2976/6/2 2978/6/2
f 2979/5/2 2980/5/2 2981/5/2
f 2981/5/2 2980/5/2 2982/5/2
f 2983/5/2 2984/5/2 2985/5/2
f 2985/5/2 2984/5/2 2986/5/2
f 2987/5/2 2988/5/2 2989/5/2
f 2989/5/2 2988/5/2 2990/5/2
f 2991/1/2 2992/1/2 2993/1/2
f 2993/1/2 2992/1/2 2994/1/2
f 2995/1/2 2996/1/2 2997/1/2
f 2997/1/2 2996/1/2 2998/1/2
f 2999/1/2 3000/1/2 3002/1/2
f 3000/6/2 3001/6/2 3003/6/2
f 3002/1/2 3000/1/2 3003/1/2
f 3002/6/2 3003/6/2 3004/6/2
f 3003/6/2 3001/6/2 3005/6/2
f 3004/6/2 3003/6/2 3005/6/2
f 3004/1/2 3005/1/2 3006/1/2
f 3005/6/2 3001/6/2 3007/6/2
f 3006/1/2 3005/1/2 3007/1/2
f 3007/6/2 3001/6/2 3008/6/2
f 3006/6/2 3007/6/2 3009/6/2
f 3007/6/2 3008/6/2 3009/6/2
f 3009/6/2 3008/6/2 3010/6/2
f 3010/6/2 3008/6/2 3011/6/2
f 3009/1/2 3010/1/2 3012/1/2
f 3010/6/2 3011/6/2 3013/6/2
f 3012/1/2 3010/1/2 3013/1/2
f 3013/6/2 3011/6/2 3014/6/2
f 3015/1/2 3016/1/2 3017/1/2
f 3017/1/2 3016/1/2 3018/1/2
f 3018/1/2 3016/1/2 3021/1/2
f 3021/1/2 3016/1/2 3022/1/2
f 3019/6/2 3020/6/2 3023/6/2
f 3023/6/2 3020/6/2 3024/6/2
f 3025/5/2 3026/5/2 3027/5/2
f 3027/5/2 3026/5/2 3028/5/2
f 3029/5/2 3030/5/2 3031/5/2
f 3031/5/2 3030/5/2 3032/5/2
f 3033/6/2 3034/6/2 3035/6/2
f 3035/6/2 3034/6/2 3036/6/2
f 3037/6/2 3038/6/2 3039/6/2
f 3039/6/2 3038/6/2 3040/6/2
f 3039/8/2 3040/8/2 3041/8/2
f 3041/8/2 3040/8/2 3042/8/2
f 3041/6/2 3042/6/2 3043/6/2
f 3043/6/2 3042/6/2 3044/6/2
f 3045/1/2 3046/1/2 3049/1/2
f 3049/1/2 3046/1/2 3050/1/2
f 3047/5/2 3048/5/2 3051/5/2
f 3051/5/2 3048/5/2 3052/5/2
f 3045/1/2 3049/1/2 3053/1/2
f 3053/1/2 3049/1/2 3054/1/2
f 3055/5/2 3056/5/2 3057/5/2
f 3057/5/2 3056/5/2 3058/5/2
f 3059/5/2 3060/5/2 3061/5/2
f 3061/5/2 3060/5/2 3062/5/2
f 3063/5/2 3064/5/2 3065/5/2
f 3065/5/2 3064/5/2 3066/5/2
f 3067/8/2 3068/8/2 3071/8/2
f 3071/8/2 3068/8/2 3072/8/2
f 3069/8/2 3070/8/2 3073/8/2
f 3073/8/2 3070/8/2 3074/8/2
f 3075/6/2 3076/6/2 3077/6/2
f 3077/6/2 3076/6/2 3078/6/2
f 3079/6/2 3080/6/2 3081/6/2
f 3081/6/2 3080/6/2 3082/6/2
f 3081/1/2 3082/1/2 3083/1/2
f 3083/1/2 3082/1/2 3084/1/2
f 3085/6/2 3086/6/2 3087/6/2
f 3087/6/2 3086/6/2 3088/6/2
f 3089/8/2 3090/8/2 3096/8/2
f 3090/6/2 3091/6/2 3097/6/2
f 3096/8/2 3090/8/2 3097/8/2
f 3097/6/2 3091/6/2 3098/6/2
f 3092/5/2 3093/5/2 3099/5/2
f 3099/5/2 3093/5/2 3100/5/2
f 3094/1/2 3095/1/2 3102/1/2
f 3092/5/2 3099/5/2 3103/5/2
f 3103/5/2 3099/5/2 3104/5/2
f 3101/1/2 3102/1/2 3105/1/2
f 3102/1/2 3095/1/2 3106/1/2
f 3105/1/2 3102/1/2 3106/1/2
f 3106/1/2 3095/1/2 3109/1/2
f 3109/1/2 3095/1/2 3110/1/2
f 3107/5/2 3108/5/2 3111/5/2
f 3111/5/2 3108/5/2 3112/5/2
f 3113/5/2 3114/5/2 3115/5/2
f 3113/5/2 3115/5/2 3116/5/2
f 3116/5/2 3115/5/2 3117/5/2
f 3118/5/2 3119/5/2 3120/5/2
f 3120/5/2 3119/5/2 3121/5/2
f 3122/6/2 3123/6/2 3124/6/2
f 3124/6/2 3123/6/2 3125/6/2
f 3125/1/2 3126/1/2 3127/1/2
f 3127/1/2 3126/1/2 3128/1/2
f 3127/8/2 3128/8/2 3129/8/2
f 3129/8/2 3128/8/2 3130/8/2
f 3131/1/2 3132/1/2 3133/1/2
f 3133/1/2 3132/1/2 3134/1/2
f 3133/6/2 3134/6/2 3136/6/2
f 3136/6/2 3134/6/2 3137/6/2
f 3135/6/2 3136/6/2 3137/6/2
f 3137/6/2 3134/6/2 3138/6/2
f 3135/6/2 3137/6/2 3139/6/2
f 3139/6/2 3137/6/2 3140/6/2
f 3141/1/2 3142/1/2 3143/1/2
f 3143/1/2 3142/1/2 3144/1/2
f 3144/1/2 3142/1/2 3145/1/2
f 3144/1/2 3145/1/2 3147/1/2
f 3145/5/2 3146/5/2 3148/5/2
f 3147/1/2 3145/1/2 3148/1/2
f 3148/5/2 3146/5/2 3149/5/2
f 3150/5/2 3151/5/2 3152/5/2
f 3152/5/2 3151/5/2 3153/5/2
f 3156/8/2 3157/8/2 3158/8/2
f 3158/8/2 3157/8/2 3159/8/2
f 3154/6/2 3155/6/2 3160/6/2
f 3160/6/2 3155/6/2 3161/6/2
f 3158/1/2 3159/1/2 3162/1/2
f 3162/1/2 3159/1/2 3163/1/2
f 3165/1/2 3166/1/2 3168/1/2
f 3166/1/2 3167/1/2 3168/1/2
f 3168/1/2 3167/1/2 3169/1/2
f 3164/6/2 3165/6/2 3170/6/2
f 3165/1/2 3168/1/2 3171/1/2
f 3170/6/2 3165/6/2 3171/6/2
f 3171/1/2 3168/1/2 3172/1/2
f 3168/6/2 3169/6/2 3173/6/2
f 3172/1/2 3168/1/2 3173/1/2
f 3171/8/2 3172/8/2 3174/8/2
f 3170/8/2 3171/8/2 3174/8/2
f 3174/8/2 3172/8/2 3175/8/2
f 3172/6/2 3173/6/2 3176/6/2
f 3175/8/2 3172/8/2 3176/8/2
f 3174/1/2 3175/1/2 3177/1/2
f 3175/6/2 3176/6/2 3178/6/2
f 3177/1/2 3175/1/2 3178/1/2
f 3177/8/2 3178/8/2 3179/8/2
f 3178/6/2 3176/6/2 3179/6/2
f 3176/6/2 3173/6/2 3180/6/2
f 3179/6/2 3176/6/2 3180/6/2
f 3177/8/2 3179/8/2 3181/8/2
f 3179/1/2 3180/1/2 3182/1/2
f 3181/8/2 3179/8/2 3182/8/2
f 3173/6/2 3169/6/2 3183/6/2
f 3180/6/2 3173/6/2 3183/6/2
f 3183/6/2 3169/6/2 3184/6/2
f 3181/1/2 3182/1/2 3185/1/2
f 3182/1/2 3180/1/2 3186/1/2
f 3185/1/2 3182/1/2 3186/1/2
f 3185/6/2 3186/6/2 3187/6/2
f 3186/1/2 3180/1/2 3188/1/2
f 3187/6/2 3186/6/2 3188/6/2
f 3180/6/2 3183/6/2 3189/6/2
f 3188/1/2 3180/1/2 3189/1/2
f 3189/6/2 3183/6/2 3190/6/2
f 3191/5/2 3192/5/2 3193/5/2
f 3193/5/2 3192/5/2 3194/5/2
f 3195/5/2 3196/5/2 3197/5/2
f 3197/5/2 3196/5/2 3198/5/2
f 3199/5/2 3200/5/2 3202/5/2
f 3200/5/2 3201/5/2 3202/5/2
f 3202/5/2 3201/5/2 3203/5/2
f 3204/8/2 3205/8/2 3206/8/2
f 3206/8/2 3205/8/2 3207/8/2
f 3204/8/2 3206/8/2 3208/8/2
f 3208/8/2 3206/8/2 3209/8/2
f 3210/6/2 3211/6/2 3212/6/2
f 3212/6/2 3211/6/2 3213/6/2
f 3214/6/2 3215/6/2 3216/6/2
f 3216/6/2 3215/6/2 3217/6/2
f 3218/6/2 3219/6/2 3220/6/2
f 3220/6/2 3219/6/2 3221/6/2
f 3224/6/2 3225/6/2 3226/6/2
f 3226/6/2 3225/6/2 3227/6/2
f 3222/8/2 3223/8/2 3228/8/2
f 3222/8/2 3228/8/2 3230/8/2
f 3228/8/2 3229/8/2 3230/8/2
f 3230/8/2 3229/8/2 3231/8/2
f 3232/5/2 3233/5/2 3234/5/2
f 3234/5/2 3233/5/2 3235/5/2
f 3236/5/2 3237/5/2 3238/5/2
f 3238/5/2 3237/5/2 3239/5/2
f 3243/6/2 3244/6/2 3245/6/2
f 3242/1/2 3243/1/2 3247/1/2
f 3245/6/2 3246/6/2 3248/6/2
f 3247/1/2 3243/1/2 3248/1/2
f 3243/6/2 3245/6/2 3248/6/2
f 3248/6/2 3246/6/2 3249/6/2
f 3240/6/2 3241/6/2 3250/6/2
f 3250/6/2 3241/6/2 3251/6/2
f 3250/1/2 3251/1/2 3252/1/2
f 3252/1/2 3251/1/2 3253/1/2
f 3254/6/2 3255/6/2 3256/6/2
f 3256/6/2 3255/6/2 3258/6/2
f 3258/6/2 3255/6/2 3259/6/2
f 3257/8/2 3258/8/2 3259/8/2
f 3259/6/2 3255/6/2 3260/6/2
f 3257/8/2 3259/8/2 3261/8/2
f 3257/8/2 3261/8/2 3263/8/2
f 3261/6/2 3262/6/2 3263/6/2
f 3263/6/2 3262/6/2 3264/6/2
f 3263/8/2 3264/8/2 3267/8/2
f 3265/6/2 3266/6/2 3268/6/2
f 3263/8/2 3267/8/2 3269/8/2
f 3257/8/2 3263/8/2 3269/8/2
f 3269/8/2 3267/8/2 3270/8/2
f 3268/6/2 3266/6/2 3271/6/2
f 3271/6/2 3266/6/2 3272/6/2
f 3273/5/2 3274/5/2 3277/5/2
f 3277/5/2 3274/5/2 3278/5/2
f 3278/5/2 3274/5/2 3279/5/2
f 3275/5/2 3276/5/2 3280/5/2
f 3280/5/2 3276/5/2 3281/5/2
f 3278/5/2 3279/5/2 3284/5/2
f 3284/5/2 3279/5/2 3285/5/2
f 3282/5/2 3283/5/2 3286/5/2
f 3286/5/2 3283/5/2 3287/5/2
f 3287/5/2 3283/5/2 3288/5/2
f 3285/5/2 3279/5/2 3289/5/2
f 3289/5/2 3279/5/2 3290/5/2
f 3287/5/2 3288/5/2 3291/5/2
f 3291/5/2 3288/5/2 3292/5/2
f 3293/5/2 3294/5/2 3295/5/2
f 3295/5/2 3294/5/2 3296/5/2
f 3297/8/2 3298/8/2 3300/8/2
f 3300/8/2 3298/8/2 3301/8/2
f 3299/8/2 3300/8/2 3303/8/2
f 3302/6/2 3303/6/2 3304/6/2
f 3303/8/2 3300/8/2 3305/8/2
f 3304/6/2 3303/6/2 3305/6/2
f 3300/6/2 3301/6/2 3306/6/2
f 3305/8/2 3300/8/2 3306/8/2
f 3306/6/2 3301/6/2 3307/6/2
f 3308/6/2 3309/6/2 3310/6/2
f 3310/6/2 3309/6/2 3311/6/2
f 3312/1/2 3313/1/2 3317/1/2
f 3313/8/2 3314/8/2 3318/8/2
f 3317/1/2 3313/1/2 3318/1/2
f 3318/8/2 3314/8/2 3319/8/2
f 3315/1/2 3316/1/2 3320/1/2
f 3320/1/2 3316/1/2 3321/1/2
f 3320/8/2 3321/8/2 3322/8/2
f 3322/8/2 3321/8/2 3323/8/2
f 3317/1/2 3318/1/2 3325/1/2
f 3318/1/2 3319/1/2 3325/1/2
f 3325/1/2 3319/1/2 3326/1/2
f 3326/1/2 3319/1/2 3327/1/2
f 3324/6/2 3325/6/2 3328/6/2
f 3325/1/2 3326/1/2 3329/1/2
f 3328/6/2 3325/6/2 3329/6/2
f 3329/1/2 3326/1/2 3330/1/2
f 3329/1/2 3330/1/2 3331/1/2
f 3329/1/2 3331/1/2 3334/1/2
f 3334/1/2 3331/1/2 3335/1/2
f 3332/6/2 3333/6/2 3336/6/2
f 3336/6/2 3333/6/2 3337/6/2
f 3334/6/2 3335/6/2 3338/6/2
f 3334/6/2 3338/6/2 3339/6/2
f 3339/6/2 3338/6/2 3340/6/2
f 3336/1/2 3337/1/2 3341/1/2
f 3341/1/2 3337/1/2 3342/1/2
f 3343/5/2 3344/5/2 3345/5/2
f 3345/5/2 3344/5/2 3346/5/2
f 3347/5/2 3348/5/2 3349/5/2
f 3347/5/2 3349/5/2 3351/5/2
f 3349/5/2 3350/5/2 3351/5/2
f 3351/5/2 3350/5/2 3352/5/2
f 3352/5/2 3353/5/2 3354/5/2
f 3354/5/2 3353/5/2 3355/5/2
f 3356/5/2 3357/5/2 3360/5/2
f 3360/5/2 3357/5/2 3361/5/2
f 3361/5/2 3357/5/2 3362/5/2
f 3358/5/2 3359/5/2 3363/5/2
f 3363/5/2 3359/5/2 3364/5/2
f 3365/5/2 3366/5/2 3367/5/2
f 3367/5/2 3366/5/2 3368/5/2
f 3369/1/2 3370/1/2 3373/1/2
f 3373/1/2 3370/1/2 3374/1/2
f 3371/6/2 3372/6/2 3375/6/2
f 3375/6/2 3372/6/2 3376/6/2
f 3377/1/2 3378/1/2 3381/1/2
f 3381/1/2 3378/1/2 3382/1/2
f 3379/6/2 3380/6/2 3383/6/2
f 3383/6/2 3380/6/2 3384/6/2
f 3383/1/2 3384/1/2 3385/1/2
f 3383/1/2 3385/1/2 3390/1/2
f 3390/1/2 3385/1/2 3391/1/2
f 3386/1/2 3387/1/2 3394/1/2
f 3387/1/2 3388/1/2 3394/1/2
f 3388/6/2 3389/6/2 3395/6/2
f 3394/1/2 3388/1/2 3395/1/2
f 3395/6/2 3389/6/2 3396/6/2
f 3386/1/2 3394/1/2 3397/1/2
f 3397/1/2 3394/1/2 3398/1/2
f 3392/1/2 3393/1/2 3399/1/2
f 3392/1/2 3399/1/2 3401/1/2
f 3399/1/2 3400/1/2 3401/1/2
f 3401/1/2 3400/1/2 3402/1/2
f 3402/1/2 3403/1/2 3404/1/2
f 3402/1/2 3404/1/2 3406/1/2
f 3404/8/2 3405/8/2 3407/8/2
f 3406/1/2 3404/1/2 3407/1/2
f 3407/8/2 3405/8/2 3408/8/2
f 3409/8/2 3410/8/2 3411/8/2
f 3411/8/2 3410/8/2 3412/8/2
f 3411/6/2 3412/6/2 3413/6/2
f 3413/6/2 3412/6/2 3414/6/2
f 3414/6/2 3415/6/2 3417/6/2
f 3413/8/2 3414/8/2 3417/8/2
f 3415/1/2 3416/1/2 3418/1/2
f 3417/6/2 3415/6/2 3418/6/2
f 3413/8/2 3417/8/2 3419/8/2
f 3417/1/2 3418/1/2 3420/1/2
f 3419/8/2 3417/8/2 3420/8/2
f 3418/1/2 3416/1/2 3421/1/2
f 3420/1/2 3418/1/2 3421/1/2
f 3422/6/2 3423/6/2 3424/6/2
f 3419/6/2 3420/6/2 3426/6/2
f 3420/1/2 3421/1/2 3427/1/2
f 3426/6/2 3420/6/2 3427/6/2
f 3421/1/2 3422/1/2 3427/1/2
f 3427/1/2 3422/1/2 3428/1/2
f 3424/6/2 3425/6/2 3429/6/2
f 3428/1/2 3422/1/2 3429/1/2
f 3422/6/2 3424/6/2 3429/6/2
f 3429/6/2 3425/6/2 3430/6/2
f 3427/1/2 3428/1/2 3432/1/2
f 3430/6/2 3431/6/2 3436/6/2
f 3436/6/2 3431/6/2 3437/6/2
f 3427/1/2 3432/1/2 3440/1/2
f 3432/8/2 3433/8/2 3441/8/2
f 3440/1/2 3432/1/2 3441/1/2
f 3433/1/2 3434/1/2 3442/1/2
f 3441/8/2 3433/8/2 3442/8/2
f 3434/6/2 3435/6/2 3443/6/2
f 3442/1/2 3434/1/2 3443/1/2
f 3443/6/2 3435/6/2 3444/6/2
f 3438/5/2 3439/5/2 3446/5/2
f 3446/5/2 3439/5/2 3447/5/2
f 3445/5/2 3446/5/2 3449/5/2
f 3447/5/2 3448/5/2 3449/5/2
f 3446/5/2 3447/5/2 3449/5/2
f 3449/5/2 3448/5/2 3450/5/2
f 3451/5/2 3452/5/2 3453/5/2
f 3453/5/2 3452/5/2 3454/5/2
f 3454/5/2 3452/5/2 3455/5/2
f 3455/5/2 3452/5/2 3456/5/2
f 3456/2/2 3457/2/2 3460/2/2
f 3455/2/2 3456/2/2 3460/2/2
f 3460/2/2 3457/2/2 3461/2/2
f 3458/5/2 3459/5/2 3462/5/2
f 3462/5/2 3459/5/2 3463/5/2
f 3464/5/2 3465/5/2 3466/5/2
f 3464/5/2 3466/5/2 3467/5/2
f 3467/5/2 3466/5/2 3468/5/2
f 3468/5/2 3466/5/2 3469/5/2
f 3470/5/2 3471/5/2 3473/5/2
f 3473/5/2 3471/5/2 3474/5/2
f 3472/2/2 3473/2/2 3475/2/2
f 3473/2/2 3474/2/2 3475/2/2
f 3475/2/2 3474/2/2 3476/2/2
f 3477/6/2 3478/6/2 3481/6/2
f 3481/6/2 3478/6/2 3482/6/2
f 3479/6/2 3480/6/2 3483/6/2
f 3483/6/2 3480/6/2 3484/6/2
f 3485/6/2 3486/6/2 3487/6/2
f 3487/6/2 3486/6/2 3488/6/2
f 3487/1/2 3488/1/2 3489/1/2
f 3487/1/2 3489/1/2 3491/1/2
f 3489/1/2 3490/1/2 3491/1/2
f 3491/1/2 3490/1/2 3492/1/2
f 3484/6/2 3480/6/2 3496/6/2
f 3496/6/2 3480/6/2 3497/6/2
f 3485/6/2 3487/6/2 3498/6/2
f 3487/1/2 3491/1/2 3499/1/2
f 3498/6/2 3487/6/2 3499/6/2
f 3494/6/2 3495/6/2 3500/6/2
f 3493/6/2 3494/6/2 3500/6/2
f 3500/6/2 3495/6/2 3501/6/2
f 3501/6/2 3495/6/2 3502/6/2
f 3502/6/2 3495/6/2 3503/6/2
f 3503/6/2 3495/6/2 3504/6/2
f 3500/1/2 3501/1/2 3506/1/2
f 3506/1/2 3501/1/2 3507/1/2
f 3502/6/2 3503/6/2 3508/6/2
f 3508/6/2 3503/6/2 3509/6/2
f 3496/1/2 3497/1/2 3510/1/2
f 3510/1/2 3497/1/2 3511/1/2
f 3498/1/2 3499/1/2 3512/1/2
f 3499/1/2 3491/1/2 3513/1/2
f 3512/1/2 3499/1/2 3513/1/2
f 3513/1/2 3491/1/2 3514/1/2
f 3505/1/2 3506/1/2 3515/1/2
f 3514/1/2 3515/1/2 3516/1/2
f 3513/1/2 3514/1/2 3516/1/2
f 3515/1/2 3506/1/2 3517/1/2
f 3516/1/2 3515/1/2 3517/1/2
f 3517/1/2 3506/1/2 3518/1/2
f 3518/1/2 3519/1/2 3520/1/2
f 3513/1/2 3516/1/2 3522/1/2
f 3516/8/2 3517/8/2 3523/8/2
f 3522/1/2 3516/1/2 3523/1/2
f 3520/1/2 3521/1/2 3524/1/2
f 3523/8/2 3517/8/2 3524/8/2
f 3517/1/2 3518/1/2 3524/1/2
f 3518/1/2 3520/1/2 3524/1/2
f 3523/1/2 3524/1/2 3526/1/2
f 3524/1/2 3521/1/2 3527/1/2
f 3526/1/2 3524/1/2 3527/1/2
f 3527/1/2 3521/1/2 3528/1/2
f 3528/1/2 3521/1/2 3529/1/2
f 3529/1/2 3521/1/2 3530/1/2
f 3528/8/2 3529/8/2 3531/8/2
f 3531/8/2 3529/8/2 3532/8/2
f 3525/1/2 3526/1/2 3533/1/2
f 3533/1/2 3526/1/2 3534/1/2
f 3535/6/2 3536/6/2 3537/6/2
f 3537/6/2 3536/6/2 3538/6/2
f 3538/6/2 3536/6/2 3539/6/2
f 3539/6/2 3540/6/2 3542/6/2
f 3538/6/2 3539/6/2 3542/6/2
f 3542/6/2 3540/6/2 3543/6/2
f 3543/6/2 3540/6/2 3544/6/2
f 3544/6/2 3545/6/2 3546/6/2
f 3546/6/2 3545/6/2 3547/6/2
f 3541/6/2 3542/6/2 3548/6/2
f 3542/6/2 3543/6/2 3548/6/2
f 3548/6/2 3543/6/2 3549/6/2
f 3549/6/2 3543/6/2 3550/6/2
f 3550/6/2 3543/6/2 3551/6/2
f 3552/5/2 3553/5/2 3554/5/2
f 3554/5/2 3553/5/2 3555/5/2
f 3556/6/2 3557/6/2 3561/6/2
f 3561/6/2 3557/6/2 3562/6/2
f 3558/1/2 3559/1/2 3565/1/2
f 3559/8/2 3560/8/2 3566/8/2
f 3565/1/2 3559/1/2 3566/1/2
f 3563/6/2 3564/6/2 3567/6/2
f 3567/6/2 3564/6/2 3568/6/2
f 3566/8/2 3560/8/2 3569/8/2
f 3569/8/2 3560/8/2 3570/8/2
f 3570/8/2 3560/8/2 3571/8/2
f 3570/1/2 3571/1/2 3572/1/2
f 3570/1/2 3572/1/2 3574/1/2
f 3574/1/2 3572/1/2 3575/1/2
f 3574/8/2 3575/8/2 3578/8/2
f 3573/1/2 3574/1/2 3578/1/2
f 3578/8/2 3575/8/2 3579/8/2
f 3576/1/2 3577/1/2 3580/1/2
f 3580/1/2 3577/1/2 3581/1/2
f 3558/1/2 3565/1/2 3582/1/2
f 3582/1/2 3565/1/2 3583/1/2
f 3573/1/2 3578/1/2 3584/1/2
f 3584/1/2 3578/1/2 3585/1/2
f 3586/1/2 3587/1/2 3588/1/2
f 3588/1/2 3587/1/2 3589/1/2
f 3588/6/2 3589/6/2 3591/6/2
f 3590/6/2 3591/6/2 3592/6/2
f 3591/6/2 3589/6/2 3593/6/2
f 3592/6/2 3591/6/2 3593/6/2
f 3593/6/2 3589/6/2 3594/6/2
f 3594/6/2 3589/6/2 3595/6/2
f 3596/6/2 3597/6/2 3598/6/2
f 3600/5/2 3601/5/2 3602/5/2
f 3602/5/2 3601/5/2 3603/5/2
f 3596/6/2 3598/6/2 3604/6/2
f 3598/6/2 3599/6/2 3604/6/2
f 3604/6/2 3599/6/2 3605/6/2
f 3605/6/2 3599/6/2 3606/6/2
f 3606/6/2 3599/6/2 3607/6/2
f 3600/5/2 3602/5/2 3608/5/2
f 3605/6/2 3606/6/2 3613/6/2
f 3613/6/2 3606/6/2 3614/6/2
f 3600/5/2 3608/5/2 3615/5/2
f 3608/5/2 3609/5/2 3615/5/2
f 3615/5/2 3609/5/2 3616/5/2
f 3613/1/2 3614/1/2 3617/1/2
f 3617/1/2 3614/1/2 3618/1/2
f 3611/5/2 3612/5/2 3619/5/2
f 3610/5/2 3611/5/2 3619/5/2
f 3619/5/2 3612/5/2 3620/5/2
f 3616/5/2 3609/5/2 3621/5/2
f 3621/5/2 3609/5/2 3622/5/2
f 3622/5/2 3609/5/2 3623/5/2
f 3610/5/2 3619/5/2 3624/5/2
f 3624/5/2 3619/5/2 3625/5/2
f 3621/2/2 3622/2/2 3626/2/2
f 3626/2/2 3622/2/2 3627/2/2
f 3628/5/2 3629/5/2 3632/5/2
f 3632/5/2 3629/5/2 3633/5/2
f 3630/5/2 3631/5/2 3634/5/2
f 3634/5/2 3631/5/2 3635/5/2
f 3638/6/2 3639/6/2 3645/6/2
f 3639/6/2 3640/6/2 3645/6/2
f 3645/6/2 3640/6/2 3646/6/2
f 3641/6/2 3642/6/2 3647/6/2
f 3647/6/2 3642/6/2 3648/6/2
f 3643/6/2 3644/6/2 3649/6/2
f 3649/6/2 3644/6/2 3650/6/2
f 3645/6/2 3646/6/2 3651/6/2
f 3651/6/2 3646/6/2 3652/6/2
f 3636/8/2 3637/8/2 3653/8/2
f 3636/8/2 3653/8/2 3656/8/2
f 3653/8/2 3654/8/2 3656/8/2
f 3656/8/2 3654/8/2 3657/8/2
f 3654/6/2 3655/6/2 3658/6/2
f 3657/8/2 3654/8/2 3658/8/2
f 3656/1/2 3657/1/2 3659/1/2
f 3657/6/2 3658/6/2 3660/6/2
f 3659/1/2 3657/1/2 3660/1/2
f 3658/6/2 3655/6/2 3661/6/2
f 3660/6/2 3658/6/2 3661/6/2
f 3662/6/2 3663/6/2 3664/6/2
f 3664/6/2 3663/6/2 3665/6/2
f 3665/6/2 3663/6/2 3666/6/2
f 3666/6/2 3663/6/2 3667/6/2
f 3668/5/2 3669/5/2 3672/5/2
f 3672/5/2 3669/5/2 3673/5/2
f 3670/5/2 3671/5/2 3676/5/2
f 3676/5/2 3671/5/2 3677/5/2
f 3673/5/2 3669/5/2 3678/5/2
f 3678/5/2 3669/5/2 3679/5/2
f 3673/5/2 3678/5/2 3681/5/2
f 3674/6/2 3675/6/2 3682/6/2
f 3682/6/2 3675/6/2 3683/6/2
f 3680/5/2 3681/5/2 3687/5/2
f 3687/5/2 3681/5/2 3688/5/2
f 3681/5/2 3678/5/2 3689/5/2
f 3688/5/2 3681/5/2 3689/5/2
f 3684/6/2 3685/6/2 3690/6/2
f 3690/6/2 3685/6/2 3691/6/2
f 3687/5/2 3688/5/2 3692/5/2
f 3686/5/2 3687/5/2 3692/5/2
f 3692/5/2 3688/5/2 3693/5/2
f 3694/5/2 3695/5/2 3698/5/2
f 3698/5/2 3695/5/2 3699/5/2
f 3696/5/2 3697/5/2 3701/5/2
f 3701/5/2 3697/5/2 3702/5/2
f 3699/5/2 3700/5/2 3703/5/2
f 3703/5/2 3700/5/2 3704/5/2
f 3705/6/2 3706/6/2 3709/6/2
f 3709/6/2 3706/6/2 3710/6/2
f 3710/6/2 3706/6/2 3711/6/2
f 3709/6/2 3710/6/2 3712/6/2
f 3712/6/2 3710/6/2 3713/6/2
f 3707/6/2 3708/6/2 3714/6/2
f 3714/6/2 3708/6/2 3715/6/2
f 3716/8/2 3717/8/2 3718/8/2
f 3719/1/2 3720/1/2 3721/1/2
f 3716/8/2 3718/8/2 3723/8/2
f 3718/8/2 3719/8/2 3723/8/2
f 3721/1/2 3722/1/2 3724/1/2
f 3723/8/2 3719/8/2 3724/8/2
f 3719/1/2 3721/1/2 3724/1/2
f 3724/1/2 3722/1/2 3725/1/2
f 3726/6/2 3727/6/2 3728/6/2
f 3726/6/2 3728/6/2 3731/6/2
f 3728/6/2 3729/6/2 3731/6/2
f 3731/6/2 3729/6/2 3732/6/2
f 3730/6/2 3731/6/2 3733/6/2
f 3733/6/2 3731/6/2 3734/6/2
f 3735/6/2 3736/6/2 3737/6/2
f 3737/6/2 3736/6/2 3738/6/2
f 3739/6/2 3740/6/2 3741/6/2
f 3741/6/2 3740/6/2 3742/6/2
f 3743/5/2 3744/5/2 3745/5/2
f 3747/6/2 3748/6/2 3749/6/2
f 3749/6/2 3748/6/2 3750/6/2
f 3745/5/2 3746/5/2 3751/5/2
f 3743/5/2 3745/5/2 3751/5/2
f 3751/5/2 3746/5/2 3752/5/2
f 3753/6/2 3754/6/2 3755/6/2
f 3755/6/2 3754/6/2 3756/6/2
f 3756/6/2 3754/6/2 3757/6/2
f 3758/5/2 3759/5/2 3760/5/2
f 3758/5/2 3760/5/2 3761/5/2
f 3761/5/2 3760/5/2 3762/5/2
f 3763/4/2 3764/4/2 3765/4/2
f 3765/4/2 3764/4/2 3766/4/2
f 3769/8/2 3770/8/2 3772/8/2
f 3772/8/2 3770/8/2 3773/8/2
f 3773/8/2 3770/8/2 3774/8/2
f 3770/1/2 3771/1/2 3775/1/2
f 3774/8/2 3770/8/2 3775/8/2
f 3775/1/2 3771/1/2 3776/1/2
f 3777/1/2 3778/1/2 3779/1/2
f 3779/1/2 3778/1/2 3780/1/2
f 3767/6/2 3768/6/2 3781/6/2
f 3781/6/2 3768/6/2 3782/6/2
f 3783/6/2 3784/6/2 3787/6/2
f 3787/6/2 3784/6/2 3788/6/2
f 3788/6/2 3784/6/2 3789/6/2
f 3789/6/2 3784/6/2 3790/6/2
f 3785/6/2 3786/6/2 3792/6/2
f 3792/6/2 3786/6/2 3793/6/2
f 3791/6/2 3792/6/2 3795/6/2
f 3794/6/2 3795/6/2 3797/6/2
f 3795/6/2 3792/6/2 3798/6/2
f 3797/6/2 3795/6/2 3798/6/2
f 3796/6/2 3797/6/2 3800/6/2
f 3797/6/2 3798/6/2 3800/6/2
f 3800/6/2 3798/6/2 3801/6/2
f 3801/6/2 3798/6/2 3802/6/2
f 3799/6/2 3800/6/2 3803/6/2
f 3800/6/2 3801/6/2 3803/6/2
f 3803/6/2 3801/6/2 3804/6/2
f 3799/6/2 3803/6/2 3806/6/2
f 3806/6/2 3803/6/2 3807/6/2
f 3807/6/2 3803/6/2 3808/6/2
f 3805/1/2 3806/1/2 3809/1/2
f 3806/1/2 3807/1/2 3809/1/2
f 3809/1/2 3807/1/2 3810/1/2
f 3811/6/2 3812/6/2 3813/6/2
f 3813/6/2 3812/6/2 3814/6/2
f 3815/6/2 3816/6/2 3817/6/2
f 3817/6/2 3816/6/2 3818/6/2
f 3818/6/2 3816/6/2 3819/6/2
f 3820/5/2 3821/5/2 3824/5/2
f 3824/5/2 3821/5/2 3825/5/2
f 3822/5/2 3823/5/2 3826/5/2
f 3826/5/2 3823/5/2 3827/5/2
f 3827/5/2 3823/5/2 3828/5/2
f 3829/1/2 3830/1/2 3831/1/2
f 3831/1/2 3830/1/2 3832/1/2
f 3833/6/2 3834/6/2 3835/6/2
f 3833/6/2 3835/6/2 3837/6/2
f 3837/6/2 3835/6/2 3838/6/2
f 3838/6/2 3835/6/2 3839/6/2
f 3839/6/2 3835/6/2 3840/6/2
f 3836/6/2 3837/6/2 3841/6/2
f 3841/6/2 3837/6/2 3842/6/2
f 3843/5/2 3844/5/2 3846/5/2
f 3846/5/2 3844/5/2 3847/5/2
f 3847/5/2 3844/5/2 3848/5/2
f 3845/5/2 3846/5/2 3849/5/2
f 3849/5/2 3846/5/2 3850/5/2
f 3847/5/2 3848/5/2 3851/5/2
f 3851/5/2 3848/5/2 3852/5/2
f 3853/1/2 3854/1/2 3855/1/2
f 3855/1/2 3854/1/2 3856/1/2
f 3853/1/2 3855/1/2 3857/1/2
f 3857/1/2 3855/1/2 3858/1/2
f 3859/6/2 3860/6/2 3861/6/2
f 3861/6/2 3860/6/2 3862/6/2
f 3859/6/2 3861/6/2 3864/6/2
f 3864/6/2 3861/6/2 3865/6/2
f 3862/6/2 3863/6/2 3866/6/2
f 3866/6/2 3863/6/2 3867/6/2
f 3868/5/2 3869/5/2 3870/5/2
f 3870/5/2 3869/5/2 3871/5/2
f 3872/5/2 3873/5/2 3874/5/2
f 3872/5/2 3874/5/2 3875/5/2
f 3875/5/2 3874/5/2 3876/5/2
f 3877/5/2 3878/5/2 3879/5/2
f 3879/5/2 3878/5/2 3880/5/2
f 3879/4/2 3880/4/2 3881/4/2
f 3881/4/2 3880/4/2 3882/4/2
f 3880/5/2 3878/5/2 3883/5/2
f 3882/4/2 3880/4/2 3883/4/2
f 3883/5/2 3878/5/2 3884/5/2
f 3885/1/2 3886/1/2 3887/1/2
f 3885/1/2 3887/1/2 3888/1/2
f 3888/1/2 3887/1/2 3889/1/2
f 3890/5/2 3891/5/2 3892/5/2
f 3892/5/2 3891/5/2 3893/5/2
f 3894/5/2 3895/5/2 3896/5/2
f 3896/5/2 3895/5/2 3897/5/2
f 3898/6/2 3899/6/2 3900/6/2
f 3900/6/2 3899/6/2 3901/6/2
f 3903/2/2 3904/2/2 3905/2/2
f 3905/2/2 3904/2/2 3906/2/2
f 3902/5/2 3903/5/2 3907/5/2
f 3903/2/2 3905/2/2 3907/2/2
f 3907/2/2 3905/2/2 3908/2/2
f 3902/5/2 3907/5/2 3909/5/2
f 3907/5/2 3908/5/2 3909/5/2
f 3909/5/2 3908/5/2 3910/5/2
f 3910/5/2 3908/5/2 3911/5/2
f 3911/5/2 3908/5/2 3912/5/2
f 3909/2/2 3910/2/2 3913/2/2
f 3913/2/2 3910/2/2 3914/2/2
f 3914/2/2 3910/2/2 3915/2/2
f 3913/5/2 3914/5/2 3916/5/2
f 3916/5/2 3914/5/2 3917/5/2
f 3916/2/2 3917/2/2 3918/2/2
f 3918/2/2 3917/2/2 3919/2/2
f 3920/4/2 3921/4/2 3922/4/2
f 3922/4/2 3921/4/2 3923/4/2
f 3924/6/2 3925/6/2 3928/6/2
f 3928/6/2 3925/6/2 3929/6/2
f 3926/6/2 3927/6/2 3930/6/2
f 3930/6/2 3927/6/2 3931/6/2
f 3930/1/2 3931/1/2 3932/1/2
f 3932/1/2 3931/1/2 3933/1/2
f 3934/6/2 3935/6/2 3936/6/2
f 3934/6/2 3936/6/2 3937/6/2
f 3937/6/2 3936/6/2 3938/6/2
f 3939/5/2 3940/5/2 3941/5/2
f 3941/5/2 3940/5/2 3942/5/2
f 3943/2/2 3944/2/2 3945/2/2
f 3945/2/2 3944/2/2 3946/2/2
f 3947/6/2 3948/6/2 3949/6/2
f 3949/6/2 3948/6/2 3950/6/2
f 3949/1/2 3950/1/2 3951/1/2
f 3951/1/2 3950/1/2 3952/1/2
f 3953/6/2 3954/6/2 3955/6/2
f 3955/6/2 3954/6/2 3956/6/2
f 3956/6/2 3954/6/2 3957/6/2
f 3958/5/2 3959/5/2 3960/5/2
f 3960/5/2 3959/5/2 3961/5/2
f 3962/1/2 3963/1/2 3964/1/2
f 3964/1/2 3963/1/2 3965/1/2
f 3966/5/2 3967/5/2 3968/5/2
f 3968/5/2 3967/5/2 3969/5/2
f 3968/2/2 3969/2/2 3972/2/2
f 3972/2/2 3969/2/2 3973/2/2
f 3970/2/2 3971/2/2 3974/2/2
f 3974/2/2 3971/2/2 3975/2/2
f 3974/5/2 3975/5/2 3976/5/2
f 3976/5/2 3975/5/2 3977/5/2
f 3978/6/2 3979/6/2 3980/6/2
f 3980/6/2 3979/6/2 3981/6/2
f 3982/5/2 3983/5/2 3984/5/2
f 3984/5/2 3983/5/2 3985/5/2
f 3982/5/2 3984/5/2 3986/5/2
f 3982/5/2 3986/5/2 3987/5/2
f 3982/5/2 3987/5/2 3988/5/2
f 3988/5/2 3987/5/2 3989/5/2
f 3990/1/2 3991/1/2 3992/1/2
f 3992/1/2 3991/1/2 3993/1/2
f 3993/1/2 3991/1/2 3994/1/2
f 3994/1/2 3991/1/2 3995/1/2
f 3996/2/2 3997/2/2 4003/2/2
f 3999/5/2 4000/5/2 4004/5/2
f 4003/2/2 3997/2/2 4004/2/2
f 3997/5/2 3998/5/2 4004/5/2
f 3998/5/2 3999/5/2 4004/5/2
f 4000/2/2 4001/2/2 4005/2/2
f 4004/5/2 4000/5/2 4005/5/2
f 4005/2/2 4001/2/2 4006/2/2
f 4006/2/2 4001/2/2 4007/2/2
f 4007/2/2 4001/2/2 4008/2/2
f 4008/2/2 4001/2/2 4009/2/2
f 4001/5/2 4002/5/2 4010/5/2
f 4009/2/2 4001/2/2 4010/2/2
f 4010/5/2 4002/5/2 4011/5/2
f 4011/5/2 4002/5/2 4012/5/2
f 4011/2/2 4012/2/2 4013/2/2
f 4013/2/2 4012/2/2 4014/2/2
f 4015/5/2 4016/5/2 4017/5/2
f 4017/5/2 4016/5/2 4018/5/2
f 4019/5/2 4020/5/2 4023/5/2
f 4020/5/2 4021/5/2 4023/5/2
f 4022/5/2 4023/5/2 4024/5/2
f 4023/5/2 4021/5/2 4025/5/2
f 4024/5/2 4023/5/2 4025/5/2
f 4025/5/2 4021/5/2 4026/5/2
f 4027/5/2 4028/5/2 4030/5/2
f 4030/5/2 4028/5/2 4031/5/2
f 4029/2/2 4030/2/2 4032/2/2
f 4030/2/2 4031/2/2 4032/2/2
f 4032/2/2 4031/2/2 4033/2/2
f 4033/2/2 4031/2/2 4034/2/2
f 4034/2/2 4031/2/2 4035/2/2
f 4036/2/2 4037/2/2 4038/2/2
f 4038/2/2 4037/2/2 4039/2/2
f 4040/6/2 4041/6/2 4042/6/2
f 4042/6/2 4041/6/2 4043/6/2
f 4044/5/2 4045/5/2 4046/5/2
f 4046/5/2 4045/5/2 4047/5/2
f 4048/5/2 4049/5/2 4050/5/2
f 4050/5/2 4049/5/2 4051/5/2
f 4052/1/2 4053/1/2 4054/1/2
f 4054/1/2 4053/1/2 4055/1/2
f 4056/5/2 4057/5/2 4058/5/2
f 4058/5/2 4057/5/2 4059/5/2
f 4060/2/2 4061/2/2 4064/2/2
f 4064/2/2 4061/2/2 4065/2/2
f 4062/5/2 4063/5/2 4066/5/2
f 4066/5/2 4063/5/2 4068/5/2
f 4067/5/2 4068/5/2 4071/5/2
f 4068/5/2 4063/5/2 4071/5/2
f 4067/5/2 4071/5/2 4072/5/2
f 4069/5/2 4070/5/2 4074/5/2
f 4074/5/2 4070/5/2 4075/5/2
f 4067/5/2 4072/5/2 4076/5/2
f 4076/5/2 4072/5/2 4077/5/2
f 4073/4/2 4074/4/2 4079/4/2
f 4074/4/2 4075/4/2 4079/4/2
f 4077/5/2 4072/5/2 4080/5/2
f 4080/5/2 4072/5/2 4081/5/2
f 4078/4/2 4079/4/2 4082/4/2
f 4079/4/2 4075/4/2 4083/4/2
f 4082/4/2 4079/4/2 4083/4/2
f 4080/4/2 4081/4/2 4084/4/2
f 4084/4/2 4081/4/2 4085/4/2
f 4086/5/2 4087/5/2 4088/5/2
f 4088/5/2 4087/5/2 4089/5/2
f 4090/5/2 4091/5/2 4094/5/2
f 4094/5/2 4091/5/2 4095/5/2
f 4092/2/2 4093/2/2 4096/2/2
f 4096/2/2 4093/2/2 4097/2/2
f 4090/5/2 4094/5/2 4098/5/2
f 4098/5/2 4094/5/2 4099/5/2
f 4100/5/2 4101/5/2 4102/5/2
f 4102/5/2 4101/5/2 4103/5/2
f 4104/1/2 4105/1/2 4106/1/2
f 4106/1/2 4105/1/2 4107/1/2
f 4110/2/2 4111/2/2 4112/2/2
f 4112/2/2 4111/2/2 4113/2/2
f 4108/5/2 4109/5/2 4114/5/2
f 4114/5/2 4109/5/2 4115/5/2
f 4116/5/2 4117/5/2 4118/5/2
f 4118/5/2 4117/5/2 4119/5/2
f 4122/5/2 4123/5/2 4124/5/2
f 4124/5/2 4123/5/2 4125/5/2
f 4120/5/2 4121/5/2 4127/5/2
f 4122/5/2 4124/5/2 4128/5/2
f 4128/5/2 4124/5/2 4129/5/2
f 4126/5/2 4127/5/2 4130/5/2
f 4127/5/2 4121/5/2 4131/5/2
f 4130/5/2 4127/5/2 4131/5/2
f 4132/5/2 4133/5/2 4134/5/2
f 4134/5/2 4133/5/2 4135/5/2
f 4136/5/2 4137/5/2 4138/5/2
f 4138/5/2 4137/5/2 4139/5/2
f 4140/5/2 4141/5/2 4142/5/2
f 4142/5/2 4141/5/2 4143/5/2
f 4144/5/2 4145/5/2 4147/5/2
f 4146/5/2 4147/5/2 4150/5/2
f 4147/5/2 4145/5/2 4150/5/2
f 4140/5/2 4142/5/2 4151/5/2
f 4148/5/2 4149/5/2 4152/5/2
f 4152/5/2 4149/5/2 4153/5/2
f 4150/5/2 4151/5/2 4154/5/2
f 4151/5/2 4142/5/2 4154/5/2
f 4154/5/2 4142/5/2 4155/5/2
f 4152/2/2 4153/2/2 4157/2/2
f 4157/2/2 4153/2/2 4158/2/2
f 4146/5/2 4150/5/2 4159/5/2
f 4150/5/2 4154/5/2 4159/5/2
f 4159/5/2 4154/5/2 4160/5/2
f 4160/5/2 4154/5/2 4161/5/2
f 4161/5/2 4154/5/2 4162/5/2
f 4155/5/2 4156/5/2 4163/5/2
f 4163/5/2 4156/5/2 4164/5/2
f 4159/3/2 4160/3/2 4165/3/2
f 4160/5/2 4161/5/2 4166/5/2
f 4165/3/2 4160/3/2 4166/3/2
f 4166/5/2 4161/5/2 4167/5/2
f 4167/5/2 4161/5/2 4168/5/2
f 4166/2/2 4167/2/2 4169/2/2
f 4169/2/2 4167/2/2 4170/2/2
f 4167/5/2 4168/5/2 4171/5/2
f 4170/2/2 4167/2/2 4171/2/2
f 4171/5/2 4168/5/2 4172/5/2
f 4172/5/2 4168/5/2 4173/5/2
f 4174/2/2 4175/2/2 4176/2/2
f 4176/2/2 4175/2/2 4177/2/2
f 4178/1/2 4179/1/2 4180/1/2
f 4180/1/2 4179/1/2 4181/1/2
f 4182/5/2 4183/5/2 4184/5/2
f 4184/5/2 4183/5/2 4185/5/2
f 4186/5/2 4187/5/2 4188/5/2
f 4188/5/2 4187/5/2 4189/5/2
f 4190/4/2 4191/4/2 4192/4/2
f 4192/4/2 4191/4/2 4193/4/2
f 4196/2/2 4197/2/2 4198/2/2
f 4198/2/2 4197/2/2 4199/2/2
f 4194/5/2 4195/5/2 4200/5/2
f 4200/5/2 4195/5/2 4201/5/2
f 4202/5/2 4203/5/2 4204/5/2
f 4204/5/2 4203/5/2 4205/5/2
f 4202/5/2 4204/5/2 4206/5/2
f 4202/5/2 4206/5/2 4208/5/2
f 4206/5/2 4207/5/2 4208/5/2
f 4208/5/2 4207/5/2 4209/5/2
f 4212/3/2 4213/3/2 4217/3/2
f 4213/5/2 4214/5/2 4218/5/2
f 4217/3/2 4213/3/2 4218/3/2
f 4218/5/2 4214/5/2 4219/5/2
f 4219/5/2 4214/5/2 4220/5/2
f 4215/5/2 4216/5/2 4223/5/2
f 4223/5/2 4216/5/2 4224/5/2
f 4210/5/2 4211/5/2 4225/5/2
f 4217/5/2 4218/5/2 4226/5/2
f 4218/5/2 4219/5/2 4226/5/2
f 4219/3/2 4220/3/2 4226/3/2
f 4226/3/2 4220/3/2 4227/3/2
f 4221/2/2 4222/2/2 4229/2/2
f 4223/5/2 4224/5/2 4230/5/2
f 4224/5/2 4225/5/2 4230/5/2
f 4225/5/2 4211/5/2 4230/5/2
f 4222/5/2 4223/5/2 4230/5/2
f 4230/5/2 4211/5/2 4231/5/2
f 4226/5/2 4227/5/2 4232/5/2
f 4217/5/2 4226/5/2 4232/5/2
f 4232/5/2 4227/5/2 4233/5/2
f 4228/2/2 4229/2/2 4234/2/2
f 4229/2/2 4222/2/2 4235/2/2
f 4234/2/2 4229/2/2 4235/2/2
f 4222/5/2 4230/5/2 4235/5/2
f 4235/5/2 4230/5/2 4236/5/2
f 4234/5/2 4235/5/2 4236/5/2
f 4236/5/2 4230/5/2 4237/5/2
f 4234/5/2 4236/5/2 4238/5/2
f 4238/5/2 4236/5/2 4239/5/2
f 4237/5/2 4230/5/2 4240/5/2
f 4240/5/2 4230/5/2 4241/5/2
f 4242/1/2 4243/1/2 4245/1/2
f 4245/1/2 4243/1/2 4246/1/2
f 4244/5/2 4245/5/2 4249/5/2
f 4245/5/2 4246/5/2 4249/5/2
f 4246/5/2 4247/5/2 4249/5/2
f 4247/2/2 4248/2/2 4250/2/2
f 4249/5/2 4247/5/2 4250/5/2
f 4250/2/2 4248/2/2 4251/2/2
f 4251/2/2 4248/2/2 4252/2/2
f 4252/2/2 4248/2/2 4253/2/2
f 4252/5/2 4253/5/2 4255/5/2
f 4254/5/2 4255/5/2 4256/5/2
f 4255/5/2 4253/5/2 4257/5/2
f 4256/5/2 4255/5/2 4257/5/2
f 4257/5/2 4253/5/2 4258/5/2
f 4258/5/2 4253/5/2 4259/5/2
f 4259/5/2 4253/5/2 4260/5/2
f 4260/5/2 4253/5/2 4261/5/2
f 4262/5/2 4263/5/2 4264/5/2
f 4264/5/2 4263/5/2 4265/5/2
f 4266/5/2 4267/5/2 4268/5/2
f 4268/5/2 4267/5/2 4269/5/2
f 4270/5/2 4271/5/2 4273/5/2
f 4271/2/2 4272/2/2 4274/2/2
f 4273/5/2 4271/5/2 4274/5/2
f 4274/2/2 4272/2/2 4275/2/2
f 4273/2/2 4274/2/2 4278/2/2
f 4274/5/2 4275/5/2 4279/5/2
f 4278/2/2 4274/2/2 4279/2/2
f 4279/5/2 4275/5/2 4280/5/2
f 4276/5/2 4277/5/2 4281/5/2
f 4281/5/2 4277/5/2 4282/5/2
f 4283/5/2 4284/5/2 4285/5/2
f 4285/5/2 4284/5/2 4286/5/2
f 4287/5/2 4288/5/2 4290/5/2
f 4288/2/2 4289/2/2 4291/2/2
f 4290/5/2 4288/5/2 4291/5/2
f 4291/2/2 4289/2/2 4292/2/2
f 4287/5/2 4290/5/2 4295/5/2
f 4290/2/2 4291/2/2 4296/2/2
f 4295/5/2 4290/5/2 4296/5/2
f 4291/5/2 4292/5/2 4297/5/2
f 4296/2/2 4291/2/2 4297/2/2
f 4297/5/2 4292/5/2 4298/5/2
f 4298/5/2 4292/5/2 4299/5/2
f 4293/5/2 4294/5/2 4300/5/2
f 4300/5/2 4294/5/2 4301/5/2
f 4300/2/2 4301/2/2 4302/2/2
f 4301/5/2 4294/5/2 4303/5/2
f 4302/2/2 4301/2/2 4303/2/2
f 4303/5/2 4294/5/2 4304/5/2
f 4300/2/2 4302/2/2 4307/2/2
f 4307/2/2 4302/2/2 4308/2/2
f 4305/5/2 4306/5/2 4309/5/2
f 4309/5/2 4306/5/2 4310/5/2
f 4307/5/2 4308/5/2 4313/5/2
f 4313/5/2 4308/5/2 4314/5/2
f 4311/2/2 4312/2/2 4315/2/2
f 4315/2/2 4312/2/2 4316/2/2
f 4317/5/2 4318/5/2 4319/5/2
f 4319/5/2 4318/5/2 4320/5/2
f 4321/5/2 4322/5/2 4323/5/2
f 4323/5/2 4322/5/2 4324/5/2
f 4321/5/2 4323/5/2 4325/5/2
f 4321/5/2 4325/5/2 4327/5/2
f 4325/5/2 4326/5/2 4327/5/2
f 4327/5/2 4326/5/2 4328/5/2
f 4329/5/2 4330/5/2 4331/5/2
f 4331/5/2 4330/5/2 4332/5/2
f 4332/5/2 4330/5/2 4334/5/2
f 4334/5/2 4330/5/2 4335/5/2
f 4335/5/2 4330/5/2 4336/5/2
f 4333/5/2 4334/5/2 4339/5/2
f 4334/5/2 4335/5/2 4339/5/2
f 4337/4/2 4338/4/2 4340/4/2
f 4338/5/2 4339/5/2 4341/5/2
f 4340/4/2 4338/4/2 4341/4/2
f 4341/5/2 4339/5/2 4342/5/2
f 4339/5/2 4335/5/2 4343/5/2
f 4342/5/2 4339/5/2 4343/5/2
f 4344/5/2 4345/5/2 4346/5/2
f 4344/5/2 4346/5/2 4347/5/2
f 4347/5/2 4346/5/2 4348/5/2
f 4351/5/2 4352/5/2 4353/5/2
f 4353/5/2 4352/5/2 4354/5/2
f 4349/5/2 4350/5/2 4355/5/2
f 4355/5/2 4350/5/2 4356/5/2
f 4357/2/2 4358/2/2 4360/2/2
f 4358/5/2 4359/5/2 4361/5/2
f 4360/2/2 4358/2/2 4361/2/2
f 4357/2/2 4360/2/2 4362/2/2
f 4362/2/2 4360/2/2 4363/2/2
f 4360/5/2 4361/5/2 4364/5/2
f 4363/2/2 4360/2/2 4364/2/2
f 4361/5/2 4359/5/2 4365/5/2
f 4364/5/2 4361/5/2 4365/5/2
f 4362/5/2 4363/5/2 4366/5/2
f 4366/5/2 4363/5/2 4367/5/2
f 4365/5/2 4359/5/2 4368/5/2
f 4368/5/2 4359/5/2 4369/5/2
f 4370/5/2 4371/5/2 4372/5/2
f 4372/5/2 4371/5/2 4373/5/2
f 4374/5/2 4375/5/2 4376/5/2
f 4376/5/2 4375/5/2 4377/5/2
f 4380/5/3 4379/5/3 4378/5/3
f 4381/5/3 4379/5/3 4380/5/3
f 4384/5/3 4383/5/3 4382/5/3
f 4385/5/3 4383/5/3 4384/5/3
f 4387/5/3 4386/5/3 4385/5/3
f 4388/5/3 4386/5/3 4387/5/3
f 4391/5/3 4390/5/3 4389/5/3
f 4392/5/3 4390/5/3 4391/5/3
f 4397/4/3 4394/4/3 4393/4/3
f 4398/5/3 4395/5/3 4394/5/3
f 4398/4/3 4394/4/3 4397/4/3
f 4399/5/3 4395/5/3 4398/5/3
f 4400/5/3 4397/5/3 4396/5/3
f 4401/5/3 4397/5/3 4400/5/3
f 4402/5/3 4397/5/3 4401/5/3
f 4405/5/3 4404/5/3 4403/5/3
f 4407/5/3 4405/5/3 4403/5/3
f 4408/4/3 4406/4/3 4405/4/3
f 4408/5/3 4405/5/3 4407/5/3
f 4409/4/3 4406/4/3 4408/4/3
f 4413/5/3 4411/5/3 4410/5/3
f 4415/5/3 4413/5/3 4412/5/3
f 4416/5/3 4411/5/3 4413/5/3
f 4416/5/3 4413/5/3 4415/5/3
f 4417/5/3 4411/5/3 4416/5/3
f 4418/5/3 4415/5/3 4414/5/3
f 4418/5/3 4416/5/3 4415/5/3
f 4419/5/3 4416/5/3 4418/5/3
f 4420/2/3 4419/2/3 4418/2/3
f 4421/2/3 4419/2/3 4420/2/3
f 4422/2/3 4420/2/3 4418/2/3
f 4423/2/3 4420/2/3 4422/2/3
f 4426/5/3 4425/5/3 4424/5/3
f 4428/5/3 4426/5/3 4424/5/3
f 4428/5/3 4427/5/3 4426/5/3
f 4429/5/3 4427/5/3 4428/5/3
f 4430/5/3 4427/5/3 4429/5/3
f 4431/5/3 4427/5/3 4430/5/3
f 4432/5/3 4427/5/3 4431/5/3
f 4433/5/3 4427/5/3 4432/5/3
f 4436/5/3 4435/5/3 4434/5/3
f 4438/5/3 4436/5/3 4434/5/3
f 4438/5/3 4437/5/3 4436/5/3
f 4440/5/3 4437/5/3 4438/5/3
f 4442/2/3 4440/2/3 4439/2/3
f 4443/2/3 4442/2/3 4441/2/3
f 4444/2/3 4442/2/3 4443/2/3
f 4445/2/3 4440/2/3 4442/2/3
f 4445/2/3 4442/2/3 4444/2/3
f 4446/5/3 4437/5/3 4440/5/3
f 4446/2/3 4440/2/3 4445/2/3
f 4447/4/3 4445/4/3 4444/4/3
f 4448/5/3 4446/5/3 4445/5/3
f 4448/4/3 4445/4/3 4447/4/3
f 4449/5/3 4437/5/3 4446/5/3
f 4449/5/3 4446/5/3 4448/5/3
f 4452/5/3 4451/5/3 4450/5/3
f 4453/5/3 4451/5/3 4452/5/3
f 4455/5/3 4454/5/3 4453/5/3
f 4456/5/3 4454/5/3 4455/5/3
f 4459/5/3 4458/5/3 4457/5/3
f 4461/5/3 4459/5/3 4457/5/3
f 4461/5/3 4460/5/3 4459/5/3
f 4462/5/3 4460/5/3 4461/5/3
f 4463/5/3 4460/5/3 4462/5/3
f 4465/5/3 4464/5/3 4463/5/3
f 4465/5/3 4463/5/3 4462/5/3
f 4466/5/3 4464/5/3 4465/5/3
f 4467/5/3 4465/5/3 4462/5/3
f 4467/4/3 4466/4/3 4465/4/3
f 4468/5/3 4464/5/3 4466/5/3
f 4468/4/3 4466/4/3 4467/4/3
f 4469/5/3 4464/5/3 4468/5/3
f 4470/5/3 4467/5/3 4462/5/3
f 4470/5/3 4468/5/3 4467/5/3
f 4471/5/3 4468/5/3 4470/5/3
f 4476/5/3 4473/5/3 4472/5/3
f 4477/5/3 4473/5/3 4476/5/3
f 4478/5/3 4475/5/3 4474/5/3
f 4479/5/3 4475/5/3 4478/5/3
f 4480/5/3 4475/5/3 4479/5/3
f 4481/5/3 4475/5/3 4480/5/3
f 4486/2/3 4485/2/3 4484/2/3
f 4487/2/3 4485/2/3 4486/2/3
f 4489/4/3 4487/4/3 4486/4/3
f 4489/4/3 4488/4/3 4487/4/3
f 4490/4/3 4488/4/3 4489/4/3
f 4491/4/3 4488/4/3 4490/4/3
f 4493/5/3 4483/5/3 4482/5/3
f 4494/5/3 4483/5/3 4493/5/3
f 4495/5/3 4483/5/3 4494/5/3
f 4496/4/3 4492/4/3 4491/4/3
f 4496/4/3 4491/4/3 4490/4/3
f 4497/5/3 4494/5/3 4493/5/3
f 4497/4/3 4492/4/3 4496/4/3
f 4497/5/3 4493/5/3 4492/5/3
f 4498/5/3 4497/5/3 4496/5/3
f 4499/5/3 4494/5/3 4497/5/3
f 4499/5/3 4497/5/3 4498/5/3
f 4500/5/3 4494/5/3 4499/5/3
f 4501/5/3 4494/5/3 4500/5/3
f 4502/5/3 4500/5/3 4499/5/3
f 4503/5/3 4500/5/3 4502/5/3
f 4507/5/3 4505/5/3 4504/5/3
f 4508/5/3 4507/5/3 4506/5/3
f 4509/5/3 4505/5/3 4507/5/3
f 4509/5/3 4507/5/3 4508/5/3
f 4510/5/3 4505/5/3 4509/5/3
f 4511/5/3 4505/5/3 4510/5/3
f 4516/5/3 4513/5/3 4512/5/3
f 4517/5/3 4513/5/3 4516/5/3
f 4518/5/3 4515/5/3 4514/5/3
f 4519/5/3 4515/5/3 4518/5/3
f 4522/5/3 4521/5/3 4520/5/3
f 4524/5/3 4522/5/3 4520/5/3
f 4524/5/3 4523/5/3 4522/5/3
f 4525/5/3 4523/5/3 4524/5/3
f 4531/5/3 4529/5/3 4528/5/3
f 4531/5/3 4530/5/3 4529/5/3
f 4532/5/3 4530/5/3 4531/5/3
f 4533/5/3 4527/5/3 4526/5/3
f 4534/5/3 4533/5/3 4526/5/3
f 4535/5/3 4533/5/3 4534/5/3
f 4536/5/3 4534/5/3 4526/5/3
f 4537/6/3 4535/6/3 4534/6/3
f 4537/5/3 4534/5/3 4536/5/3
f 4538/6/3 4535/6/3 4537/6/3
f 4539/5/3 4530/5/3 4532/5/3
f 4540/5/3 4530/5/3 4539/5/3
f 4541/5/3 4538/5/3 4537/5/3
f 4542/5/3 4541/5/3 4537/5/3
f 4546/5/3 4542/5/3 4537/5/3
f 4547/4/3 4543/4/3 4542/4/3
f 4547/5/3 4542/5/3 4546/5/3
f 4548/4/3 4543/4/3 4547/4/3
f 4549/5/3 4545/5/3 4544/5/3
f 4550/5/3 4545/5/3 4549/5/3
f 4551/5/3 4548/5/3 4547/5/3
f 4552/5/3 4548/5/3 4551/5/3
f 4555/5/3 4554/5/3 4553/5/3
f 4556/5/3 4554/5/3 4555/5/3
f 4561/5/3 4558/5/3 4557/5/3
f 4562/5/3 4558/5/3 4561/5/3
f 4563/5/3 4560/5/3 4559/5/3
f 4564/5/3 4560/5/3 4563/5/3
f 4567/5/3 4566/5/3 4565/5/3
f 4568/5/3 4566/5/3 4567/5/3
f 4572/5/3 4570/5/3 4569/5/3
f 4573/5/3 4570/5/3 4572/5/3
f 4573/5/3 4572/5/3 4571/5/3
f 4574/5/3 4570/5/3 4573/5/3
f 4576/5/3 4573/5/3 4571/5/3
f 4577/5/3 4573/5/3 4576/5/3
f 4578/5/3 4576/5/3 4575/5/3
f 4579/5/3 4576/5/3 4578/5/3
f 4582/6/3 4581/6/3 4580/6/3
f 4583/6/3 4581/6/3 4582/6/3
f 4589/5/3 4585/5/3 4584/5/3
f 4590/5/3 4585/5/3 4589/5/3
f 4591/5/3 4588/5/3 4587/5/3
f 4591/1/3 4587/1/3 4586/1/3
f 4592/5/3 4588/5/3 4591/5/3
f 4593/1/3 4591/1/3 4586/1/3
f 4594/1/3 4591/1/3 4593/1/3
f 4597/5/3 4596/5/3 4595/5/3
f 4598/5/3 4596/5/3 4597/5/3
f 4601/5/3 4599/5/3 4598/5/3
f 4602/5/3 4599/5/3 4601/5/3
f 4604/5/3 4601/5/3 4600/5/3
f 4604/5/3 4603/5/3 4602/5/3
f 4604/5/3 4602/5/3 4601/5/3
f 4605/5/3 4603/5/3 4604/5/3
f 4610/5/3 4607/5/3 4606/5/3
f 4611/5/3 4607/5/3 4610/5/3
f 4612/5/3 4609/5/3 4608/5/3
f 4613/5/3 4609/5/3 4612/5/3
f 4617/5/3 4604/5/3 4600/5/3
f 4618/5/3 4604/5/3 4617/5/3
f 4619/5/3 4615/5/3 4614/5/3
f 4620/2/3 4616/2/3 4615/2/3
f 4620/5/3 4615/5/3 4619/5/3
f 4621/2/3 4616/2/3 4620/2/3
f 4624/5/3 4623/5/3 4622/5/3
f 4625/5/3 4623/5/3 4624/5/3
f 4628/5/3 4627/5/3 4626/5/3
f 4629/5/3 4627/5/3 4628/5/3
f 4633/6/3 4631/6/3 4630/6/3
f 4634/6/3 4631/6/3 4633/6/3
f 4636/6/3 4633/6/3 4632/6/3
f 4636/6/3 4635/6/3 4634/6/3
f 4636/6/3 4634/6/3 4633/6/3
f 4637/6/3 4635/6/3 4636/6/3
f 4638/6/3 4636/6/3 4632/6/3
f 4639/6/3 4636/6/3 4638/6/3
f 4642/6/3 4641/6/3 4640/6/3
f 4644/6/3 4642/6/3 4640/6/3
f 4645/6/3 4642/6/3 4644/6/3
f 4646/1/3 4643/1/3 4642/1/3
f 4646/6/3 4642/6/3 4645/6/3
f 4647/1/3 4643/1/3 4646/1/3
f 4648/6/3 4646/6/3 4645/6/3
f 4649/6/3 4646/6/3 4648/6/3
f 4652/5/3 4651/5/3 4650/5/3
f 4653/5/3 4651/5/3 4652/5/3
f 4658/5/3 4655/5/3 4654/5/3
f 4659/5/3 4655/5/3 4658/5/3
f 4660/5/3 4657/5/3 4656/5/3
f 4661/5/3 4657/5/3 4660/5/3
f 4664/5/3 4663/5/3 4662/5/3
f 4666/5/3 4664/5/3 4662/5/3
f 4667/2/3 4665/2/3 4664/2/3
f 4667/5/3 4664/5/3 4666/5/3
f 4668/2/3 4665/2/3 4667/2/3
f 4671/4/3 4670/4/3 4669/4/3
f 4672/4/3 4670/4/3 4671/4/3
f 4677/4/3 4674/4/3 4673/4/3
f 4678/4/3 4674/4/3 4677/4/3
f 4679/6/3 4676/6/3 4675/6/3
f 4680/6/3 4676/6/3 4679/6/3
f 4683/5/3 4678/5/3 4677/5/3
f 4684/5/3 4678/5/3 4683/5/3
f 4685/6/3 4682/6/3 4681/6/3
f 4686/6/3 4682/6/3 4685/6/3
f 4689/6/3 4685/6/3 4681/6/3
f 4690/6/3 4685/6/3 4689/6/3
f 4691/5/3 4688/5/3 4687/5/3
f 4692/5/3 4688/5/3 4691/5/3
f 4695/5/3 4694/5/3 4693/5/3
f 4696/5/3 4694/5/3 4695/5/3
f 4699/5/3 4694/5/3 4696/5/3
f 4700/5/3 4694/5/3 4699/5/3
f 4701/5/3 4698/5/3 4697/5/3
f 4702/5/3 4698/5/3 4701/5/3
f 4706/5/3 4704/5/3 4703/5/3
f 4706/5/3 4705/5/3 4704/5/3
f 4707/5/3 4705/5/3 4706/5/3
f 4708/5/3 4705/5/3 4707/5/3
f 4711/5/3 4710/5/3 4709/5/3
f 4712/5/3 4710/5/3 4711/5/3
f 4715/4/3 4714/4/3 4713/4/3
f 4716/4/3 4714/4/3 4715/4/3
f 4719/8/3 4718/8/3 4717/8/3
f 4720/8/3 4718/8/3 4719/8/3
f 4723/6/3 4722/6/3 4721/6/3
f 4724/6/3 4722/6/3 4723/6/3
f 4727/5/3 4726/5/3 4725/5/3
f 4728/5/3 4726/5/3 4727/5/3
f 4733/5/3 4732/5/3 4731/5/3
f 4734/5/3 4732/5/3 4733/5/3
f 4735/5/3 4730/5/3 4729/5/3
f 4737/5/3 4735/5/3 4729/5/3
f 4737/5/3 4736/5/3 4735/5/3
f 4738/5/3 4736/5/3 4737/5/3
f 4742/2/3 4740/2/3 4739/2/3
f 4743/2/3 4740/2/3 4742/2/3
f 4744/2/3 4740/2/3 4743/2/3
f 4745/2/3 4742/2/3 4741/2/3
f 4745/2/3 4743/2/3 4742/2/3
f 4746/2/3 4743/2/3 4745/2/3
f 4747/5/3 4744/5/3 4743/5/3
f 4747/2/3 4743/2/3 4746/2/3
f 4748/5/3 4744/5/3 4747/5/3
f 4751/4/3 4750/4/3 4749/4/3
f 4752/4/3 4750/4/3 4751/4/3
f 4756/8/3 4754/8/3 4753/8/3
f 4756/8/3 4755/8/3 4754/8/3
f 4757/8/3 4755/8/3 4756/8/3
f 4760/5/3 4759/5/3 4758/5/3
f 4761/5/3 4759/5/3 4760/5/3
f 4764/5/3 4763/5/3 4762/5/3
f 4765/5/3 4763/5/3 4764/5/3
f 4772/5/3 4767/5/3 4766/5/3
f 4773/5/3 4769/5/3 4768/5/3
f 4774/5/3 4769/5/3 4773/5/3
f 4775/5/3 4769/5/3 4774/5/3
f 4776/5/3 4772/5/3 4766/5/3
f 4776/5/3 4773/5/3 4772/5/3
f 4776/5/3 4774/5/3 4773/5/3
f 4777/5/3 4774/5/3 4776/5/3
f 4778/5/3 4771/5/3 4770/5/3
f 4779/5/3 4771/5/3 4778/5/3
f 4782/4/3 4781/4/3 4780/4/3
f 4783/4/3 4781/4/3 4782/4/3
f 4786/6/3 4785/6/3 4784/6/3
f 4787/6/3 4785/6/3 4786/6/3
f 4790/6/3 4789/6/3 4788/6/3
f 4791/6/3 4789/6/3 4790/6/3
f 4792/8/3 4791/8/3 4790/8/3
f 4793/8/3 4791/8/3 4792/8/3
f 4794/8/3 4792/8/3 4790/8/3
f 4795/8/3 4792/8/3 4794/8/3
f 4798/5/3 4797/5/3 4796/5/3
f 4799/5/3 4797/5/3 4798/5/3
f 4804/5/3 4801/5/3 4800/5/3
f 4805/5/3 4801/5/3 4804/5/3
f 4806/5/3 4803/5/3 4802/5/3
f 4807/5/3 4803/5/3 4806/5/3
f 4811/5/3 4808/5/3 4807/5/3
f 4812/5/3 4808/5/3 4811/5/3
f 4813/6/3 4810/6/3 4809/6/3
f 4814/6/3 4810/6/3 4813/6/3
f 4818/5/3 4816/5/3 4815/5/3
f 4819/5/3 4816/5/3 4818/5/3
f 4820/5/3 4816/5/3 4819/5/3
f 4821/5/3 4818/5/3 4817/5/3
f 4821/5/3 4819/5/3 4818/5/3
f 4822/5/3 4819/5/3 4821/5/3
f 4823/5/3 4821/5/3 4817/5/3
f 4824/5/3 4821/5/3 4823/5/3
f 4832/5/3 4826/5/3 4825/5/3
f 4833/4/3 4827/4/3 4826/4/3
f 4833/5/3 4826/5/3 4832/5/3
f 4834/4/3 4827/4/3 4833/4/3
f 4836/5/3 4831/5/3 4830/5/3
f 4836/5/3 4832/5/3 4831/5/3
f 4836/5/3 4829/5/3 4828/5/3
f 4836/5/3 4830/5/3 4829/5/3
f 4837/5/3 4832/5/3 4836/5/3
f 4838/4/3 4835/4/3 4834/4/3
f 4839/4/3 4835/4/3 4838/4/3
f 4842/6/3 4841/6/3 4840/6/3
f 4843/6/3 4841/6/3 4842/6/3
f 4846/5/3 4845/5/3 4844/5/3
f 4847/5/3 4845/5/3 4846/5/3
f 4850/1/3 4849/1/3 4848/1/3
f 4851/1/3 4849/1/3 4850/1/3
f 4856/6/3 4853/6/3 4852/6/3
f 4857/6/3 4853/6/3 4856/6/3
f 4858/5/3 4855/5/3 4854/5/3
f 4859/5/3 4855/5/3 4858/5/3
f 4862/5/3 4861/5/3 4860/5/3
f 4863/5/3 4861/5/3 4862/5/3
f 4865/2/3 4863/2/3 4862/2/3
f 4867/2/3 4865/2/3 4864/2/3
f 4868/2/3 4867/2/3 4866/2/3
f 4869/2/3 4865/2/3 4867/2/3
f 4869/2/3 4867/2/3 4868/2/3
f 4870/2/3 4863/2/3 4865/2/3
f 4870/2/3 4865/2/3 4869/2/3
f 4871/3/3 4869/3/3 4868/3/3
f 4872/5/3 4870/5/3 4869/5/3
f 4872/3/3 4869/3/3 4871/3/3
f 4873/5/3 4870/5/3 4872/5/3
f 4876/4/3 4875/4/3 4874/4/3
f 4877/4/3 4875/4/3 4876/4/3
f 4878/4/3 4875/4/3 4877/4/3
f 4881/6/3 4880/6/3 4879/6/3
f 4882/6/3 4880/6/3 4881/6/3
f 4885/6/3 4884/6/3 4883/6/3
f 4886/6/3 4884/6/3 4885/6/3
f 4891/1/3 4888/1/3 4887/1/3
f 4892/1/3 4888/1/3 4891/1/3
f 4893/5/3 4890/5/3 4889/5/3
f 4894/5/3 4890/5/3 4893/5/3
f 4900/1/3 4898/1/3 4897/1/3
f 4901/6/3 4896/6/3 4895/6/3
f 4902/6/3 4896/6/3 4901/6/3
f 4903/1/3 4900/1/3 4899/1/3
f 4904/1/3 4898/1/3 4900/1/3
f 4904/1/3 4900/1/3 4903/1/3
f 4907/6/3 4906/6/3 4905/6/3
f 4909/6/3 4907/6/3 4905/6/3
f 4909/6/3 4908/6/3 4907/6/3
f 4910/6/3 4908/6/3 4909/6/3
f 4911/8/3 4910/8/3 4909/8/3
f 4912/8/3 4910/8/3 4911/8/3
f 4915/1/3 4914/1/3 4913/1/3
f 4916/1/3 4914/1/3 4915/1/3
f 4919/6/3 4918/6/3 4917/6/3
f 4920/6/3 4918/6/3 4919/6/3
f 4923/6/3 4918/6/3 4920/6/3
f 4924/6/3 4918/6/3 4923/6/3
f 4925/1/3 4922/1/3 4921/1/3
f 4926/1/3 4922/1/3 4925/1/3
f 4931/5/3 4928/5/3 4927/5/3
f 4932/5/3 4928/5/3 4931/5/3
f 4934/5/3 4930/5/3 4929/5/3
f 4935/5/3 4930/5/3 4934/5/3
f 4937/5/3 4934/5/3 4933/5/3
f 4937/5/3 4936/5/3 4935/5/3
f 4937/5/3 4935/5/3 4934/5/3
f 4938/5/3 4936/5/3 4937/5/3
f 4939/5/3 4936/5/3 4938/5/3
f 4940/5/3 4936/5/3 4939/5/3
f 4941/5/3 4939/5/3 4938/5/3
f 4942/3/3 4940/3/3 4939/3/3
f 4942/5/3 4939/5/3 4941/5/3
f 4943/3/3 4940/3/3 4942/3/3
f 4947/5/3 4945/5/3 4944/5/3
f 4948/5/3 4947/5/3 4946/5/3
f 4949/5/3 4945/5/3 4947/5/3
f 4949/5/3 4947/5/3 4948/5/3
f 4950/5/3 4945/5/3 4949/5/3
f 4951/5/3 4945/5/3 4950/5/3
f 4956/4/3 4949/4/3 4948/4/3
f 4957/4/3 4949/4/3 4956/4/3
f 4958/5/3 4953/5/3 4952/5/3
f 4959/2/3 4954/2/3 4953/2/3
f 4959/5/3 4953/5/3 4958/5/3
f 4960/5/3 4955/5/3 4954/5/3
f 4960/2/3 4954/2/3 4959/2/3
f 4961/5/3 4955/5/3 4960/5/3
f 4962/4/3 4949/4/3 4957/4/3
f 4963/4/3 4949/4/3 4962/4/3
f 4964/4/3 4951/4/3 4950/4/3
f 4965/4/3 4951/4/3 4964/4/3
f 4971/4/3 4967/4/3 4966/4/3
f 4972/4/3 4967/4/3 4971/4/3
f 4973/6/3 4970/6/3 4969/6/3
f 4973/6/3 4969/6/3 4968/6/3
f 4974/6/3 4970/6/3 4973/6/3
f 4975/5/3 4972/5/3 4971/5/3
f 4976/5/3 4972/5/3 4975/5/3
f 4977/6/3 4973/6/3 4968/6/3
f 4978/6/3 4973/6/3 4977/6/3
f 4981/1/3 4980/1/3 4979/1/3
f 4982/1/3 4980/1/3 4981/1/3
f 4985/6/3 4984/6/3 4983/6/3
f 4986/6/3 4984/6/3 4985/6/3
f 4990/6/3 4988/6/3 4987/6/3
f 4991/6/3 4990/6/3 4989/6/3
f 4992/6/3 4988/6/3 4990/6/3
f 4992/6/3 4990/6/3 4991/6/3
f 4995/5/3 4994/5/3 4993/5/3
f 4996/5/3 4994/5/3 4995/5/3
f 4999/5/3 4998/5/3 4997/5/3
f 5000/5/3 4998/5/3 4999/5/3
f 5004/2/3 5002/2/3 5001/2/3
f 5005/2/3 5002/2/3 5004/2/3
f 5006/2/3 5004/2/3 5003/2/3
f 5006/2/3 5005/2/3 5004/2/3
f 5007/2/3 5005/2/3 5006/2/3
f 5008/2/3 5005/2/3 5007/2/3
f 5009/2/3 5005/2/3 5008/2/3
f 5013/4/3 5011/4/3 5010/4/3
f 5016/4/3 5013/4/3 5012/4/3
f 5017/4/3 5011/4/3 5013/4/3
f 5017/4/3 5013/4/3 5016/4/3
f 5020/6/3 5019/6/3 5018/6/3
f 5021/6/3 5019/6/3 5020/6/3
f 5024/6/3 5019/6/3 5021/6/3
f 5025/6/3 5019/6/3 5024/6/3
f 5026/6/3 5023/6/3 5022/6/3
f 5027/6/3 5023/6/3 5026/6/3
f 5030/5/3 5015/5/3 5014/5/3
f 5031/5/3 5015/5/3 5030/5/3
f 5032/5/3 5029/5/3 5028/5/3
f 5033/5/3 5029/5/3 5032/5/3
f 5036/8/3 5035/8/3 5034/8/3
f 5038/8/3 5036/8/3 5034/8/3
f 5038/8/3 5037/8/3 5036/8/3
f 5039/8/3 5037/8/3 5038/8/3
f 5042/1/3 5041/1/3 5040/1/3
f 5043/1/3 5041/1/3 5042/1/3
f 5044/1/3 5042/1/3 5040/1/3
f 5045/1/3 5042/1/3 5044/1/3
f 5048/6/3 5047/6/3 5046/6/3
f 5049/6/3 5047/6/3 5048/6/3
f 5050/1/3 5049/1/3 5048/1/3
f 5051/1/3 5049/1/3 5050/1/3
f 5054/6/3 5053/6/3 5052/6/3
f 5055/6/3 5053/6/3 5054/6/3
f 5056/6/3 5054/6/3 5052/6/3
f 5057/6/3 5054/6/3 5056/6/3
f 5060/5/3 5059/5/3 5058/5/3
f 5061/5/3 5060/5/3 5058/5/3
f 5062/5/3 5060/5/3 5061/5/3
f 5065/5/3 5064/5/3 5063/5/3
f 5066/5/3 5064/5/3 5065/5/3
f 5067/5/3 5064/5/3 5066/5/3
f 5070/5/3 5069/5/3 5068/5/3
f 5071/5/3 5069/5/3 5070/5/3
f 5075/6/3 5073/6/3 5072/6/3
f 5076/6/3 5073/6/3 5075/6/3
f 5076/6/3 5075/6/3 5074/6/3
f 5077/6/3 5073/6/3 5076/6/3
f 5080/6/3 5076/6/3 5074/6/3
f 5081/6/3 5076/6/3 5080/6/3
f 5082/6/3 5076/6/3 5081/6/3
f 5083/6/3 5079/6/3 5078/6/3
f 5084/6/3 5079/6/3 5083/6/3
f 5085/6/3 5081/6/3 5080/6/3
f 5086/6/3 5081/6/3 5085/6/3
f 5089/6/3 5088/6/3 5087/6/3
f 5090/6/3 5088/6/3 5089/6/3
f 5093/8/3 5092/8/3 5091/8/3
f 5094/8/3 5092/8/3 5093/8/3
f 5098/8/3 5096/8/3 5095/8/3
f 5099/1/3 5097/1/3 5096/1/3
f 5099/8/3 5096/8/3 5098/8/3
f 5100/1/3 5097/1/3 5099/1/3
f 5101/1/3 5099/1/3 5098/1/3
f 5102/1/3 5099/1/3 5101/1/3
f 5105/6/3 5104/6/3 5103/6/3
f 5106/6/3 5104/6/3 5105/6/3
f 5107/1/3 5106/1/3 5105/1/3
f 5108/1/3 5106/1/3 5107/1/3
f 5109/6/3 5108/6/3 5107/6/3
f 5110/6/3 5108/6/3 5109/6/3
f 5113/6/3 5112/6/3 5111/6/3
f 5117/6/3 5114/6/3 5113/6/3
f 5117/6/3 5113/6/3 5111/6/3
f 5118/6/3 5114/6/3 5117/6/3
f 5119/6/3 5116/6/3 5115/6/3
f 5120/6/3 5116/6/3 5119/6/3
f 5123/5/3 5122/5/3 5121/5/3
f 5124/5/3 5122/5/3 5123/5/3
f 5127/5/3 5126/5/3 5125/5/3
f 5130/5/3 5128/5/3 5127/5/3
f 5130/5/3 5129/5/3 5128/5/3
f 5131/5/3 5129/5/3 5130/5/3
f 5132/5/3 5127/5/3 5125/5/3
f 5132/5/3 5130/5/3 5127/5/3
f 5133/5/3 5130/5/3 5132/5/3
f 5134/2/3 5133/2/3 5132/2/3
f 5135/5/3 5130/5/3 5133/5/3
f 5135/2/3 5133/2/3 5134/2/3
f 5136/5/3 5130/5/3 5135/5/3
f 5140/6/3 5138/6/3 5137/6/3
f 5141/6/3 5138/6/3 5140/6/3
f 5141/6/3 5140/6/3 5139/6/3
f 5142/6/3 5138/6/3 5141/6/3
f 5144/6/3 5141/6/3 5139/6/3
f 5145/6/3 5144/6/3 5143/6/3
f 5146/6/3 5141/6/3 5144/6/3
f 5146/6/3 5144/6/3 5145/6/3
f 5147/6/3 5141/6/3 5146/6/3
f 5148/6/3 5146/6/3 5145/6/3
f 5149/6/3 5146/6/3 5148/6/3
f 5152/6/3 5151/6/3 5150/6/3
f 5153/6/3 5151/6/3 5152/6/3
f 5154/6/3 5151/6/3 5153/6/3
f 5157/6/3 5156/6/3 5155/6/3
f 5158/6/3 5156/6/3 5157/6/3
f 5161/8/3 5160/8/3 5159/8/3
f 5162/8/3 5160/8/3 5161/8/3
f 5163/8/3 5161/8/3 5159/8/3
f 5164/8/3 5161/8/3 5163/8/3
f 5167/6/3 5166/6/3 5165/6/3
f 5168/6/3 5166/6/3 5167/6/3
f 5169/6/3 5167/6/3 5165/6/3
f 5170/6/3 5167/6/3 5169/6/3
f 5171/6/3 5167/6/3 5170/6/3
f 5172/6/3 5167/6/3 5171/6/3
f 5175/5/3 5174/5/3 5173/5/3
f 5176/5/3 5174/5/3 5175/5/3
f 5180/2/3 5179/2/3 5178/2/3
f 5181/2/3 5179/2/3 5180/2/3
f 5182/5/3 5178/5/3 5177/5/3
f 5183/2/3 5180/2/3 5178/2/3
f 5183/5/3 5178/5/3 5182/5/3
f 5184/2/3 5180/2/3 5183/2/3
f 5190/6/3 5186/6/3 5185/6/3
f 5190/6/3 5187/6/3 5186/6/3
f 5191/8/3 5189/8/3 5188/8/3
f 5191/6/3 5187/6/3 5190/6/3
f 5191/8/3 5188/8/3 5187/8/3
f 5192/8/3 5189/8/3 5191/8/3
f 5193/8/3 5189/8/3 5192/8/3
f 5196/6/3 5195/6/3 5194/6/3
f 5198/6/3 5196/6/3 5194/6/3
f 5198/6/3 5197/6/3 5196/6/3
f 5199/6/3 5197/6/3 5198/6/3
f 5203/6/3 5200/6/3 5199/6/3
f 5204/6/3 5200/6/3 5203/6/3
f 5205/5/3 5202/5/3 5201/5/3
f 5206/5/3 5202/5/3 5205/5/3
f 5209/5/3 5208/5/3 5207/5/3
f 5210/5/3 5208/5/3 5209/5/3
f 5211/5/3 5209/5/3 5207/5/3
f 5213/5/3 5211/5/3 5207/5/3
f 5213/5/3 5212/5/3 5211/5/3
f 5214/5/3 5212/5/3 5213/5/3
f 5218/5/3 5216/5/3 5215/5/3
f 5219/5/3 5218/5/3 5217/5/3
f 5220/5/3 5216/5/3 5218/5/3
f 5220/5/3 5218/5/3 5219/5/3
f 5225/6/3 5222/6/3 5221/6/3
f 5226/6/3 5224/6/3 5223/6/3
f 5227/6/3 5224/6/3 5226/6/3
f 5227/6/3 5226/6/3 5225/6/3
f 5228/6/3 5224/6/3 5227/6/3
f 5229/6/3 5225/6/3 5221/6/3
f 5229/6/3 5227/6/3 5225/6/3
f 5230/6/3 5227/6/3 5229/6/3
f 5231/1/3 5230/1/3 5229/1/3
f 5232/1/3 5230/1/3 5231/1/3
f 5238/1/3 5234/1/3 5233/1/3
f 5239/6/3 5235/6/3 5234/6/3
f 5239/1/3 5234/1/3 5238/1/3
f 5240/1/3 5236/1/3 5235/1/3
f 5240/6/3 5235/6/3 5239/6/3
f 5241/8/3 5237/8/3 5236/8/3
f 5241/1/3 5236/1/3 5240/1/3
f 5242/8/3 5237/8/3 5241/8/3
f 5247/6/3 5244/6/3 5243/6/3
f 5248/6/3 5244/6/3 5247/6/3
f 5249/6/3 5246/6/3 5245/6/3
f 5253/6/3 5246/6/3 5249/6/3
f 5257/6/3 5251/6/3 5250/6/3
f 5258/6/3 5253/6/3 5252/6/3
f 5259/1/3 5256/1/3 5255/1/3
f 5259/6/3 5255/6/3 5254/6/3
f 5260/1/3 5256/1/3 5259/1/3
f 5261/6/3 5259/6/3 5254/6/3
f 5262/6/3 5259/6/3 5261/6/3
f 5263/6/3 5258/6/3 5257/6/3
f 5263/6/3 5257/6/3 5250/6/3
f 5264/6/3 5246/6/3 5253/6/3
f 5264/6/3 5258/6/3 5263/6/3
f 5264/6/3 5253/6/3 5258/6/3
f 5267/6/3 5266/6/3 5265/6/3
f 5268/6/3 5266/6/3 5267/6/3
f 5271/6/3 5270/6/3 5269/6/3
f 5271/6/3 5269/6/3 5268/6/3
f 5272/6/3 5270/6/3 5271/6/3
f 5275/5/3 5274/5/3 5273/5/3
f 5276/5/3 5274/5/3 5275/5/3
f 5279/5/3 5278/5/3 5277/5/3
f 5281/5/3 5279/5/3 5277/5/3
f 5281/5/3 5280/5/3 5279/5/3
f 5282/5/3 5280/5/3 5281/5/3
f 5287/1/3 5284/1/3 5283/1/3
f 5288/6/3 5285/6/3 5284/6/3
f 5288/1/3 5284/1/3 5287/1/3
f 5289/1/3 5286/1/3 5285/1/3
f 5289/6/3 5285/6/3 5288/6/3
f 5290/1/3 5286/1/3 5289/1/3
f 5293/6/3 5292/6/3 5291/6/3
f 5294/6/3 5292/6/3 5293/6/3
f 5297/6/3 5296/6/3 5295/6/3
f 5298/6/3 5296/6/3 5297/6/3
f 5302/6/3 5300/6/3 5299/6/3
f 5303/6/3 5302/6/3 5301/6/3
f 5304/6/3 5300/6/3 5302/6/3
f 5304/6/3 5302/6/3 5303/6/3
f 5308/6/3 5305/6/3 5304/6/3
f 5309/6/3 5305/6/3 5308/6/3
f 5310/5/3 5307/5/3 5306/5/3
f 5311/5/3 5307/5/3 5310/5/3
f 5315/5/3 5313/5/3 5312/5/3
f 5316/5/3 5315/5/3 5314/5/3
f 5317/5/3 5313/5/3 5315/5/3
f 5317/5/3 5315/5/3 5316/5/3
f 5318/5/3 5316/5/3 5314/5/3
f 5319/5/3 5316/5/3 5318/5/3
f 5322/5/3 5321/5/3 5320/5/3
f 5323/5/3 5321/5/3 5322/5/3
f 5326/5/3 5325/5/3 5324/5/3
f 5327/5/3 5325/5/3 5326/5/3
f 5330/5/3 5326/5/3 5324/5/3
f 5331/5/3 5326/5/3 5330/5/3
f 5332/5/3 5329/5/3 5328/5/3
f 5333/5/3 5329/5/3 5332/5/3
f 5336/5/3 5335/5/3 5334/5/3
f 5337/5/3 5335/5/3 5336/5/3
f 5340/6/3 5339/6/3 5338/6/3
f 5341/6/3 5339/6/3 5340/6/3
f 5344/1/3 5341/1/3 5340/1/3
f 5345/1/3 5341/1/3 5344/1/3
f 5346/6/3 5343/6/3 5342/6/3
f 5347/6/3 5343/6/3 5346/6/3
f 5348/1/3 5347/1/3 5346/1/3
f 5349/1/3 5347/1/3 5348/1/3
f 5356/1/3 5353/1/3 5352/1/3
f 5360/1/3 5355/1/3 5354/1/3
f 5361/1/3 5355/1/3 5360/1/3
f 5364/1/3 5351/1/3 5350/1/3
f 5365/6/3 5352/6/3 5351/6/3
f 5365/1/3 5351/1/3 5364/1/3
f 5366/1/3 5356/1/3 5352/1/3
f 5366/6/3 5352/6/3 5365/6/3
f 5366/1/3 5357/1/3 5356/1/3
f 5367/6/3 5358/6/3 5357/6/3
f 5367/1/3 5357/1/3 5366/1/3
f 5368/1/3 5359/1/3 5358/1/3
f 5368/6/3 5358/6/3 5367/6/3
f 5369/1/3 5359/1/3 5368/1/3
f 5370/8/3 5361/8/3 5360/8/3
f 5370/8/3 5362/8/3 5361/8/3
f 5371/8/3 5362/8/3 5370/8/3
f 5372/7/3 5363/7/3 5362/7/3
f 5372/8/3 5362/8/3 5371/8/3
f 5373/7/3 5363/7/3 5372/7/3
f 5374/8/3 5370/8/3 5360/8/3
f 5375/8/3 5370/8/3 5374/8/3
f 5376/8/3 5373/8/3 5372/8/3
f 5376/8/3 5372/8/3 5371/8/3
f 5377/8/3 5373/8/3 5376/8/3
f 5378/8/3 5373/8/3 5377/8/3
f 5379/8/3 5373/8/3 5378/8/3
f 5380/1/3 5375/1/3 5374/1/3
f 5381/1/3 5375/1/3 5380/1/3
f 5382/1/3 5377/1/3 5376/1/3
f 5383/8/3 5378/8/3 5377/8/3
f 5383/1/3 5377/1/3 5382/1/3
f 5384/8/3 5378/8/3 5383/8/3
f 5387/6/3 5381/6/3 5380/6/3
f 5387/6/3 5382/6/3 5381/6/3
f 5388/6/3 5382/6/3 5387/6/3
f 5389/6/3 5386/6/3 5385/6/3
f 5390/6/3 5386/6/3 5389/6/3
f 5391/6/3 5387/6/3 5380/6/3
f 5392/6/3 5387/6/3 5391/6/3
f 5395/6/3 5386/6/3 5390/6/3
f 5396/6/3 5386/6/3 5395/6/3
f 5399/6/3 5394/6/3 5393/6/3
f 5400/6/3 5394/6/3 5399/6/3
f 5401/6/3 5394/6/3 5400/6/3
f 5403/1/3 5402/1/3 5401/1/3
f 5403/1/3 5401/1/3 5400/1/3
f 5404/1/3 5402/1/3 5403/1/3
f 5405/6/3 5398/6/3 5397/6/3
f 5407/6/3 5405/6/3 5397/6/3
f 5407/6/3 5406/6/3 5405/6/3
f 5408/6/3 5406/6/3 5407/6/3
f 5409/6/3 5406/6/3 5408/6/3
f 5410/6/3 5406/6/3 5409/6/3
f 5414/6/3 5409/6/3 5408/6/3
f 5415/6/3 5409/6/3 5414/6/3
f 5416/6/3 5409/6/3 5415/6/3
f 5419/5/3 5412/5/3 5411/5/3
f 5420/2/3 5413/2/3 5412/2/3
f 5420/5/3 5412/5/3 5419/5/3
f 5421/2/3 5413/2/3 5420/2/3
f 5422/6/3 5418/6/3 5417/6/3
f 5423/6/3 5418/6/3 5422/6/3
f 5424/5/3 5419/5/3 5411/5/3
f 5425/2/3 5420/2/3 5419/2/3
f 5425/5/3 5419/5/3 5424/5/3
f 5426/2/3 5420/2/3 5425/2/3
f 5427/5/3 5421/5/3 5420/5/3
f 5427/2/3 5420/2/3 5426/2/3
f 5431/5/3 5427/5/3 5426/5/3
f 5432/5/3 5421/5/3 5427/5/3
f 5432/5/3 5427/5/3 5431/5/3
f 5435/6/3 5430/6/3 5429/6/3
f 5435/6/3 5429/6/3 5428/6/3
f 5436/6/3 5430/6/3 5435/6/3
f 5438/5/3 5434/5/3 5433/5/3
f 5439/5/3 5434/5/3 5438/5/3
f 5441/6/3 5435/6/3 5428/6/3
f 5442/6/3 5435/6/3 5441/6/3
f 5443/5/3 5440/5/3 5439/5/3
f 5443/5/3 5439/5/3 5438/5/3
f 5443/5/3 5438/5/3 5437/5/3
f 5444/5/3 5440/5/3 5443/5/3
f 5449/5/3 5443/5/3 5437/5/3
f 5449/4/3 5444/4/3 5443/4/3
f 5450/5/3 5440/5/3 5444/5/3
f 5450/4/3 5444/4/3 5449/4/3
f 5451/5/3 5446/5/3 5445/5/3
f 5452/2/3 5447/2/3 5446/2/3
f 5452/5/3 5446/5/3 5451/5/3
f 5453/5/3 5448/5/3 5447/5/3
f 5453/2/3 5447/2/3 5452/2/3
f 5454/5/3 5448/5/3 5453/5/3
f 5455/5/3 5448/5/3 5454/5/3
f 5456/5/3 5448/5/3 5455/5/3
f 5457/5/3 5449/5/3 5437/5/3
f 5457/5/3 5450/5/3 5449/5/3
f 5458/5/3 5440/5/3 5450/5/3
f 5458/5/3 5450/5/3 5457/5/3
f 5459/5/3 5457/5/3 5437/5/3
f 5460/5/3 5457/5/3 5459/5/3
f 5463/2/3 5456/2/3 5455/2/3
f 5464/2/3 5456/2/3 5463/2/3
f 5465/5/3 5462/5/3 5461/5/3
f 5466/5/3 5462/5/3 5465/5/3
f 5471/6/3 5468/6/3 5467/6/3
f 5472/6/3 5468/6/3 5471/6/3
f 5473/6/3 5468/6/3 5472/6/3
f 5474/6/3 5470/6/3 5469/6/3
f 5475/6/3 5470/6/3 5474/6/3
f 5478/1/3 5475/1/3 5474/1/3
f 5479/1/3 5475/1/3 5478/1/3
f 5480/1/3 5477/1/3 5476/1/3
f 5481/1/3 5477/1/3 5480/1/3
f 5483/1/3 5482/1/3 5481/1/3
f 5484/1/3 5482/1/3 5483/1/3
f 5490/8/3 5486/8/3 5485/8/3
f 5490/8/3 5487/8/3 5486/8/3
f 5491/8/3 5487/8/3 5490/8/3
f 5492/8/3 5487/8/3 5491/8/3
f 5497/6/3 5489/6/3 5488/6/3
f 5497/6/3 5490/6/3 5489/6/3
f 5497/6/3 5491/6/3 5490/6/3
f 5499/7/3 5494/7/3 5493/7/3
f 5499/6/3 5493/6/3 5492/6/3
f 5500/7/3 5494/7/3 5499/7/3
f 5501/1/3 5495/1/3 5494/1/3
f 5501/7/3 5494/7/3 5500/7/3
f 5502/6/3 5496/6/3 5495/6/3
f 5504/6/3 5498/6/3 5497/6/3
f 5504/6/3 5497/6/3 5488/6/3
f 5505/6/3 5498/6/3 5504/6/3
f 5506/6/3 5498/6/3 5505/6/3
f 5507/6/3 5500/6/3 5499/6/3
f 5507/6/3 5499/6/3 5492/6/3
f 5508/6/3 5503/6/3 5502/6/3
f 5509/6/3 5506/6/3 5505/6/3
f 5509/6/3 5507/6/3 5506/6/3
f 5510/6/3 5500/6/3 5507/6/3
f 5510/6/3 5507/6/3 5509/6/3
f 5511/1/3 5501/1/3 5500/1/3
f 5511/6/3 5500/6/3 5510/6/3
f 5512/1/3 5501/1/3 5511/1/3
f 5513/1/3 5495/1/3 5501/1/3
f 5513/1/3 5501/1/3 5512/1/3
f 5513/6/3 5508/6/3 5502/6/3
f 5513/6/3 5502/6/3 5495/6/3
f 5514/6/3 5508/6/3 5513/6/3
f 5522/3/3 5517/3/3 5516/3/3
f 5522/5/3 5516/5/3 5515/5/3
f 5523/5/3 5518/5/3 5517/5/3
f 5523/3/3 5517/3/3 5522/3/3
f 5524/5/3 5518/5/3 5523/5/3
f 5531/5/3 5522/5/3 5515/5/3
f 5531/2/3 5523/2/3 5522/2/3
f 5531/2/3 5524/2/3 5523/2/3
f 5532/2/3 5524/2/3 5531/2/3
f 5533/5/3 5518/5/3 5524/5/3
f 5533/2/3 5524/2/3 5532/2/3
f 5534/5/3 5518/5/3 5533/5/3
f 5535/2/3 5519/2/3 5518/2/3
f 5535/5/3 5518/5/3 5534/5/3
f 5536/2/3 5519/2/3 5535/2/3
f 5537/6/3 5526/6/3 5525/6/3
f 5538/6/3 5526/6/3 5537/6/3
f 5539/6/3 5529/6/3 5528/6/3
f 5539/6/3 5528/6/3 5527/6/3
f 5540/1/3 5530/1/3 5529/1/3
f 5540/6/3 5529/6/3 5539/6/3
f 5541/1/3 5530/1/3 5540/1/3
f 5542/1/3 5514/1/3 5513/1/3
f 5542/1/3 5513/1/3 5512/1/3
f 5543/1/3 5514/1/3 5542/1/3
f 5544/6/3 5521/6/3 5520/6/3
f 5545/6/3 5521/6/3 5544/6/3
f 5546/1/3 5514/1/3 5543/1/3
f 5547/6/3 5508/6/3 5514/6/3
f 5547/1/3 5514/1/3 5546/1/3
f 5548/6/3 5508/6/3 5547/6/3
f 5549/5/3 5532/5/3 5531/5/3
f 5549/5/3 5531/5/3 5515/5/3
f 5550/2/3 5534/2/3 5533/2/3
f 5550/5/3 5532/5/3 5549/5/3
f 5550/2/3 5533/2/3 5532/2/3
f 5551/2/3 5534/2/3 5550/2/3
f 5552/5/3 5536/5/3 5535/5/3
f 5552/5/3 5535/5/3 5534/5/3
f 5553/5/3 5536/5/3 5552/5/3
f 5556/2/3 5534/2/3 5551/2/3
f 5557/5/3 5552/5/3 5534/5/3
f 5557/2/3 5534/2/3 5556/2/3
f 5558/5/3 5549/5/3 5515/5/3
f 5559/5/3 5549/5/3 5558/5/3
f 5560/5/3 5552/5/3 5557/5/3
f 5560/5/3 5557/5/3 5556/5/3
f 5561/4/3 5554/4/3 5553/4/3
f 5561/5/3 5552/5/3 5560/5/3
f 5561/4/3 5553/4/3 5552/4/3
f 5562/4/3 5554/4/3 5561/4/3
f 5563/5/3 5555/5/3 5554/5/3
f 5563/4/3 5554/4/3 5562/4/3
f 5566/5/3 5558/5/3 5515/5/3
f 5568/6/3 5565/6/3 5564/6/3
f 5569/6/3 5565/6/3 5568/6/3
f 5570/5/3 5567/5/3 5566/5/3
f 5571/5/3 5567/5/3 5570/5/3
f 5573/5/3 5560/5/3 5556/5/3
f 5574/5/3 5560/5/3 5573/5/3
f 5575/4/3 5562/4/3 5561/4/3
f 5575/5/3 5560/5/3 5574/5/3
f 5575/4/3 5561/4/3 5560/4/3
f 5576/5/3 5563/5/3 5562/5/3
f 5576/4/3 5562/4/3 5575/4/3
f 5577/5/3 5555/5/3 5563/5/3
f 5577/5/3 5563/5/3 5576/5/3
f 5578/5/3 5566/5/3 5515/5/3
f 5578/5/3 5570/5/3 5566/5/3
f 5579/2/3 5572/2/3 5571/2/3
f 5579/5/3 5570/5/3 5578/5/3
f 5579/2/3 5571/2/3 5570/2/3
f 5580/5/3 5573/5/3 5572/5/3
f 5580/2/3 5572/2/3 5579/2/3
f 5581/2/3 5574/2/3 5573/2/3
f 5581/5/3 5573/5/3 5580/5/3
f 5582/5/3 5576/5/3 5575/5/3
f 5582/2/3 5574/2/3 5581/2/3
f 5582/5/3 5575/5/3 5574/5/3
f 5583/5/3 5576/5/3 5582/5/3
f 5584/5/3 5576/5/3 5583/5/3
f 5585/5/3 5555/5/3 5577/5/3
f 5586/5/3 5555/5/3 5585/5/3
f 5589/5/3 5588/5/3 5587/5/3
f 5590/5/3 5588/5/3 5589/5/3
f 5591/5/3 5583/5/3 5582/5/3
f 5592/5/3 5583/5/3 5591/5/3
f 5593/5/3 5589/5/3 5587/5/3
f 5594/4/3 5590/4/3 5589/4/3
f 5594/5/3 5589/5/3 5593/5/3
f 5595/4/3 5590/4/3 5594/4/3
f 5598/5/3 5597/5/3 5596/5/3
f 5599/5/3 5597/5/3 5598/5/3
f 5602/1/3 5601/1/3 5600/1/3
f 5603/1/3 5601/1/3 5602/1/3
f 5607/6/3 5605/6/3 5604/6/3
f 5608/6/3 5605/6/3 5607/6/3
f 5609/1/3 5606/1/3 5605/1/3
f 5609/6/3 5605/6/3 5608/6/3
f 5610/1/3 5606/1/3 5609/1/3
f 5611/6/3 5609/6/3 5608/6/3
f 5611/6/3 5610/6/3 5609/6/3
f 5612/6/3 5610/6/3 5611/6/3
f 5613/6/3 5610/6/3 5612/6/3
f 5614/6/3 5610/6/3 5613/6/3
f 5617/1/3 5612/1/3 5611/1/3
f 5618/1/3 5612/1/3 5617/1/3
f 5619/6/3 5616/6/3 5615/6/3
f 5620/6/3 5619/6/3 5615/6/3
f 5625/6/3 5620/6/3 5615/6/3
f 5626/8/3 5621/8/3 5620/8/3
f 5626/6/3 5620/6/3 5625/6/3
f 5627/6/3 5622/6/3 5621/6/3
f 5627/8/3 5621/8/3 5626/8/3
f 5628/6/3 5622/6/3 5627/6/3
f 5629/6/3 5622/6/3 5628/6/3
f 5632/8/3 5624/8/3 5623/8/3
f 5633/6/3 5629/6/3 5628/6/3
f 5633/6/3 5630/6/3 5629/6/3
f 5634/6/3 5630/6/3 5633/6/3
f 5635/8/3 5632/8/3 5631/8/3
f 5636/8/3 5632/8/3 5635/8/3
f 5637/8/3 5624/8/3 5632/8/3
f 5637/8/3 5632/8/3 5636/8/3
f 5638/8/3 5624/8/3 5637/8/3
f 5639/8/3 5624/8/3 5638/8/3
f 5644/1/3 5634/1/3 5633/1/3
f 5645/1/3 5634/1/3 5644/1/3
f 5646/7/3 5640/7/3 5639/7/3
f 5647/7/3 5640/7/3 5646/7/3
f 5648/1/3 5641/1/3 5640/1/3
f 5648/7/3 5640/7/3 5647/7/3
f 5649/7/3 5642/7/3 5641/7/3
f 5649/1/3 5641/1/3 5648/1/3
f 5650/8/3 5643/8/3 5642/8/3
f 5650/7/3 5642/7/3 5649/7/3
f 5651/1/3 5649/1/3 5648/1/3
f 5651/1/3 5648/1/3 5647/1/3
f 5651/1/3 5650/1/3 5649/1/3
f 5652/1/3 5650/1/3 5651/1/3
f 5653/6/3 5645/6/3 5644/6/3
f 5654/6/3 5645/6/3 5653/6/3
f 5662/5/3 5656/5/3 5655/5/3
f 5663/5/3 5656/5/3 5662/5/3
f 5664/4/3 5657/4/3 5656/4/3
f 5664/5/3 5656/5/3 5663/5/3
f 5665/1/3 5650/1/3 5652/1/3
f 5666/1/3 5650/1/3 5665/1/3
f 5667/8/3 5643/8/3 5650/8/3
f 5667/1/3 5650/1/3 5666/1/3
f 5668/8/3 5643/8/3 5667/8/3
f 5669/1/3 5661/1/3 5660/1/3
f 5669/1/3 5660/1/3 5659/1/3
f 5670/1/3 5661/1/3 5669/1/3
f 5671/4/3 5657/4/3 5664/4/3
f 5675/4/3 5657/4/3 5671/4/3
f 5676/5/3 5658/5/3 5657/5/3
f 5676/4/3 5657/4/3 5675/4/3
f 5677/1/3 5674/1/3 5673/1/3
f 5677/1/3 5673/1/3 5672/1/3
f 5678/1/3 5674/1/3 5677/1/3
f 5679/5/3 5676/5/3 5675/5/3
f 5680/5/3 5676/5/3 5679/5/3
f 5681/5/3 5676/5/3 5680/5/3
f 5685/5/3 5676/5/3 5681/5/3
f 5686/5/3 5658/5/3 5676/5/3
f 5686/5/3 5676/5/3 5685/5/3
f 5687/5/3 5658/5/3 5686/5/3
f 5688/5/3 5658/5/3 5687/5/3
f 5693/5/3 5684/5/3 5683/5/3
f 5693/5/3 5683/5/3 5682/5/3
f 5697/5/3 5690/5/3 5689/5/3
f 5698/2/3 5692/2/3 5691/2/3
f 5699/2/3 5692/2/3 5698/2/3
f 5700/4/3 5697/4/3 5696/4/3
f 5700/5/3 5696/5/3 5695/5/3
f 5701/5/3 5690/5/3 5697/5/3
f 5701/4/3 5697/4/3 5700/4/3
f 5702/5/3 5694/5/3 5693/5/3
f 5703/5/3 5694/5/3 5702/5/3
f 5704/4/3 5695/4/3 5694/4/3
f 5704/5/3 5694/5/3 5703/5/3
f 5705/5/3 5701/5/3 5700/5/3
f 5705/4/3 5695/4/3 5704/4/3
f 5705/5/3 5700/5/3 5695/5/3
f 5706/2/3 5703/2/3 5702/2/3
f 5707/5/3 5705/5/3 5704/5/3
f 5708/5/3 5690/5/3 5701/5/3
f 5708/5/3 5701/5/3 5705/5/3
f 5708/5/3 5705/5/3 5707/5/3
f 5709/5/3 5690/5/3 5708/5/3
f 5712/5/3 5711/5/3 5710/5/3
f 5713/5/3 5711/5/3 5712/5/3
f 5714/5/3 5693/5/3 5682/5/3
f 5714/5/3 5702/5/3 5693/5/3
f 5715/2/3 5706/2/3 5702/2/3
f 5715/5/3 5702/5/3 5714/5/3
f 5716/5/3 5707/5/3 5706/5/3
f 5716/2/3 5706/2/3 5715/2/3
f 5716/5/3 5708/5/3 5707/5/3
f 5717/5/3 5708/5/3 5716/5/3
f 5720/6/3 5719/6/3 5718/6/3
f 5721/6/3 5719/6/3 5720/6/3
f 5724/6/3 5723/6/3 5722/6/3
f 5725/6/3 5723/6/3 5724/6/3
f 5734/6/3 5727/6/3 5726/6/3
f 5736/6/3 5734/6/3 5733/6/3
f 5737/6/3 5727/6/3 5734/6/3
f 5737/6/3 5734/6/3 5736/6/3
f 5741/6/3 5729/6/3 5728/6/3
f 5741/6/3 5730/6/3 5729/6/3
f 5742/6/3 5730/6/3 5741/6/3
f 5743/6/3 5736/6/3 5735/6/3
f 5743/6/3 5737/6/3 5736/6/3
f 5743/6/3 5738/6/3 5737/6/3
f 5744/6/3 5738/6/3 5743/6/3
f 5745/8/3 5740/8/3 5739/8/3
f 5745/6/3 5738/6/3 5744/6/3
f 5745/8/3 5739/8/3 5738/8/3
f 5746/8/3 5740/8/3 5745/8/3
f 5747/5/3 5732/5/3 5731/5/3
f 5748/5/3 5732/5/3 5747/5/3
f 5749/7/3 5744/7/3 5743/7/3
f 5750/1/3 5745/1/3 5744/1/3
f 5750/7/3 5744/7/3 5749/7/3
f 5751/1/3 5745/1/3 5750/1/3
f 5752/8/3 5746/8/3 5745/8/3
f 5752/1/3 5745/1/3 5751/1/3
f 5753/8/3 5746/8/3 5752/8/3
f 5754/8/3 5746/8/3 5753/8/3
f 5757/8/3 5754/8/3 5753/8/3
f 5759/4/3 5748/4/3 5747/4/3
f 5760/4/3 5748/4/3 5759/4/3
f 5761/5/3 5756/5/3 5755/5/3
f 5762/5/3 5756/5/3 5761/5/3
f 5763/8/3 5758/8/3 5757/8/3
f 5763/8/3 5757/8/3 5753/8/3
f 5764/8/3 5758/8/3 5763/8/3
f 5765/5/3 5756/5/3 5762/5/3
f 5769/2/3 5768/2/3 5767/2/3
f 5770/2/3 5768/2/3 5769/2/3
f 5771/5/3 5766/5/3 5765/5/3
f 5771/5/3 5765/5/3 5762/5/3
f 5772/5/3 5766/5/3 5771/5/3
f 5773/5/3 5766/5/3 5772/5/3
f 5774/5/3 5770/5/3 5769/5/3
f 5775/5/3 5770/5/3 5774/5/3
f 5780/5/3 5777/5/3 5776/5/3
f 5782/2/3 5779/2/3 5778/2/3
f 5783/5/3 5780/5/3 5779/5/3
f 5784/5/3 5777/5/3 5780/5/3
f 5784/5/3 5780/5/3 5783/5/3
f 5785/2/3 5782/2/3 5781/2/3
f 5786/5/3 5783/5/3 5779/5/3
f 5786/2/3 5782/2/3 5785/2/3
f 5786/2/3 5779/2/3 5782/2/3
f 5787/5/3 5786/5/3 5785/5/3
f 5788/5/3 5783/5/3 5786/5/3
f 5788/5/3 5786/5/3 5787/5/3
f 5791/6/3 5790/6/3 5789/6/3
f 5792/6/3 5790/6/3 5791/6/3
f 5793/6/3 5791/6/3 5789/6/3
f 5794/1/3 5792/1/3 5791/1/3
f 5794/6/3 5791/6/3 5793/6/3
f 5795/6/3 5790/6/3 5792/6/3
f 5795/1/3 5792/1/3 5794/1/3
f 5796/6/3 5790/6/3 5795/6/3
f 5797/1/3 5795/1/3 5794/1/3
f 5797/1/3 5796/1/3 5795/1/3
f 5799/1/3 5796/1/3 5797/1/3
f 5800/1/3 5796/1/3 5799/1/3
f 5801/1/3 5796/1/3 5800/1/3
f 5802/1/3 5799/1/3 5798/1/3
f 5802/1/3 5800/1/3 5799/1/3
f 5803/6/3 5801/6/3 5800/6/3
f 5803/1/3 5800/1/3 5802/1/3
f 5804/6/3 5801/6/3 5803/6/3
f 5807/1/3 5806/1/3 5805/1/3
f 5808/1/3 5806/1/3 5807/1/3
f 5812/6/3 5810/6/3 5809/6/3
f 5813/1/3 5811/1/3 5810/1/3
f 5813/6/3 5810/6/3 5812/6/3
f 5814/1/3 5811/1/3 5813/1/3
f 5815/1/3 5811/1/3 5814/1/3
f 5820/5/3 5817/5/3 5816/5/3
f 5821/5/3 5817/5/3 5820/5/3
f 5822/5/3 5819/5/3 5818/5/3
f 5823/5/3 5819/5/3 5822/5/3
f 5828/5/3 5825/5/3 5824/5/3
f 5829/5/3 5825/5/3 5828/5/3
f 5830/6/3 5827/6/3 5826/6/3
f 5831/6/3 5827/6/3 5830/6/3
f 5834/1/3 5833/1/3 5832/1/3
f 5835/1/3 5833/1/3 5834/1/3
f 5841/5/3 5837/5/3 5836/5/3
f 5842/5/3 5837/5/3 5841/5/3
f 5843/2/3 5839/2/3 5838/2/3
f 5844/5/3 5840/5/3 5839/5/3
f 5844/2/3 5839/2/3 5843/2/3
f 5845/5/3 5840/5/3 5844/5/3
f 5851/8/3 5847/8/3 5846/8/3
f 5852/8/3 5847/8/3 5851/8/3
f 5853/6/3 5848/6/3 5847/6/3
f 5853/8/3 5847/8/3 5852/8/3
f 5859/8/3 5855/8/3 5854/8/3
f 5860/8/3 5855/8/3 5859/8/3
f 5861/6/3 5856/6/3 5855/6/3
f 5861/8/3 5855/8/3 5860/8/3
f 5862/6/3 5856/6/3 5861/6/3
f 5863/6/3 5856/6/3 5862/6/3
f 5864/6/3 5853/6/3 5852/6/3
f 5865/6/3 5848/6/3 5853/6/3
f 5865/6/3 5853/6/3 5864/6/3
f 5866/5/3 5858/5/3 5857/5/3
f 5867/5/3 5858/5/3 5866/5/3
f 5868/8/3 5865/8/3 5864/8/3
f 5869/8/3 5865/8/3 5868/8/3
f 5870/5/3 5866/5/3 5857/5/3
f 5871/2/3 5867/2/3 5866/2/3
f 5871/5/3 5866/5/3 5870/5/3
f 5872/5/3 5858/5/3 5867/5/3
f 5872/2/3 5867/2/3 5871/2/3
f 5873/5/3 5870/5/3 5857/5/3
f 5874/3/3 5871/3/3 5870/3/3
f 5874/5/3 5870/5/3 5873/5/3
f 5875/5/3 5872/5/3 5871/5/3
f 5875/3/3 5871/3/3 5874/3/3
f 5876/5/3 5858/5/3 5872/5/3
f 5876/5/3 5872/5/3 5875/5/3
f 5877/8/3 5868/8/3 5864/8/3
f 5878/8/3 5868/8/3 5877/8/3
f 5885/5/3 5850/5/3 5849/5/3
f 5886/5/3 5850/5/3 5885/5/3
f 5887/1/3 5880/1/3 5879/1/3
f 5888/1/3 5880/1/3 5887/1/3
f 5889/1/3 5880/1/3 5888/1/3
f 5890/1/3 5883/1/3 5882/1/3
f 5890/1/3 5882/1/3 5881/1/3
f 5891/6/3 5884/6/3 5883/6/3
f 5891/1/3 5883/1/3 5890/1/3
f 5892/6/3 5884/6/3 5891/6/3
f 5900/1/3 5894/1/3 5893/1/3
f 5901/1/3 5894/1/3 5900/1/3
f 5902/8/3 5896/8/3 5895/8/3
f 5902/8/3 5897/8/3 5896/8/3
f 5903/8/3 5897/8/3 5902/8/3
f 5904/1/3 5899/1/3 5898/1/3
f 5905/1/3 5899/1/3 5904/1/3
f 5908/5/3 5907/5/3 5906/5/3
f 5909/5/3 5907/5/3 5908/5/3
f 5912/5/3 5908/5/3 5906/5/3
f 5913/5/3 5908/5/3 5912/5/3
f 5914/4/3 5911/4/3 5910/4/3
f 5915/4/3 5911/4/3 5914/4/3
f 5916/4/3 5914/4/3 5910/4/3
f 5917/4/3 5914/4/3 5916/4/3
f 5921/5/3 5917/5/3 5916/5/3
f 5922/5/3 5919/5/3 5918/5/3
f 5923/5/3 5919/5/3 5922/5/3
f 5924/5/3 5921/5/3 5920/5/3
f 5925/5/3 5917/5/3 5921/5/3
f 5925/5/3 5921/5/3 5924/5/3
f 5931/5/3 5927/5/3 5926/5/3
f 5932/5/3 5927/5/3 5931/5/3
f 5933/6/3 5929/6/3 5928/6/3
f 5934/1/3 5930/1/3 5929/1/3
f 5934/6/3 5929/6/3 5933/6/3
f 5935/1/3 5930/1/3 5934/1/3
f 5942/1/3 5937/1/3 5936/1/3
f 5943/1/3 5939/1/3 5938/1/3
f 5944/1/3 5939/1/3 5943/1/3
f 5945/1/3 5941/1/3 5940/1/3
f 5946/1/3 5941/1/3 5945/1/3
f 5949/5/3 5931/5/3 5926/5/3
f 5950/2/3 5932/2/3 5931/2/3
f 5950/5/3 5931/5/3 5949/5/3
f 5951/2/3 5932/2/3 5950/2/3
f 5952/5/3 5927/5/3 5932/5/3
f 5952/2/3 5932/2/3 5951/2/3
f 5953/5/3 5927/5/3 5952/5/3
f 5954/1/3 5944/1/3 5943/1/3
f 5954/1/3 5942/1/3 5936/1/3
f 5954/1/3 5943/1/3 5942/1/3
f 5954/1/3 5945/1/3 5944/1/3
f 5954/1/3 5946/1/3 5945/1/3
f 5954/1/3 5947/1/3 5946/1/3
f 5955/6/3 5948/6/3 5947/6/3
f 5955/1/3 5947/1/3 5954/1/3
f 5956/6/3 5948/6/3 5955/6/3
f 5957/6/3 5948/6/3 5956/6/3
f 5958/6/3 5948/6/3 5957/6/3
f 5959/5/3 5927/5/3 5953/5/3
f 5959/3/3 5953/3/3 5952/3/3
f 5959/3/3 5952/3/3 5951/3/3
f 5960/5/3 5927/5/3 5959/5/3
f 5961/1/3 5954/1/3 5936/1/3
f 5962/6/3 5955/6/3 5954/6/3
f 5962/1/3 5954/1/3 5961/1/3
f 5962/6/3 5956/6/3 5955/6/3
f 5963/6/3 5956/6/3 5962/6/3
f 5964/6/3 5956/6/3 5963/6/3
f 5965/5/3 5951/5/3 5950/5/3
f 5965/5/3 5950/5/3 5949/5/3
f 5966/3/3 5959/3/3 5951/3/3
f 5966/5/3 5951/5/3 5965/5/3
f 5967/3/3 5959/3/3 5966/3/3
f 5968/5/3 5965/5/3 5949/5/3
f 5969/5/3 5965/5/3 5968/5/3
f 5970/5/3 5927/5/3 5960/5/3
f 5971/5/3 5927/5/3 5970/5/3
f 5978/8/3 5973/8/3 5972/8/3
f 5979/8/3 5973/8/3 5978/8/3
f 5980/5/3 5975/5/3 5974/5/3
f 5981/5/3 5975/5/3 5980/5/3
f 5982/5/3 5977/5/3 5976/5/3
f 5983/5/3 5977/5/3 5982/5/3
f 5989/6/3 5979/6/3 5978/6/3
f 5990/8/3 5985/8/3 5984/8/3
f 5991/6/3 5986/6/3 5985/6/3
f 5991/8/3 5985/8/3 5990/8/3
f 5992/8/3 5988/8/3 5987/8/3
f 5992/6/3 5986/6/3 5991/6/3
f 5992/8/3 5987/8/3 5986/8/3
f 5993/6/3 5989/6/3 5988/6/3
f 5993/8/3 5988/8/3 5992/8/3
f 5994/6/3 5979/6/3 5989/6/3
f 5994/6/3 5989/6/3 5993/6/3
f 5997/1/3 5996/1/3 5995/1/3
f 5998/1/3 5996/1/3 5997/1/3
f 6002/2/3 6000/2/3 5999/2/3
f 6003/5/3 6001/5/3 6000/5/3
f 6003/2/3 6000/2/3 6002/2/3
f 6004/5/3 6003/5/3 6002/5/3
f 6004/5/3 6001/5/3 6003/5/3
f 6006/5/3 6004/5/3 6002/5/3
f 6006/5/3 6005/5/3 6004/5/3
f 6007/5/3 6005/5/3 6006/5/3
f 6008/5/3 6005/5/3 6007/5/3
f 6009/5/3 6005/5/3 6008/5/3
f 6012/5/3 6011/5/3 6010/5/3
f 6013/5/3 6011/5/3 6012/5/3
f 6026/8/3 6015/8/3 6014/8/3
f 6027/8/3 6015/8/3 6026/8/3
f 6029/8/3 6017/8/3 6016/8/3
f 6030/8/3 6017/8/3 6029/8/3
f 6031/1/3 6019/1/3 6018/1/3
f 6032/1/3 6019/1/3 6031/1/3
f 6033/6/3 6021/6/3 6020/6/3
f 6034/6/3 6021/6/3 6033/6/3
f 6035/8/3 6023/8/3 6022/8/3
f 6036/6/3 6024/6/3 6023/6/3
f 6036/8/3 6023/8/3 6035/8/3
f 6037/6/3 6024/6/3 6036/6/3
f 6040/8/3 6026/8/3 6025/8/3
f 6040/8/3 6027/8/3 6026/8/3
f 6041/1/3 6028/1/3 6027/1/3
f 6041/8/3 6027/8/3 6040/8/3
f 6042/1/3 6028/1/3 6041/1/3
f 6043/6/3 6041/6/3 6040/6/3
f 6043/6/3 6042/6/3 6041/6/3
f 6044/6/3 6042/6/3 6043/6/3
f 6045/6/3 6024/6/3 6037/6/3
f 6046/6/3 6024/6/3 6045/6/3
f 6047/5/3 6039/5/3 6038/5/3
f 6048/5/3 6039/5/3 6047/5/3
f 6056/5/3 6050/5/3 6049/5/3
f 6057/5/3 6050/5/3 6056/5/3
f 6058/5/3 6052/5/3 6051/5/3
f 6059/5/3 6052/5/3 6058/5/3
f 6060/8/3 6055/8/3 6054/8/3
f 6060/8/3 6054/8/3 6053/8/3
f 6061/8/3 6055/8/3 6060/8/3
f 6062/5/3 6056/5/3 6049/5/3
f 6063/5/3 6056/5/3 6062/5/3
f 6067/1/3 6061/1/3 6060/1/3
f 6068/1/3 6061/1/3 6067/1/3
f 6069/1/3 6065/1/3 6064/1/3
f 6070/8/3 6066/8/3 6065/8/3
f 6070/1/3 6065/1/3 6069/1/3
f 6071/8/3 6066/8/3 6070/8/3
f 6076/8/3 6073/8/3 6072/8/3
f 6076/8/3 6074/8/3 6073/8/3
f 6077/1/3 6075/1/3 6074/1/3
f 6077/8/3 6074/8/3 6076/8/3
f 6078/1/3 6075/1/3 6077/1/3
f 6079/5/3 6062/5/3 6049/5/3
f 6080/5/3 6062/5/3 6079/5/3
f 6081/2/3 6080/2/3 6079/2/3
f 6083/2/3 6081/2/3 6079/2/3
f 6083/2/3 6082/2/3 6081/2/3
f 6084/2/3 6082/2/3 6083/2/3
f 6087/5/3 6086/5/3 6085/5/3
f 6088/5/3 6086/5/3 6087/5/3
f 6089/5/3 6087/5/3 6085/5/3
f 6090/5/3 6087/5/3 6089/5/3
f 6093/6/3 6092/6/3 6091/6/3
f 6094/6/3 6092/6/3 6093/6/3
f 6099/6/3 6096/6/3 6095/6/3
f 6100/6/3 6096/6/3 6099/6/3
f 6102/5/3 6098/5/3 6097/5/3
f 6103/5/3 6098/5/3 6102/5/3
f 6105/5/3 6102/5/3 6101/5/3
f 6105/5/3 6104/5/3 6103/5/3
f 6105/5/3 6103/5/3 6102/5/3
f 6106/5/3 6104/5/3 6105/5/3
f 6109/6/3 6108/6/3 6107/6/3
f 6110/6/3 6108/6/3 6109/6/3
f 6115/6/3 6112/6/3 6111/6/3
f 6116/6/3 6112/6/3 6115/6/3
f 6117/1/3 6114/1/3 6113/1/3
f 6118/1/3 6114/1/3 6117/1/3
f 6121/8/3 6120/8/3 6119/8/3
f 6122/8/3 6120/8/3 6121/8/3
f 6123/8/3 6121/8/3 6119/8/3
f 6124/8/3 6121/8/3 6123/8/3
f 6128/5/3 6126/5/3 6125/5/3
f 6129/5/3 6128/5/3 6127/5/3
f 6130/5/3 6128/5/3 6129/5/3
f 6131/6/3 6130/6/3 6129/6/3
f 6131/5/3 6128/5/3 6130/5/3
f 6132/5/3 6128/5/3 6131/5/3
f 6133/5/3 6126/5/3 6128/5/3
f 6133/5/3 6128/5/3 6132/5/3
f 6134/5/3 6126/5/3 6133/5/3
f 6135/5/3 6129/5/3 6127/5/3
f 6136/6/3 6132/6/3 6131/6/3
f 6136/5/3 6129/5/3 6135/5/3
f 6136/6/3 6131/6/3 6129/6/3
f 6137/6/3 6132/6/3 6136/6/3
f 6138/5/3 6133/5/3 6132/5/3
f 6138/6/3 6132/6/3 6137/6/3
f 6140/6/3 6137/6/3 6136/6/3
f 6140/6/3 6136/6/3 6135/6/3
f 6141/6/3 6137/6/3 6140/6/3
f 6142/6/3 6140/6/3 6139/6/3
f 6143/6/3 6140/6/3 6142/6/3
f 6144/5/3 6133/5/3 6138/5/3
f 6145/5/3 6133/5/3 6144/5/3
f 6148/5/3 6147/5/3 6146/5/3
f 6150/5/3 6148/5/3 6146/5/3
f 6150/5/3 6149/5/3 6148/5/3
f 6151/5/3 6149/5/3 6150/5/3
f 6154/6/3 6153/6/3 6152/6/3
f 6155/6/3 6153/6/3 6154/6/3
f 6159/6/3 6157/6/3 6156/6/3
f 6160/6/3 6157/6/3 6159/6/3
f 6161/6/3 6157/6/3 6160/6/3
f 6162/1/3 6158/1/3 6157/1/3
f 6162/6/3 6157/6/3 6161/6/3
f 6163/1/3 6158/1/3 6162/1/3
f 6164/1/3 6158/1/3 6163/1/3
f 6165/6/3 6153/6/3 6155/6/3
f 6166/6/3 6153/6/3 6165/6/3
f 6170/5/3 6168/5/3 6167/5/3
f 6170/5/3 6169/5/3 6168/5/3
f 6171/5/3 6169/5/3 6170/5/3
f 6176/6/3 6173/6/3 6172/6/3
f 6177/6/3 6173/6/3 6176/6/3
f 6178/6/3 6175/6/3 6174/6/3
f 6179/6/3 6175/6/3 6178/6/3
f 6180/6/3 6175/6/3 6179/6/3
f 6181/6/3 6175/6/3 6180/6/3
f 6182/6/3 6175/6/3 6181/6/3
f 6185/5/3 6184/5/3 6183/5/3
f 6186/5/3 6184/5/3 6185/5/3
f 6191/6/3 6188/6/3 6187/6/3
f 6192/6/3 6188/6/3 6191/6/3
f 6194/6/3 6190/6/3 6189/6/3
f 6195/6/3 6190/6/3 6194/6/3
f 6196/6/3 6194/6/3 6193/6/3
f 6196/6/3 6195/6/3 6194/6/3
f 6197/6/3 6195/6/3 6196/6/3
f 6200/5/3 6199/5/3 6198/5/3
f 6201/5/3 6199/5/3 6200/5/3
f 6206/6/3 6205/6/3 6204/6/3
f 6207/6/3 6205/6/3 6206/6/3
f 6208/5/3 6203/5/3 6202/5/3
f 6209/5/3 6203/5/3 6208/5/3
f 6212/8/3 6211/8/3 6210/8/3
f 6213/8/3 6211/8/3 6212/8/3
f 6222/6/3 6215/6/3 6214/6/3
f 6223/6/3 6215/6/3 6222/6/3
f 6225/5/3 6217/5/3 6216/5/3
f 6225/5/3 6218/5/3 6217/5/3
f 6226/1/3 6221/1/3 6220/1/3
f 6226/1/3 6220/1/3 6219/1/3
f 6227/1/3 6221/1/3 6226/1/3
f 6228/5/3 6225/5/3 6224/5/3
f 6228/5/3 6218/5/3 6225/5/3
f 6229/5/3 6218/5/3 6228/5/3
f 6232/5/3 6228/5/3 6224/5/3
f 6233/5/3 6228/5/3 6232/5/3
f 6234/6/3 6231/6/3 6230/6/3
f 6235/6/3 6231/6/3 6234/6/3
f 6236/6/3 6231/6/3 6235/6/3
f 6237/6/3 6231/6/3 6236/6/3
f 6238/6/3 6236/6/3 6235/6/3
f 6239/6/3 6236/6/3 6238/6/3
f 6242/6/3 6241/6/3 6240/6/3
f 6243/6/3 6241/6/3 6242/6/3
f 6248/6/3 6245/6/3 6244/6/3
f 6249/6/3 6245/6/3 6248/6/3
f 6250/6/3 6247/6/3 6246/6/3
f 6251/6/3 6247/6/3 6250/6/3
f 6254/6/3 6253/6/3 6252/6/3
f 6256/1/3 6255/1/3 6254/1/3
f 6258/6/3 6254/6/3 6252/6/3
f 6259/1/3 6257/1/3 6256/1/3
f 6259/6/3 6254/6/3 6258/6/3
f 6259/1/3 6256/1/3 6254/1/3
f 6260/1/3 6257/1/3 6259/1/3
f 6261/1/3 6257/1/3 6260/1/3
f 6264/5/3 6263/5/3 6262/5/3
f 6265/5/3 6263/5/3 6264/5/3
f 6268/5/3 6267/5/3 6266/5/3
f 6269/5/3 6267/5/3 6268/5/3
f 6270/5/3 6267/5/3 6269/5/3
f 6273/5/3 6269/5/3 6268/5/3
f 6274/5/3 6269/5/3 6273/5/3
f 6275/5/3 6269/5/3 6274/5/3
f 6277/1/3 6272/1/3 6271/1/3
f 6278/1/3 6272/1/3 6277/1/3
f 6279/1/3 6277/1/3 6276/1/3
f 6279/1/3 6278/1/3 6277/1/3
f 6280/1/3 6278/1/3 6279/1/3
f 6284/6/3 6282/6/3 6281/6/3
f 6285/1/3 6283/1/3 6282/1/3
f 6285/6/3 6282/6/3 6284/6/3
f 6286/1/3 6283/1/3 6285/1/3
f 6287/1/3 6283/1/3 6286/1/3
f 6291/1/3 6290/1/3 6289/1/3
f 6294/6/3 6289/6/3 6288/6/3
f 6295/5/3 6274/5/3 6273/5/3
f 6296/5/3 6274/5/3 6295/5/3
f 6297/6/3 6294/6/3 6293/6/3
f 6298/6/3 6289/6/3 6294/6/3
f 6298/6/3 6294/6/3 6297/6/3
f 6298/1/3 6291/1/3 6289/1/3
f 6298/1/3 6292/1/3 6291/1/3
f 6299/1/3 6292/1/3 6298/1/3
f 6304/5/3 6301/5/3 6300/5/3
f 6305/5/3 6301/5/3 6304/5/3
f 6306/5/3 6303/5/3 6302/5/3
f 6307/5/3 6303/5/3 6306/5/3
f 6310/6/3 6309/6/3 6308/6/3
f 6311/6/3 6309/6/3 6310/6/3
f 6313/6/3 6309/6/3 6311/6/3
f 6314/6/3 6313/6/3 6312/6/3
f 6315/6/3 6309/6/3 6313/6/3
f 6315/6/3 6313/6/3 6314/6/3
f 6316/6/3 6309/6/3 6315/6/3
f 6319/1/3 6318/1/3 6317/1/3
f 6320/1/3 6318/1/3 6319/1/3
f 6324/1/3 6319/1/3 6317/1/3
f 6325/1/3 6319/1/3 6324/1/3
f 6326/1/3 6323/1/3 6322/1/3
f 6326/1/3 6322/1/3 6321/1/3
f 6328/1/3 6326/1/3 6321/1/3
f 6328/1/3 6327/1/3 6326/1/3
f 6329/1/3 6327/1/3 6328/1/3
f 6330/1/3 6327/1/3 6329/1/3
f 6332/1/3 6331/1/3 6330/1/3
f 6332/1/3 6330/1/3 6329/1/3
f 6333/1/3 6331/1/3 6332/1/3
f 6334/1/3 6331/1/3 6333/1/3
f 6335/1/3 6334/1/3 6333/1/3
f 6336/1/3 6334/1/3 6335/1/3
f 6337/1/3 6334/1/3 6336/1/3
f 6339/1/3 6337/1/3 6336/1/3
f 6339/1/3 6338/1/3 6337/1/3
f 6340/1/3 6338/1/3 6339/1/3
f 6341/1/3 6338/1/3 6340/1/3
f 6343/1/3 6342/1/3 6341/1/3
f 6343/1/3 6341/1/3 6340/1/3
f 6344/1/3 6342/1/3 6343/1/3
f 6345/1/3 6342/1/3 6344/1/3
f 6346/1/3 6342/1/3 6345/1/3
f 6349/5/3 6348/5/3 6347/5/3
f 6350/5/3 6348/5/3 6349/5/3
f 6354/1/3 6352/1/3 6351/1/3
f 6355/1/3 6352/1/3 6354/1/3
f 6356/1/3 6352/1/3 6355/1/3
f 6358/1/3 6354/1/3 6353/1/3
f 6358/1/3 6355/1/3 6354/1/3
f 6359/1/3 6355/1/3 6358/1/3
f 6360/1/3 6355/1/3 6359/1/3
f 6361/1/3 6358/1/3 6357/1/3
f 6361/1/3 6359/1/3 6358/1/3
f 6362/1/3 6359/1/3 6361/1/3
f 6363/1/3 6359/1/3 6362/1/3
f 6366/1/3 6365/1/3 6364/1/3
f 6367/1/3 6365/1/3 6366/1/3
f 6368/6/3 6367/6/3 6366/6/3
f 6369/6/3 6367/6/3 6368/6/3
f 6372/5/3 6371/5/3 6370/5/3
f 6373/5/3 6371/5/3 6372/5/3
f 6376/5/3 6375/5/3 6374/5/3
f 6377/5/3 6375/5/3 6376/5/3
f 6380/1/3 6379/1/3 6378/1/3
f 6381/1/3 6379/1/3 6380/1/3
f 6385/6/3 6383/6/3 6382/6/3
f 6386/1/3 6384/1/3 6383/1/3
f 6386/6/3 6383/6/3 6385/6/3
f 6387/1/3 6384/1/3 6386/1/3
f 6391/6/3 6389/6/3 6388/6/3
f 6392/6/3 6389/6/3 6391/6/3
f 6393/1/3 6391/1/3 6390/1/3
f 6394/1/3 6391/1/3 6393/1/3
f 6397/1/3 6396/1/3 6395/1/3
f 6398/1/3 6396/1/3 6397/1/3
f 6401/6/3 6400/6/3 6399/6/3
f 6402/6/3 6400/6/3 6401/6/3
f 6405/1/3 6404/1/3 6403/1/3
f 6406/1/3 6404/1/3 6405/1/3
f 6409/5/3 6408/5/3 6407/5/3
f 6410/5/3 6408/5/3 6409/5/3
f 6413/5/3 6412/5/3 6411/5/3
f 6414/5/3 6412/5/3 6413/5/3
f 6417/6/3 6416/6/3 6415/6/3
f 6418/6/3 6416/6/3 6417/6/3
f 6419/6/3 6416/6/3 6418/6/3
f 6420/6/3 6416/6/3 6419/6/3
f 6421/6/3 6419/6/3 6418/6/3
f 6423/6/3 6419/6/3 6421/6/3
f 6424/6/3 6419/6/3 6423/6/3
f 6426/6/3 6423/6/3 6422/6/3
f 6427/6/3 6423/6/3 6426/6/3
f 6428/6/3 6426/6/3 6425/6/3
f 6429/6/3 6426/6/3 6428/6/3
f 6432/1/3 6431/1/3 6430/1/3
f 6433/1/3 6431/1/3 6432/1/3
f 6438/5/3 6435/5/3 6434/5/3
f 6439/5/3 6435/5/3 6438/5/3
f 6440/5/3 6437/5/3 6436/5/3
f 6441/5/3 6437/5/3 6440/5/3
f 6442/5/3 6435/5/3 6439/5/3
f 6443/5/3 6435/5/3 6442/5/3
f 6448/6/3 6445/6/3 6444/6/3
f 6448/6/3 6447/6/3 6446/6/3
f 6448/6/3 6446/6/3 6445/6/3
f 6449/6/3 6447/6/3 6448/6/3
f 6450/6/3 6447/6/3 6449/6/3
f 6451/6/3 6447/6/3 6450/6/3
f 6455/6/3 6453/6/3 6452/6/3
f 6456/6/3 6455/6/3 6454/6/3
f 6457/6/3 6453/6/3 6455/6/3
f 6457/6/3 6455/6/3 6456/6/3
f 6458/6/3 6453/6/3 6457/6/3
f 6459/6/3 6453/6/3 6458/6/3
f 6460/6/3 6458/6/3 6457/6/3
f 6461/6/3 6458/6/3 6460/6/3
f 6464/6/3 6463/6/3 6462/6/3
f 6465/6/3 6463/6/3 6464/6/3
f 6466/6/3 6463/6/3 6465/6/3
f 6467/6/3 6463/6/3 6466/6/3
f 6470/5/3 6469/5/3 6468/5/3
f 6471/5/3 6469/5/3 6470/5/3
f 6474/6/3 6473/6/3 6472/6/3
f 6475/6/3 6473/6/3 6474/6/3
f 6479/6/3 6477/6/3 6476/6/3
f 6480/1/3 6478/1/3 6477/1/3
f 6480/6/3 6477/6/3 6479/6/3
f 6481/1/3 6478/1/3 6480/1/3
f 6484/6/3 6483/6/3 6482/6/3
f 6485/6/3 6483/6/3 6484/6/3
f 6486/6/3 6483/6/3 6485/6/3
f 6487/6/3 6483/6/3 6486/6/3
f 6488/6/3 6486/6/3 6485/6/3
f 6489/6/3 6486/6/3 6488/6/3
f 6495/6/3 6493/6/3 6492/6/3
f 6496/6/3 6491/6/3 6490/6/3
f 6497/6/3 6491/6/3 6496/6/3
f 6498/6/3 6495/6/3 6494/6/3
f 6499/6/3 6493/6/3 6495/6/3
f 6499/6/3 6495/6/3 6498/6/3
f 6500/6/3 6493/6/3 6499/6/3
f 6501/6/3 6493/6/3 6500/6/3
f 6504/6/3 6503/6/3 6502/6/3
f 6505/6/3 6503/6/3 6504/6/3
f 6506/6/3 6503/6/3 6505/6/3
f 6509/5/3 6508/5/3 6507/5/3
f 6510/5/3 6508/5/3 6509/5/3
f 6511/5/3 6508/5/3 6510/5/3
f 6512/5/3 6508/5/3 6511/5/3
f 6515/6/3 6514/6/3 6513/6/3
f 6516/6/3 6514/6/3 6515/6/3
f 6517/5/3 6508/5/3 6512/5/3
f 6518/5/3 6508/5/3 6517/5/3
f 6523/6/3 6520/6/3 6519/6/3
f 6524/6/3 6520/6/3 6523/6/3
f 6525/6/3 6522/6/3 6521/6/3
f 6526/6/3 6522/6/3 6525/6/3
f 6529/5/3 6528/5/3 6527/5/3
f 6530/5/3 6528/5/3 6529/5/3
f 6533/5/3 6532/5/3 6531/5/3
f 6534/5/3 6532/5/3 6533/5/3
f 6537/5/3 6536/5/3 6535/5/3
f 6538/5/3 6536/5/3 6537/5/3
f 6539/5/3 6536/5/3 6538/5/3
f 6542/6/3 6541/6/3 6540/6/3
f 6543/6/3 6541/6/3 6542/6/3
f 6545/6/3 6543/6/3 6542/6/3
f 6545/6/3 6544/6/3 6543/6/3
f 6546/6/3 6544/6/3 6545/6/3
f 6549/6/3 6548/6/3 6547/6/3
f 6550/6/3 6548/6/3 6549/6/3
f 6553/6/3 6552/6/3 6551/6/3
f 6554/6/3 6552/6/3 6553/6/3
f 6559/6/3 6558/6/3 6557/6/3
f 6560/6/3 6558/6/3 6559/6/3
f 6561/6/3 6558/6/3 6560/6/3
f 6562/6/3 6558/6/3 6561/6/3
f 6563/5/3 6556/5/3 6555/5/3
f 6564/5/3 6556/5/3 6563/5/3
f 6569/6/3 6566/6/3 6565/6/3
f 6570/6/3 6566/6/3 6569/6/3
f 6571/5/3 6568/5/3 6567/5/3
f 6572/5/3 6568/5/3 6571/5/3
f 6573/5/3 6568/5/3 6572/5/3
f 6574/5/3 6568/5/3 6573/5/3
f 6577/5/3 6576/5/3 6575/5/3
f 6578/5/3 6576/5/3 6577/5/3
f 6580/5/3 6578/5/3 6577/5/3
f 6580/5/3 6579/5/3 6578/5/3
f 6581/5/3 6579/5/3 6580/5/3
f 6584/6/3 6583/6/3 6582/6/3
f 6585/6/3 6583/6/3 6584/6/3
f 6588/6/3 6587/6/3 6586/6/3
f 6589/6/3 6587/6/3 6588/6/3
f 6590/6/3 6587/6/3 6589/6/3
f 6591/6/3 6587/6/3 6590/6/3
f 6594/5/3 6593/5/3 6592/5/3
f 6596/5/3 6594/5/3 6592/5/3
f 6596/5/3 6595/5/3 6594/5/3
f 6597/5/3 6595/5/3 6596/5/3
f 6601/1/3 6599/1/3 6598/1/3
f 6602/1/3 6599/1/3 6601/1/3
f 6602/6/3 6601/6/3 6600/6/3
f 6603/1/3 6599/1/3 6602/1/3
f 6604/6/3 6602/6/3 6600/6/3
f 6604/6/3 6603/6/3 6602/6/3
f 6605/6/3 6603/6/3 6604/6/3
f 6608/6/3 6607/6/3 6606/6/3
f 6609/6/3 6607/6/3 6608/6/3
f 6612/5/3 6611/5/3 6610/5/3
f 6613/5/3 6611/5/3 6612/5/3
f 6614/5/3 6612/5/3 6610/5/3
f 6615/5/3 6612/5/3 6614/5/3
f 6616/5/3 6614/5/3 6610/5/3
f 6617/5/3 6614/5/3 6616/5/3
f 6620/5/3 6619/5/3 6618/5/3
f 6621/5/3 6619/5/3 6620/5/3
f 6624/5/3 6623/5/3 6622/5/3
f 6625/5/3 6623/5/3 6624/5/3
f 6628/5/3 6627/5/3 6626/5/3
f 6629/5/3 6627/5/3 6628/5/3
f 6632/6/3 6631/6/3 6630/6/3
f 6633/6/3 6631/6/3 6632/6/3
f 6636/5/3 6635/5/3 6634/5/3
f 6637/5/3 6635/5/3 6636/5/3
f 6640/5/3 6639/5/3 6638/5/3
f 6641/5/3 6639/5/3 6640/5/3
f 6642/4/3 6641/4/3 6640/4/3
f 6643/4/3 6641/4/3 6642/4/3
f 6644/2/3 6643/2/3 6642/2/3
f 6645/2/3 6643/2/3 6644/2/3
f 6648/6/3 6647/6/3 6646/6/3
f 6649/6/3 6647/6/3 6648/6/3
f 6650/5/4 6651/5/4 6653/5/4
f 6652/5/4 6653/5/4 6654/5/4
f 6653/5/4 6651/5/4 6655/5/4
f 6654/5/4 6653/5/4 6655/5/4
f 6656/5/4 6657/5/4 6659/5/4
f 6658/5/4 6659/5/4 6660/5/4
f 6659/5/4 6657/5/4 6661/5/4
f 6660/5/4 6659/5/4 6661/5/4
f 6662/5/4 6663/5/4 6666/5/4
f 6666/5/4 6663/5/4 6667/5/4
f 6664/5/4 6665/5/4 6668/5/4
f 6668/5/4 6665/5/4 6669/5/4
f 6670/5/4 6671/5/4 6673/5/4
f 6673/5/4 6671/5/4 6674/5/4
f 6672/5/4 6673/5/4 6675/5/4
f 6673/5/4 6674/5/4 6675/5/4
f 6675/5/4 6674/5/4 6676/5/4
f 6677/5/4 6678/5/4 6679/5/4
f 6679/5/4 6678/5/4 6680/5/4
f 6681/5/4 6682/5/4 6683/5/4
f 6683/5/4 6682/5/4 6684/5/4
f 6685/5/4 6686/5/4 6687/5/4
f 6687/5/4 6686/5/4 6688/5/4
f 6689/2/4 6690/2/4 6691/2/4
f 6689/2/4 6691/2/4 6693/2/4
f 6691/5/4 6692/5/4 6694/5/4
f 6693/2/4 6691/2/4 6694/2/4
f 6694/5/4 6692/5/4 6695/5/4
f 6696/5/4 6697/5/4 6700/5/4
f 6700/5/4 6697/5/4 6701/5/4
f 6698/5/4 6699/5/4 6702/5/4
f 6702/5/4 6699/5/4 6703/5/4
f 6704/5/4 6705/5/4 6706/5/4
f 6706/5/4 6705/5/4 6707/5/4
f 6708/5/4 6709/5/4 6710/5/4
f 6710/5/4 6709/5/4 6711/5/4
f 6711/5/4 6709/5/4 6712/5/4
f 6712/5/4 6709/5/4 6713/5/4
f 6714/5/4 6715/5/4 6716/5/4
f 6716/5/4 6715/5/4 6717/5/4
f 6718/5/4 6719/5/4 6720/5/4
f 6720/5/4 6719/5/4 6721/5/4
f 6722/5/4 6723/5/4 6725/5/4
f 6725/5/4 6723/5/4 6726/5/4
f 6724/5/4 6725/5/4 6727/5/4
f 6727/5/4 6725/5/4 6728/5/4
f 6729/5/4 6730/5/4 6734/5/4
f 6730/2/4 6731/2/4 6735/2/4
f 6734/5/4 6730/5/4 6735/5/4
f 6731/5/4 6732/5/4 6736/5/4
f 6735/2/4 6731/2/4 6736/2/4
f 6734/5/4 6735/5/4 6739/5/4
f 6733/5/4 6734/5/4 6739/5/4
f 6735/5/4 6736/5/4 6739/5/4
f 6736/5/4 6732/5/4 6740/5/4
f 6739/5/4 6736/5/4 6740/5/4
f 6737/5/4 6738/5/4 6742/5/4
f 6742/5/4 6738/5/4 6743/5/4
f 6741/6/4 6742/6/4 6744/6/4
f 6742/6/4 6743/6/4 6744/6/4
f 6744/6/4 6743/6/4 6745/6/4
f 6745/6/4 6743/6/4 6746/6/4
f 6747/6/4 6748/6/4 6749/6/4
f 6749/6/4 6748/6/4 6750/6/4
f 6751/1/4 6752/1/4 6754/1/4
f 6754/1/4 6752/1/4 6755/1/4
f 6753/6/4 6754/6/4 6758/6/4
f 6755/1/4 6756/1/4 6759/1/4
f 6758/6/4 6754/6/4 6759/6/4
f 6754/1/4 6755/1/4 6759/1/4
f 6759/1/4 6756/1/4 6760/1/4
f 6756/5/4 6757/5/4 6761/5/4
f 6760/1/4 6756/1/4 6761/1/4
f 6761/5/4 6757/5/4 6762/5/4
f 6759/1/4 6760/1/4 6763/1/4
f 6760/5/4 6761/5/4 6764/5/4
f 6763/1/4 6760/1/4 6764/1/4
f 6764/5/4 6761/5/4 6765/5/4
f 6766/5/4 6767/5/4 6768/5/4
f 6768/5/4 6767/5/4 6769/5/4
f 6772/4/4 6773/4/4 6774/4/4
f 6774/4/4 6773/4/4 6775/4/4
f 6776/6/4 6777/6/4 6778/6/4
f 6778/6/4 6777/6/4 6779/6/4
f 6770/5/4 6771/5/4 6780/5/4
f 6780/5/4 6771/5/4 6781/5/4
f 6782/6/4 6783/6/4 6787/6/4
f 6784/5/4 6785/5/4 6788/5/4
f 6786/6/4 6787/6/4 6790/6/4
f 6787/6/4 6783/6/4 6791/6/4
f 6790/6/4 6787/6/4 6791/6/4
f 6788/5/4 6789/5/4 6792/5/4
f 6792/5/4 6789/5/4 6793/5/4
f 6784/5/4 6788/5/4 6794/5/4
f 6788/5/4 6792/5/4 6794/5/4
f 6794/5/4 6792/5/4 6795/5/4
f 6796/5/4 6797/5/4 6798/5/4
f 6798/5/4 6797/5/4 6799/5/4
f 6800/5/4 6801/5/4 6803/5/4
f 6802/5/4 6803/5/4 6804/5/4
f 6803/5/4 6801/5/4 6805/5/4
f 6804/5/4 6803/5/4 6805/5/4
f 6806/8/4 6807/8/4 6808/8/4
f 6808/8/4 6807/8/4 6809/8/4
f 6809/8/4 6807/8/4 6810/8/4
f 6811/6/4 6812/6/4 6814/6/4
f 6813/6/4 6814/6/4 6815/6/4
f 6814/6/4 6812/6/4 6816/6/4
f 6815/6/4 6814/6/4 6816/6/4
f 6817/5/4 6818/5/4 6819/5/4
f 6819/5/4 6818/5/4 6820/5/4
f 6821/5/4 6822/5/4 6823/5/4
f 6823/5/4 6822/5/4 6824/5/4
f 6824/5/4 6822/5/4 6825/5/4
f 6825/5/4 6826/5/4 6827/5/4
f 6824/5/4 6825/5/4 6827/5/4
f 6827/5/4 6826/5/4 6828/5/4
f 6829/5/4 6830/5/4 6831/5/4
f 6831/5/4 6830/5/4 6832/5/4
f 6833/5/4 6834/5/4 6840/5/4
f 6834/2/4 6835/2/4 6840/2/4
f 6835/2/4 6836/2/4 6840/2/4
f 6838/5/4 6839/5/4 6841/5/4
f 6840/2/4 6836/2/4 6841/2/4
f 6837/5/4 6838/5/4 6841/5/4
f 6836/5/4 6837/5/4 6841/5/4
f 6841/5/4 6839/5/4 6842/5/4
f 6843/8/4 6844/8/4 6845/8/4
f 6845/8/4 6844/8/4 6846/8/4
f 6846/8/4 6844/8/4 6847/8/4
f 6847/8/4 6844/8/4 6848/8/4
f 6849/6/4 6850/6/4 6851/6/4
f 6851/6/4 6850/6/4 6852/6/4
f 6833/5/4 6840/5/4 6853/5/4
f 6853/5/4 6840/5/4 6854/5/4
f 6855/5/4 6856/5/4 6859/5/4
f 6859/5/4 6856/5/4 6860/5/4
f 6857/5/4 6858/5/4 6863/5/4
f 6863/5/4 6858/5/4 6864/5/4
f 6861/5/4 6862/5/4 6865/5/4
f 6865/5/4 6862/5/4 6866/5/4
f 6867/5/4 6868/5/4 6870/5/4
f 6868/5/4 6869/5/4 6870/5/4
f 6870/5/4 6869/5/4 6871/5/4
f 6867/5/4 6870/5/4 6874/5/4
f 6874/5/4 6870/5/4 6875/5/4
f 6872/5/4 6873/5/4 6876/5/4
f 6876/5/4 6873/5/4 6877/5/4
f 6878/6/4 6879/6/4 6880/6/4
f 6880/6/4 6879/6/4 6881/6/4
f 6882/5/4 6883/5/4 6885/5/4
f 6884/5/4 6885/5/4 6886/5/4
f 6886/5/4 6885/5/4 6887/5/4
f 6887/5/4 6885/5/4 6888/5/4
f 6885/5/4 6883/5/4 6889/5/4
f 6888/5/4 6885/5/4 6889/5/4
f 6890/5/4 6891/5/4 6892/5/4
f 6892/5/4 6891/5/4 6893/5/4
f 6894/5/4 6895/5/4 6898/5/4
f 6896/5/4 6897/5/4 6899/5/4
f 6899/5/4 6897/5/4 6900/5/4
f 6894/5/4 6898/5/4 6901/5/4
f 6901/5/4 6902/5/4 6903/5/4
f 6904/5/4 6905/5/4 6906/5/4
f 6906/5/4 6905/5/4 6907/5/4
f 6901/5/4 6903/5/4 6908/5/4
f 6894/5/4 6901/5/4 6908/5/4
f 6908/5/4 6903/5/4 6909/5/4
f 6904/5/4 6906/5/4 6910/5/4
f 6910/5/4 6906/5/4 6911/5/4
f 6894/5/4 6908/5/4 6912/5/4
f 6912/5/4 6908/5/4 6913/5/4
f 6914/5/4 6915/5/4 6916/5/4
f 6916/5/4 6915/5/4 6917/5/4
f 6918/2/4 6919/2/4 6922/2/4
f 6921/2/4 6922/2/4 6923/2/4
f 6919/5/4 6920/5/4 6924/5/4
f 6923/2/4 6922/2/4 6924/2/4
f 6922/2/4 6919/2/4 6924/2/4
f 6924/5/4 6920/5/4 6925/5/4
f 6926/6/4 6927/6/4 6928/6/4
f 6928/6/4 6927/6/4 6929/6/4
f 6930/6/4 6931/6/4 6932/6/4
f 6932/6/4 6931/6/4 6933/6/4
f 6933/6/4 6931/6/4 6934/6/4
f 6934/6/4 6931/6/4 6935/6/4
f 6938/1/4 6939/1/4 6940/1/4
f 6940/1/4 6939/1/4 6941/1/4
f 6940/5/4 6941/5/4 6942/5/4
f 6942/5/4 6941/5/4 6943/5/4
f 6936/5/4 6937/5/4 6944/5/4
f 6944/5/4 6937/5/4 6945/5/4
f 6945/5/4 6946/5/4 6947/5/4
f 6947/5/4 6946/5/4 6948/5/4
f 6949/5/4 6950/5/4 6953/5/4
f 6953/5/4 6950/5/4 6954/5/4
f 6951/5/4 6952/5/4 6955/5/4
f 6955/5/4 6952/5/4 6956/5/4
f 6957/4/4 6958/4/4 6959/4/4
f 6959/4/4 6958/4/4 6960/4/4
f 6961/5/4 6962/5/4 6963/5/4
f 6963/5/4 6962/5/4 6964/5/4
f 6967/1/4 6968/1/4 6969/1/4
f 6969/1/4 6968/1/4 6970/1/4
f 6965/5/4 6966/5/4 6971/5/4
f 6971/5/4 6966/5/4 6972/5/4
f 6973/5/4 6974/5/4 6979/5/4
f 6975/5/4 6976/5/4 6980/5/4
f 6980/5/4 6976/5/4 6981/5/4
f 6977/5/4 6978/5/4 6984/5/4
f 6984/5/4 6978/5/4 6985/5/4
f 6973/5/4 6979/5/4 6986/5/4
f 6986/5/4 6979/5/4 6987/5/4
f 6982/1/4 6983/1/4 6990/1/4
f 6990/1/4 6983/1/4 6991/1/4
f 6988/6/4 6989/6/4 6992/6/4
f 6992/6/4 6989/6/4 6993/6/4
f 6994/5/4 6995/5/4 6997/5/4
f 6995/4/4 6996/4/4 6998/4/4
f 6997/5/4 6995/5/4 6998/5/4
f 6998/4/4 6996/4/4 6999/4/4
f 7000/4/4 7001/4/4 7002/4/4
f 7002/4/4 7001/4/4 7003/4/4
f 7004/6/4 7005/6/4 7006/6/4
f 7006/6/4 7005/6/4 7007/6/4
f 7008/6/4 7009/6/4 7010/6/4
f 7010/6/4 7009/6/4 7011/6/4
f 7012/1/4 7013/1/4 7015/1/4
f 7015/1/4 7013/1/4 7016/1/4
f 7014/1/4 7015/1/4 7018/1/4
f 7015/1/4 7016/1/4 7018/1/4
f 7016/5/4 7017/5/4 7019/5/4
f 7018/1/4 7016/1/4 7019/1/4
f 7019/5/4 7017/5/4 7020/5/4
f 7020/5/4 7017/5/4 7021/5/4
f 7021/5/4 7017/5/4 7022/5/4
f 7022/5/4 7023/5/4 7026/5/4
f 7021/5/4 7022/5/4 7026/5/4
f 7026/5/4 7023/5/4 7027/5/4
f 7024/6/4 7025/6/4 7028/6/4
f 7028/6/4 7025/6/4 7029/6/4
f 7029/6/4 7030/6/4 7035/6/4
f 7035/6/4 7030/6/4 7036/6/4
f 7031/1/4 7032/1/4 7037/1/4
f 7037/1/4 7032/1/4 7038/1/4
f 7033/5/4 7034/5/4 7039/5/4
f 7039/5/4 7034/5/4 7040/5/4
f 7040/5/4 7041/5/4 7042/5/4
f 7040/5/4 7042/5/4 7045/5/4
f 7042/5/4 7043/5/4 7045/5/4
f 7044/5/4 7045/5/4 7046/5/4
f 7046/5/4 7045/5/4 7047/5/4
f 7045/5/4 7043/5/4 7048/5/4
f 7047/5/4 7045/5/4 7048/5/4
f 7048/5/4 7043/5/4 7049/5/4
f 7047/5/4 7048/5/4 7050/5/4
f 7050/5/4 7048/5/4 7051/5/4
f 7052/2/4 7053/2/4 7056/2/4
f 7056/2/4 7053/2/4 7057/2/4
f 7054/5/4 7055/5/4 7058/5/4
f 7055/3/4 7056/3/4 7059/3/4
f 7058/5/4 7055/5/4 7059/5/4
f 7056/5/4 7057/5/4 7060/5/4
f 7059/3/4 7056/3/4 7060/3/4
f 7060/5/4 7057/5/4 7061/5/4
f 7062/5/4 7063/5/4 7064/5/4
f 7064/5/4 7063/5/4 7065/5/4
f 7066/6/4 7067/6/4 7068/6/4
f 7068/6/4 7067/6/4 7069/6/4
f 7069/6/4 7070/6/4 7071/6/4
f 7071/6/4 7070/6/4 7072/6/4
f 7073/6/4 7074/6/4 7075/6/4
f 7075/6/4 7074/6/4 7076/6/4
f 7076/6/4 7077/6/4 7078/6/4
f 7078/6/4 7077/6/4 7079/6/4
f 7080/1/4 7081/1/4 7082/1/4
f 7082/1/4 7081/1/4 7083/1/4
f 7084/6/4 7085/6/4 7088/6/4
f 7088/6/4 7085/6/4 7089/6/4
f 7086/1/4 7087/1/4 7090/1/4
f 7086/1/4 7090/1/4 7093/1/4
f 7090/1/4 7091/1/4 7093/1/4
f 7093/1/4 7091/1/4 7094/1/4
f 7091/5/4 7092/5/4 7095/5/4
f 7094/1/4 7091/1/4 7095/1/4
f 7095/5/4 7092/5/4 7096/5/4
f 7094/5/4 7095/5/4 7097/5/4
f 7097/5/4 7095/5/4 7098/5/4
f 7099/5/4 7100/5/4 7101/5/4
f 7101/5/4 7100/5/4 7102/5/4
f 7103/5/4 7104/5/4 7105/5/4
f 7105/5/4 7104/5/4 7106/5/4
f 7107/5/4 7108/5/4 7109/5/4
f 7109/5/4 7108/5/4 7110/5/4
f 7111/8/4 7112/8/4 7113/8/4
f 7113/8/4 7112/8/4 7114/8/4
f 7115/1/4 7116/1/4 7117/1/4
f 7117/1/4 7116/1/4 7118/1/4
f 7119/6/4 7120/6/4 7121/6/4
f 7121/6/4 7120/6/4 7122/6/4
f 7123/6/4 7124/6/4 7125/6/4
f 7125/6/4 7124/6/4 7126/6/4
f 7127/5/4 7128/5/4 7129/5/4
f 7129/5/4 7128/5/4 7130/5/4
f 7130/5/4 7128/5/4 7131/5/4
f 7131/5/4 7128/5/4 7132/5/4
f 7131/4/4 7132/4/4 7133/4/4
f 7133/4/4 7132/4/4 7134/4/4
f 7135/6/4 7136/6/4 7137/6/4
f 7135/6/4 7137/6/4 7140/6/4
f 7137/6/4 7138/6/4 7140/6/4
f 7140/6/4 7138/6/4 7141/6/4
f 7141/6/4 7138/6/4 7142/6/4
f 7139/6/4 7140/6/4 7143/6/4
f 7140/6/4 7141/6/4 7143/6/4
f 7143/6/4 7141/6/4 7144/6/4
f 7139/6/4 7143/6/4 7146/6/4
f 7146/6/4 7143/6/4 7147/6/4
f 7147/6/4 7143/6/4 7148/6/4
f 7145/6/4 7146/6/4 7149/6/4
f 7146/6/4 7147/6/4 7149/6/4
f 7149/6/4 7147/6/4 7150/6/4
f 7150/6/4 7147/6/4 7151/6/4
f 7145/6/4 7149/6/4 7152/6/4
f 7145/6/4 7152/6/4 7155/6/4
f 7152/6/4 7153/6/4 7155/6/4
f 7155/6/4 7153/6/4 7156/6/4
f 7156/6/4 7153/6/4 7157/6/4
f 7154/8/4 7155/8/4 7158/8/4
f 7155/8/4 7156/8/4 7158/8/4
f 7158/8/4 7156/8/4 7159/8/4
f 7159/8/4 7156/8/4 7160/8/4
f 7160/8/4 7156/8/4 7161/8/4
f 7162/1/4 7163/1/4 7165/1/4
f 7164/1/4 7165/1/4 7166/1/4
f 7165/1/4 7163/1/4 7167/1/4
f 7166/1/4 7165/1/4 7167/1/4
f 7168/6/4 7169/6/4 7172/6/4
f 7172/6/4 7169/6/4 7173/6/4
f 7170/6/4 7171/6/4 7174/6/4
f 7174/6/4 7175/6/4 7178/6/4
f 7170/6/4 7174/6/4 7178/6/4
f 7178/6/4 7175/6/4 7179/6/4
f 7176/6/4 7177/6/4 7180/6/4
f 7180/6/4 7177/6/4 7181/6/4
f 7182/5/4 7183/5/4 7184/5/4
f 7184/5/4 7183/5/4 7185/5/4
f 7186/2/4 7187/2/4 7188/2/4
f 7188/2/4 7187/2/4 7191/2/4
f 7191/2/4 7187/2/4 7192/2/4
f 7189/6/4 7190/6/4 7193/6/4
f 7193/6/4 7190/6/4 7194/6/4
f 7191/5/4 7192/5/4 7195/5/4
f 7195/5/4 7192/5/4 7196/5/4
f 7197/6/4 7198/6/4 7200/6/4
f 7200/6/4 7198/6/4 7201/6/4
f 7199/6/4 7200/6/4 7206/6/4
f 7200/6/4 7201/6/4 7206/6/4
f 7201/6/4 7202/6/4 7206/6/4
f 7206/6/4 7202/6/4 7207/6/4
f 7207/6/4 7202/6/4 7208/6/4
f 7205/6/4 7206/6/4 7209/6/4
f 7206/6/4 7207/6/4 7209/6/4
f 7209/6/4 7207/6/4 7210/6/4
f 7203/6/4 7204/6/4 7211/6/4
f 7203/6/4 7211/6/4 7213/6/4
f 7211/6/4 7212/6/4 7213/6/4
f 7213/6/4 7212/6/4 7214/6/4
f 7203/6/4 7213/6/4 7215/6/4
f 7215/6/4 7213/6/4 7216/6/4
f 7217/6/4 7218/6/4 7219/6/4
f 7219/6/4 7218/6/4 7220/6/4
f 7221/8/4 7222/8/4 7224/8/4
f 7224/8/4 7222/8/4 7225/8/4
f 7222/1/4 7223/1/4 7226/1/4
f 7225/8/4 7222/8/4 7226/8/4
f 7225/1/4 7226/1/4 7227/1/4
f 7226/1/4 7223/1/4 7228/1/4
f 7227/1/4 7226/1/4 7228/1/4
f 7229/6/4 7230/6/4 7231/6/4
f 7231/6/4 7230/6/4 7232/6/4
f 7233/6/4 7234/6/4 7235/6/4
f 7235/6/4 7234/6/4 7236/6/4
f 7237/6/4 7238/6/4 7240/6/4
f 7239/6/4 7240/6/4 7241/6/4
f 7240/6/4 7238/6/4 7242/6/4
f 7241/6/4 7240/6/4 7242/6/4
f 7242/6/4 7238/6/4 7243/6/4
f 7244/5/4 7245/5/4 7246/5/4
f 7246/5/4 7245/5/4 7247/5/4
f 7248/5/4 7249/5/4 7250/5/4
f 7250/5/4 7249/5/4 7251/5/4
f 7252/5/4 7253/5/4 7256/5/4
f 7254/5/4 7255/5/4 7257/5/4
f 7252/5/4 7256/5/4 7260/5/4
f 7260/5/4 7256/5/4 7261/5/4
f 7257/5/4 7255/5/4 7263/5/4
f 7258/6/4 7259/6/4 7264/6/4
f 7264/6/4 7259/6/4 7265/6/4
f 7262/4/4 7263/4/4 7267/4/4
f 7263/5/4 7255/5/4 7268/5/4
f 7267/4/4 7263/4/4 7268/4/4
f 7268/5/4 7255/5/4 7269/5/4
f 7258/6/4 7264/6/4 7270/6/4
f 7265/5/4 7266/5/4 7271/5/4
f 7270/6/4 7264/6/4 7271/6/4
f 7264/5/4 7265/5/4 7271/5/4
f 7272/6/4 7273/6/4 7274/6/4
f 7274/6/4 7273/6/4 7275/6/4
f 7271/5/4 7266/5/4 7278/5/4
f 7278/5/4 7266/5/4 7279/5/4
f 7276/5/4 7277/5/4 7280/5/4
f 7280/5/4 7277/5/4 7281/5/4
f 7282/6/4 7283/6/4 7285/6/4
f 7283/8/4 7284/8/4 7286/8/4
f 7285/6/4 7283/6/4 7286/6/4
f 7286/8/4 7284/8/4 7287/8/4
f 7288/8/4 7289/8/4 7290/8/4
f 7290/8/4 7289/8/4 7291/8/4
f 7292/5/4 7293/5/4 7294/5/4
f 7294/5/4 7293/5/4 7295/5/4
f 7296/5/4 7297/5/4 7298/5/4
f 7298/5/4 7297/5/4 7299/5/4
f 7298/4/4 7299/4/4 7302/4/4
f 7302/4/4 7299/4/4 7303/4/4
f 7303/4/4 7299/4/4 7304/4/4
f 7300/5/4 7301/5/4 7305/5/4
f 7305/5/4 7301/5/4 7306/5/4
f 7307/5/4 7308/5/4 7309/5/4
f 7309/5/4 7308/5/4 7310/5/4
f 7311/8/4 7312/8/4 7313/8/4
f 7313/8/4 7312/8/4 7314/8/4
f 7314/8/4 7312/8/4 7315/8/4
f 7315/8/4 7312/8/4 7316/8/4
f 7317/6/4 7318/6/4 7319/6/4
f 7319/6/4 7318/6/4 7320/6/4
f 7321/1/4 7322/1/4 7325/1/4
f 7322/6/4 7323/6/4 7326/6/4
f 7325/1/4 7322/1/4 7326/1/4
f 7323/1/4 7324/1/4 7327/1/4
f 7326/6/4 7323/6/4 7327/6/4
f 7327/1/4 7324/1/4 7328/1/4
f 7325/6/4 7326/6/4 7329/6/4
f 7326/6/4 7327/6/4 7329/6/4
f 7327/6/4 7328/6/4 7329/6/4
f 7329/6/4 7328/6/4 7330/6/4
f 7330/6/4 7328/6/4 7331/6/4
f 7331/6/4 7328/6/4 7332/6/4
f 7330/6/4 7331/6/4 7333/6/4
f 7333/6/4 7331/6/4 7334/6/4
f 7334/6/4 7335/6/4 7337/6/4
f 7337/6/4 7335/6/4 7338/6/4
f 7337/6/4 7338/6/4 7340/6/4
f 7338/6/4 7339/6/4 7340/6/4
f 7336/6/4 7337/6/4 7340/6/4
f 7340/6/4 7339/6/4 7341/6/4
f 7336/6/4 7340/6/4 7342/6/4
f 7342/6/4 7340/6/4 7343/6/4
f 7344/5/4 7345/5/4 7346/5/4
f 7344/5/4 7346/5/4 7348/5/4
f 7346/5/4 7347/5/4 7348/5/4
f 7348/5/4 7347/5/4 7349/5/4
f 7349/5/4 7347/5/4 7350/5/4
f 7350/5/4 7347/5/4 7351/5/4
f 7352/5/4 7353/5/4 7355/5/4
f 7354/5/4 7355/5/4 7356/5/4
f 7355/5/4 7353/5/4 7357/5/4
f 7356/5/4 7355/5/4 7357/5/4
f 7358/5/4 7359/5/4 7360/5/4
f 7360/5/4 7359/5/4 7361/5/4
f 7361/5/4 7359/5/4 7362/5/4
f 7361/5/4 7362/5/4 7365/5/4
f 7362/5/4 7363/5/4 7365/5/4
f 7365/5/4 7363/5/4 7366/5/4
f 7364/5/4 7365/5/4 7366/5/4
f 7366/5/4 7363/5/4 7367/5/4
f 7368/6/4 7369/6/4 7370/6/4
f 7370/6/4 7369/6/4 7371/6/4
f 7364/5/4 7366/5/4 7372/5/4
f 7372/5/4 7366/5/4 7373/5/4
f 7371/6/4 7369/6/4 7374/6/4
f 7374/6/4 7369/6/4 7375/6/4
f 7376/6/4 7377/6/4 7378/6/4
f 7378/6/4 7377/6/4 7379/6/4
f 7379/6/4 7377/6/4 7380/6/4
f 7379/1/4 7380/1/4 7381/1/4
f 7381/1/4 7380/1/4 7382/1/4
f 7383/6/4 7384/6/4 7389/6/4
f 7385/6/4 7386/6/4 7390/6/4
f 7387/1/4 7388/1/4 7391/1/4
f 7391/1/4 7388/1/4 7392/1/4
f 7389/6/4 7390/6/4 7393/6/4
f 7383/6/4 7389/6/4 7393/6/4
f 7390/6/4 7386/6/4 7394/6/4
f 7393/6/4 7390/6/4 7394/6/4
f 7395/6/4 7396/6/4 7399/6/4
f 7399/6/4 7396/6/4 7400/6/4
f 7397/5/4 7398/5/4 7401/5/4
f 7401/5/4 7398/5/4 7402/5/4
f 7402/5/4 7398/5/4 7403/5/4
f 7403/5/4 7398/5/4 7404/5/4
f 7404/5/4 7398/5/4 7405/5/4
f 7406/5/4 7407/5/4 7410/5/4
f 7408/5/4 7409/5/4 7411/5/4
f 7411/5/4 7409/5/4 7412/5/4
f 7410/5/4 7407/5/4 7416/5/4
f 7413/5/4 7414/5/4 7417/5/4
f 7417/5/4 7414/5/4 7418/5/4
f 7415/5/4 7416/5/4 7420/5/4
f 7416/5/4 7407/5/4 7421/5/4
f 7420/5/4 7416/5/4 7421/5/4
f 7418/5/4 7419/5/4 7422/5/4
f 7417/5/4 7418/5/4 7422/5/4
f 7422/5/4 7419/5/4 7423/5/4
f 7423/5/4 7419/5/4 7424/5/4
f 7424/5/4 7419/5/4 7425/5/4
f 7423/5/4 7424/5/4 7426/5/4
f 7426/5/4 7424/5/4 7427/5/4
f 7428/5/4 7429/5/4 7430/5/4
f 7430/5/4 7429/5/4 7431/5/4
f 7428/5/4 7430/5/4 7434/5/4
f 7434/5/4 7430/5/4 7435/5/4
f 7432/6/4 7433/6/4 7436/6/4
f 7436/6/4 7433/6/4 7437/6/4
f 7436/1/4 7437/1/4 7438/1/4
f 7438/1/4 7437/1/4 7439/1/4
f 7440/1/4 7441/1/4 7442/1/4
f 7442/1/4 7441/1/4 7443/1/4
f 7444/7/4 7445/7/4 7446/7/4
f 7446/7/4 7445/7/4 7447/7/4
f 7448/6/4 7449/6/4 7452/6/4
f 7452/6/4 7449/6/4 7453/6/4
f 7450/6/4 7451/6/4 7456/6/4
f 7456/6/4 7451/6/4 7457/6/4
f 7454/6/4 7455/6/4 7460/6/4
f 7460/6/4 7455/6/4 7461/6/4
f 7458/6/4 7459/6/4 7462/6/4
f 7462/6/4 7459/6/4 7463/6/4
f 7464/5/4 7465/5/4 7466/5/4
f 7466/5/4 7465/5/4 7467/5/4
f 7464/5/4 7466/5/4 7469/5/4
f 7466/2/4 7467/2/4 7470/2/4
f 7469/5/4 7466/5/4 7470/5/4
f 7470/2/4 7467/2/4 7471/2/4
f 7470/5/4 7471/5/4 7473/5/4
f 7471/5/4 7472/5/4 7473/5/4
f 7469/5/4 7470/5/4 7473/5/4
f 7468/5/4 7469/5/4 7473/5/4
f 7473/5/4 7472/5/4 7474/5/4
f 7468/5/4 7473/5/4 7475/5/4
f 7475/5/4 7473/5/4 7476/5/4
f 7474/5/4 7472/5/4 7477/5/4
f 7476/5/4 7473/5/4 7479/5/4
f 7473/2/4 7474/2/4 7479/2/4
f 7477/5/4 7478/5/4 7480/5/4
f 7479/2/4 7474/2/4 7480/2/4
f 7474/5/4 7477/5/4 7480/5/4
f 7476/5/4 7479/5/4 7481/5/4
f 7479/5/4 7480/5/4 7481/5/4
f 7481/5/4 7480/5/4 7482/5/4
f 7480/5/4 7478/5/4 7483/5/4
f 7482/5/4 7480/5/4 7483/5/4
f 7482/2/4 7483/2/4 7486/2/4
f 7486/2/4 7483/2/4 7487/2/4
f 7484/5/4 7485/5/4 7488/5/4
f 7488/5/4 7485/5/4 7489/5/4
f 7487/2/4 7483/2/4 7490/2/4
f 7490/2/4 7483/2/4 7491/2/4
f 7492/6/4 7493/6/4 7494/6/4
f 7494/6/4 7493/6/4 7495/6/4
f 7496/6/4 7497/6/4 7500/6/4
f 7500/6/4 7497/6/4 7501/6/4
f 7498/1/4 7499/1/4 7502/1/4
f 7502/1/4 7499/1/4 7503/1/4
f 7504/1/4 7505/1/4 7508/1/4
f 7508/1/4 7505/1/4 7509/1/4
f 7506/6/4 7507/6/4 7510/6/4
f 7510/6/4 7507/6/4 7511/6/4
f 7512/6/4 7513/6/4 7515/6/4
f 7514/6/4 7515/6/4 7516/6/4
f 7515/6/4 7513/6/4 7517/6/4
f 7516/6/4 7515/6/4 7517/6/4
f 7517/6/4 7513/6/4 7518/6/4
f 7518/6/4 7519/6/4 7520/6/4
f 7517/6/4 7518/6/4 7520/6/4
f 7520/6/4 7519/6/4 7521/6/4
f 7521/6/4 7519/6/4 7522/6/4
f 7522/6/4 7523/6/4 7524/6/4
f 7521/6/4 7522/6/4 7524/6/4
f 7524/6/4 7523/6/4 7525/6/4
f 7525/6/4 7523/6/4 7526/6/4
f 7526/6/4 7527/6/4 7528/6/4
f 7525/6/4 7526/6/4 7528/6/4
f 7525/6/4 7528/6/4 7530/6/4
f 7528/5/4 7529/5/4 7530/5/4
f 7530/5/4 7529/5/4 7531/5/4
f 7525/6/4 7530/6/4 7532/6/4
f 7532/6/4 7530/6/4 7533/6/4
f 7533/6/4 7530/6/4 7536/6/4
f 7536/6/4 7530/6/4 7537/6/4
f 7536/5/4 7537/5/4 7538/5/4
f 7538/5/4 7537/5/4 7539/5/4
f 7534/5/4 7535/5/4 7540/5/4
f 7540/5/4 7535/5/4 7541/5/4
f 7544/5/4 7545/5/4 7549/5/4
f 7547/2/4 7548/2/4 7550/2/4
f 7546/2/4 7547/2/4 7550/2/4
f 7542/5/4 7543/5/4 7551/5/4
f 7551/5/4 7543/5/4 7552/5/4
f 7544/5/4 7549/5/4 7553/5/4
f 7549/5/4 7550/5/4 7553/5/4
f 7550/2/4 7548/2/4 7554/2/4
f 7553/5/4 7550/5/4 7554/5/4
f 7554/2/4 7548/2/4 7555/2/4
f 7554/5/4 7555/5/4 7556/5/4
f 7556/5/4 7555/5/4 7557/5/4
f 7558/6/4 7559/6/4 7560/6/4
f 7560/6/4 7559/6/4 7561/6/4
f 7560/1/4 7561/1/4 7563/1/4
f 7561/1/4 7562/1/4 7563/1/4
f 7563/1/4 7562/1/4 7564/1/4
f 7564/1/4 7562/1/4 7565/1/4
f 7565/1/4 7562/1/4 7566/1/4
f 7566/1/4 7562/1/4 7567/1/4
f 7568/1/4 7569/1/4 7571/1/4
f 7569/1/4 7570/1/4 7571/1/4
f 7571/1/4 7570/1/4 7572/1/4
f 7573/5/4 7574/5/4 7575/5/4
f 7575/5/4 7574/5/4 7576/5/4
f 7573/5/4 7575/5/4 7580/5/4
f 7580/5/4 7575/5/4 7581/5/4
f 7578/2/4 7579/2/4 7582/2/4
f 7577/5/4 7578/5/4 7582/5/4
f 7582/2/4 7579/2/4 7583/2/4
f 7577/5/4 7582/5/4 7584/5/4
f 7584/5/4 7582/5/4 7585/5/4
f 7586/1/4 7587/1/4 7589/1/4
f 7589/1/4 7587/1/4 7590/1/4
f 7587/8/4 7588/8/4 7591/8/4
f 7590/1/4 7587/1/4 7591/1/4
f 7591/8/4 7588/8/4 7592/8/4
f 7593/5/4 7594/5/4 7595/5/4
f 7595/5/4 7594/5/4 7596/5/4
f 7593/5/4 7595/5/4 7597/5/4
f 7593/5/4 7597/5/4 7600/5/4
f 7598/5/4 7599/5/4 7600/5/4
f 7597/5/4 7598/5/4 7600/5/4
f 7600/5/4 7599/5/4 7601/5/4
f 7601/5/4 7599/5/4 7602/5/4
f 7602/5/4 7599/5/4 7603/5/4
f 7601/5/4 7602/5/4 7604/5/4
f 7604/5/4 7602/5/4 7605/5/4
f 7606/6/4 7607/6/4 7608/6/4
f 7608/6/4 7607/6/4 7609/6/4
f 7609/6/4 7607/6/4 7610/6/4
f 7610/6/4 7607/6/4 7611/6/4
f 7612/1/4 7613/1/4 7615/1/4
f 7613/8/4 7614/8/4 7616/8/4
f 7615/1/4 7613/1/4 7616/1/4
f 7616/8/4 7614/8/4 7617/8/4
f 7618/6/4 7619/6/4 7621/6/4
f 7620/1/4 7621/1/4 7622/1/4
f 7622/1/4 7621/1/4 7623/1/4
f 7623/1/4 7621/1/4 7624/1/4
f 7621/6/4 7619/6/4 7625/6/4
f 7624/1/4 7621/1/4 7625/1/4
f 7625/6/4 7619/6/4 7626/6/4
f 7627/6/4 7628/6/4 7629/6/4
f 7629/6/4 7628/6/4 7630/6/4
f 7631/6/4 7632/6/4 7633/6/4
f 7633/6/4 7632/6/4 7634/6/4
f 7633/1/4 7634/1/4 7635/1/4
f 7635/1/4 7634/1/4 7636/1/4
f 7637/6/4 7638/6/4 7639/6/4
f 7639/6/4 7638/6/4 7640/6/4
f 7639/1/4 7640/1/4 7641/1/4
f 7641/1/4 7640/1/4 7642/1/4
f 7642/1/4 7640/1/4 7643/1/4
f 7644/1/4 7645/1/4 7646/1/4
f 7646/1/4 7645/1/4 7647/1/4
f 7648/5/4 7649/5/4 7650/5/4
f 7650/5/4 7649/5/4 7651/5/4
f 7648/5/4 7650/5/4 7652/5/4
f 7650/2/4 7651/2/4 7653/2/4
f 7652/5/4 7650/5/4 7653/5/4
f 7653/2/4 7651/2/4 7654/2/4
f 7655/5/4 7656/5/4 7657/5/4
f 7657/5/4 7656/5/4 7658/5/4
f 7659/6/4 7660/6/4 7661/6/4
f 7661/6/4 7660/6/4 7662/6/4
f 7661/1/4 7662/1/4 7663/1/4
f 7663/1/4 7662/1/4 7664/1/4
f 7664/1/4 7662/1/4 7665/1/4
f 7665/1/4 7662/1/4 7666/1/4
f 7664/1/4 7665/1/4 7667/1/4
f 7667/1/4 7665/1/4 7668/1/4
f 7666/1/4 7662/1/4 7669/1/4
f 7669/1/4 7662/1/4 7670/1/4
f 7670/1/4 7662/1/4 7671/1/4
f 7672/1/4 7673/1/4 7678/1/4
f 7678/1/4 7673/1/4 7679/1/4
f 7674/1/4 7675/1/4 7680/1/4
f 7680/1/4 7675/1/4 7681/1/4
f 7676/1/4 7677/1/4 7682/1/4
f 7682/1/4 7677/1/4 7683/1/4
f 7684/6/4 7685/6/4 7691/6/4
f 7685/6/4 7686/6/4 7691/6/4
f 7691/6/4 7686/6/4 7692/6/4
f 7692/6/4 7686/6/4 7695/6/4
f 7686/1/4 7687/1/4 7696/1/4
f 7695/6/4 7686/6/4 7696/6/4
f 7687/8/4 7688/8/4 7697/8/4
f 7696/1/4 7687/1/4 7697/1/4
f 7693/5/4 7694/5/4 7698/5/4
f 7698/5/4 7694/5/4 7699/5/4
f 7695/8/4 7696/8/4 7700/8/4
f 7697/8/4 7688/8/4 7700/8/4
f 7696/8/4 7697/8/4 7700/8/4
f 7688/1/4 7689/1/4 7701/1/4
f 7700/8/4 7688/8/4 7701/8/4
f 7701/1/4 7689/1/4 7702/1/4
f 7689/6/4 7690/6/4 7703/6/4
f 7702/1/4 7689/1/4 7703/1/4
f 7695/8/4 7700/8/4 7706/8/4
f 7706/8/4 7700/8/4 7707/8/4
f 7702/8/4 7703/8/4 7708/8/4
f 7703/6/4 7690/6/4 7709/6/4
f 7708/8/4 7703/8/4 7709/8/4
f 7709/6/4 7690/6/4 7710/6/4
f 7704/1/4 7705/1/4 7713/1/4
f 7713/1/4 7705/1/4 7714/1/4
f 7711/8/4 7712/8/4 7715/8/4
f 7712/8/4 7713/8/4 7715/8/4
f 7715/8/4 7713/8/4 7716/8/4
f 7717/1/4 7718/1/4 7719/1/4
f 7719/1/4 7718/1/4 7720/1/4
f 7721/8/4 7722/8/4 7728/8/4
f 7728/8/4 7722/8/4 7729/8/4
f 7723/8/4 7724/8/4 7730/8/4
f 7724/1/4 7725/1/4 7731/1/4
f 7730/8/4 7724/8/4 7731/8/4
f 7731/1/4 7725/1/4 7732/1/4
f 7726/1/4 7727/1/4 7733/1/4
f 7733/1/4 7727/1/4 7734/1/4
f 7735/1/4 7736/1/4 7739/1/4
f 7736/6/4 7737/6/4 7740/6/4
f 7739/1/4 7736/1/4 7740/1/4
f 7737/1/4 7738/1/4 7741/1/4
f 7740/6/4 7737/6/4 7741/6/4
f 7741/1/4 7738/1/4 7742/1/4
f 7743/8/4 7744/8/4 7747/8/4
f 7747/8/4 7744/8/4 7748/8/4
f 7745/1/4 7746/1/4 7749/1/4
f 7749/1/4 7746/1/4 7750/1/4
f 7750/1/4 7751/1/4 7754/1/4
f 7754/1/4 7751/1/4 7755/1/4
f 7752/8/4 7753/8/4 7756/8/4
f 7756/8/4 7753/8/4 7757/8/4
f 7758/5/4 7759/5/4 7761/5/4
f 7760/5/4 7761/5/4 7762/5/4
f 7761/5/4 7759/5/4 7763/5/4
f 7762/5/4 7761/5/4 7763/5/4
f 7764/1/4 7765/1/4 7766/1/4
f 7766/1/4 7765/1/4 7767/1/4
f 7767/1/4 7765/1/4 7768/1/4
f 7767/1/4 7768/1/4 7770/1/4
f 7768/8/4 7769/8/4 7770/8/4
f 7770/8/4 7769/8/4 7771/8/4
f 7766/6/4 7767/6/4 7774/6/4
f 7767/1/4 7770/1/4 7775/1/4
f 7774/6/4 7767/6/4 7775/6/4
f 7775/1/4 7770/1/4 7776/1/4
f 7772/6/4 7773/6/4 7780/6/4
f 7780/6/4 7773/6/4 7781/6/4
f 7777/1/4 7778/1/4 7785/1/4
f 7778/8/4 7779/8/4 7786/8/4
f 7785/1/4 7778/1/4 7786/1/4
f 7781/1/4 7782/1/4 7787/1/4
f 7786/8/4 7779/8/4 7787/8/4
f 7779/1/4 7780/1/4 7787/1/4
f 7780/1/4 7781/1/4 7787/1/4
f 7782/6/4 7783/6/4 7788/6/4
f 7787/1/4 7782/1/4 7788/1/4
f 7783/1/4 7784/1/4 7789/1/4
f 7788/6/4 7783/6/4 7789/6/4
f 7789/1/4 7784/1/4 7790/1/4
f 7791/8/4 7792/8/4 7793/8/4
f 7791/8/4 7793/8/4 7794/8/4
f 7794/8/4 7793/8/4 7795/8/4
f 7795/8/4 7793/8/4 7796/8/4
f 7794/6/4 7795/6/4 7798/6/4
f 7795/1/4 7796/1/4 7799/1/4
f 7798/6/4 7795/6/4 7799/6/4
f 7796/1/4 7797/1/4 7799/1/4
f 7799/1/4 7797/1/4 7800/1/4
f 7801/1/4 7802/1/4 7806/1/4
f 7802/1/4 7803/1/4 7806/1/4
f 7806/1/4 7803/1/4 7807/1/4
f 7804/1/4 7805/1/4 7810/1/4
f 7810/1/4 7805/1/4 7811/1/4
f 7808/1/4 7809/1/4 7812/1/4
f 7812/1/4 7809/1/4 7813/1/4
f 7814/5/4 7815/5/4 7816/5/4
f 7816/5/4 7815/5/4 7817/5/4
f 7818/6/4 7819/6/4 7820/6/4
f 7820/6/4 7819/6/4 7821/6/4
f 7824/1/4 7825/1/4 7830/1/4
f 7822/1/4 7823/1/4 7833/1/4
f 7833/1/4 7823/1/4 7834/1/4
f 7826/6/4 7827/6/4 7837/6/4
f 7837/6/4 7827/6/4 7838/6/4
f 7827/1/4 7828/1/4 7839/1/4
f 7838/6/4 7827/6/4 7839/6/4
f 7839/1/4 7828/1/4 7840/1/4
f 7829/1/4 7830/1/4 7841/1/4
f 7830/1/4 7825/1/4 7841/1/4
f 7835/8/4 7836/8/4 7843/8/4
f 7843/8/4 7836/8/4 7844/8/4
f 7844/8/4 7836/8/4 7845/8/4
f 7845/8/4 7836/8/4 7846/8/4
f 7841/6/4 7842/6/4 7847/6/4
f 7847/6/4 7842/6/4 7848/6/4
f 7831/5/4 7832/5/4 7849/5/4
f 7849/5/4 7832/5/4 7850/5/4
f 7844/1/4 7845/1/4 7851/1/4
f 7845/6/4 7846/6/4 7852/6/4
f 7851/1/4 7845/1/4 7852/1/4
f 7852/6/4 7846/6/4 7853/6/4
f 7829/1/4 7841/1/4 7854/1/4
f 7841/6/4 7847/6/4 7855/6/4
f 7854/1/4 7841/1/4 7855/1/4
f 7839/8/4 7840/8/4 7856/8/4
f 7838/8/4 7839/8/4 7856/8/4
f 7856/8/4 7840/8/4 7857/8/4
f 7854/6/4 7855/6/4 7858/6/4
f 7858/6/4 7855/6/4 7859/6/4
f 7855/6/4 7847/6/4 7860/6/4
f 7859/6/4 7855/6/4 7860/6/4
f 7860/6/4 7847/6/4 7861/6/4
f 7856/6/4 7857/6/4 7863/6/4
f 7863/6/4 7857/6/4 7864/6/4
f 7859/6/4 7860/6/4 7865/6/4
f 7865/6/4 7860/6/4 7866/6/4
f 7863/6/4 7864/6/4 7867/6/4
f 7862/6/4 7863/6/4 7867/6/4
f 7864/6/4 7865/6/4 7867/6/4
f 7867/6/4 7865/6/4 7868/6/4
f 7868/6/4 7865/6/4 7869/6/4
f 7866/6/4 7860/6/4 7870/6/4
f 7870/6/4 7860/6/4 7871/6/4
f 7872/6/4 7873/6/4 7877/6/4
f 7873/1/4 7874/1/4 7878/1/4
f 7877/6/4 7873/6/4 7878/6/4
f 7878/1/4 7874/1/4 7879/1/4
f 7875/6/4 7876/6/4 7880/6/4
f 7875/6/4 7880/6/4 7881/6/4
f 7881/6/4 7880/6/4 7882/6/4
f 7883/5/4 7884/5/4 7885/5/4
f 7885/5/4 7884/5/4 7886/5/4
f 7887/6/4 7888/6/4 7890/6/4
f 7890/6/4 7888/6/4 7891/6/4
f 7891/6/4 7888/6/4 7892/6/4
f 7889/6/4 7890/6/4 7894/6/4
f 7890/6/4 7891/6/4 7894/6/4
f 7894/6/4 7891/6/4 7895/6/4
f 7895/6/4 7891/6/4 7896/6/4
f 7893/6/4 7894/6/4 7897/6/4
f 7894/6/4 7895/6/4 7897/6/4
f 7897/6/4 7895/6/4 7898/6/4
f 7899/1/4 7900/1/4 7904/1/4
f 7904/1/4 7900/1/4 7905/1/4
f 7901/6/4 7902/6/4 7906/6/4
f 7902/1/4 7903/1/4 7907/1/4
f 7906/6/4 7902/6/4 7907/6/4
f 7904/6/4 7905/6/4 7908/6/4
f 7901/6/4 7906/6/4 7910/6/4
f 7910/6/4 7906/6/4 7911/6/4
f 7911/6/4 7906/6/4 7912/6/4
f 7907/1/4 7903/1/4 7913/1/4
f 7913/1/4 7903/1/4 7914/1/4
f 7908/6/4 7909/6/4 7921/6/4
f 7904/6/4 7908/6/4 7921/6/4
f 7921/6/4 7909/6/4 7922/6/4
f 7915/1/4 7916/1/4 7924/1/4
f 7924/1/4 7916/1/4 7925/1/4
f 7925/1/4 7916/1/4 7926/1/4
f 7917/8/4 7918/8/4 7928/8/4
f 7919/8/4 7920/8/4 7929/8/4
f 7923/1/4 7924/1/4 7934/1/4
f 7924/1/4 7925/1/4 7934/1/4
f 7925/6/4 7926/6/4 7935/6/4
f 7934/1/4 7925/1/4 7935/1/4
f 7926/1/4 7927/1/4 7936/1/4
f 7935/6/4 7926/6/4 7936/6/4
f 7936/1/4 7927/1/4 7937/1/4
f 7937/1/4 7927/1/4 7938/1/4
f 7917/8/4 7928/8/4 7939/8/4
f 7939/8/4 7928/8/4 7940/8/4
f 7929/8/4 7920/8/4 7941/8/4
f 7930/5/4 7931/5/4 7942/5/4
f 7942/5/4 7931/5/4 7943/5/4
f 7932/5/4 7933/5/4 7944/5/4
f 7944/5/4 7933/5/4 7945/5/4
f 7937/1/4 7938/1/4 7948/1/4
f 7938/1/4 7939/1/4 7948/1/4
f 7939/8/4 7940/8/4 7949/8/4
f 7948/1/4 7939/1/4 7949/1/4
f 7949/8/4 7940/8/4 7950/8/4
f 7941/8/4 7920/8/4 7951/8/4
f 7951/8/4 7920/8/4 7952/8/4
f 7946/6/4 7947/6/4 7953/6/4
f 7953/6/4 7947/6/4 7954/6/4
f 7947/1/4 7948/1/4 7955/1/4
f 7954/6/4 7947/6/4 7955/6/4
f 7948/1/4 7949/1/4 7955/1/4
f 7955/1/4 7949/1/4 7956/1/4
f 7956/1/4 7949/1/4 7957/1/4
f 7951/6/4 7952/6/4 7960/6/4
f 7960/6/4 7952/6/4 7961/6/4
f 7954/1/4 7955/1/4 7964/1/4
f 7955/1/4 7956/1/4 7964/1/4
f 7964/1/4 7956/1/4 7965/1/4
f 7958/6/4 7959/6/4 7966/6/4
f 7965/1/4 7956/1/4 7966/1/4
f 7957/6/4 7958/6/4 7966/6/4
f 7956/6/4 7957/6/4 7966/6/4
f 7966/6/4 7959/6/4 7967/6/4
f 7962/6/4 7963/6/4 7969/6/4
f 7969/6/4 7963/6/4 7970/6/4
f 7970/6/4 7963/6/4 7971/6/4
f 7971/6/4 7972/6/4 7975/6/4
f 7975/6/4 7972/6/4 7976/6/4
f 7969/6/4 7970/6/4 7977/6/4
f 7968/6/4 7969/6/4 7977/6/4
f 7977/6/4 7970/6/4 7978/6/4
f 7973/5/4 7974/5/4 7979/5/4
f 7979/5/4 7974/5/4 7980/5/4
f 7981/6/4 7982/6/4 7983/6/4
f 7978/6/4 7970/6/4 7984/6/4
f 7984/6/4 7970/6/4 7985/6/4
f 7983/6/4 7982/6/4 7986/6/4
f 7986/6/4 7982/6/4 7987/6/4
f 7988/6/4 7989/6/4 7990/6/4
f 7990/6/4 7989/6/4 7991/6/4
f 7991/6/4 7989/6/4 7992/6/4
f 7990/1/4 7991/1/4 7993/1/4
f 7993/1/4 7991/1/4 7994/1/4
f 7995/5/4 7996/5/4 7997/5/4
f 7997/5/4 7996/5/4 7998/5/4
f 7999/6/4 8000/6/4 8002/6/4
f 8000/6/4 8001/6/4 8002/6/4
f 7999/6/4 8002/6/4 8004/6/4
f 8002/6/4 8003/6/4 8004/6/4
f 8004/6/4 8003/6/4 8005/6/4
f 7999/6/4 8004/6/4 8008/6/4
f 8008/6/4 8004/6/4 8009/6/4
f 8006/1/4 8007/1/4 8012/1/4
f 8012/1/4 8007/1/4 8013/1/4
f 8012/1/4 8013/1/4 8017/1/4
f 8013/1/4 8014/1/4 8017/1/4
f 8017/1/4 8014/1/4 8018/1/4
f 8018/1/4 8014/1/4 8019/1/4
f 8019/1/4 8014/1/4 8020/1/4
f 8015/8/4 8016/8/4 8021/8/4
f 8021/8/4 8016/8/4 8022/8/4
f 8010/5/4 8011/5/4 8023/5/4
f 8023/5/4 8011/5/4 8024/5/4
f 8017/6/4 8018/6/4 8025/6/4
f 8018/1/4 8019/1/4 8026/1/4
f 8025/6/4 8018/6/4 8026/6/4
f 8026/1/4 8019/1/4 8027/1/4
f 8027/1/4 8019/1/4 8028/1/4
f 8028/1/4 8019/1/4 8029/1/4
f 8021/6/4 8022/6/4 8032/6/4
f 8032/6/4 8022/6/4 8033/6/4
f 8025/6/4 8026/6/4 8035/6/4
f 8026/6/4 8027/6/4 8035/6/4
f 8035/6/4 8027/6/4 8036/6/4
f 8028/6/4 8029/6/4 8037/6/4
f 8029/6/4 8030/6/4 8037/6/4
f 8037/6/4 8030/6/4 8038/6/4
f 8030/1/4 8031/1/4 8039/1/4
f 8038/6/4 8030/6/4 8039/6/4
f 8039/1/4 8031/1/4 8040/1/4
f 8032/1/4 8033/1/4 8042/1/4
f 8042/1/4 8033/1/4 8043/1/4
f 8037/6/4 8038/6/4 8044/6/4
f 8035/6/4 8036/6/4 8044/6/4
f 8034/6/4 8035/6/4 8044/6/4
f 8036/6/4 8037/6/4 8044/6/4
f 8044/6/4 8038/6/4 8045/6/4
f 8045/6/4 8038/6/4 8046/6/4
f 8041/1/4 8042/1/4 8048/1/4
f 8042/6/4 8043/6/4 8049/6/4
f 8048/1/4 8042/1/4 8049/1/4
f 8049/6/4 8043/6/4 8050/6/4
f 8046/1/4 8047/1/4 8053/1/4
f 8053/1/4 8047/1/4 8054/1/4
f 8053/8/4 8054/8/4 8059/8/4
f 8051/8/4 8052/8/4 8059/8/4
f 8052/8/4 8053/8/4 8059/8/4
f 8056/6/4 8057/6/4 8060/6/4
f 8058/8/4 8059/8/4 8062/8/4
f 8059/8/4 8054/8/4 8063/8/4
f 8062/8/4 8059/8/4 8063/8/4
f 8063/8/4 8054/8/4 8064/8/4
f 8054/6/4 8055/6/4 8065/6/4
f 8064/8/4 8054/8/4 8065/8/4
f 8065/6/4 8055/6/4 8066/6/4
f 8060/6/4 8061/6/4 8067/6/4
f 8056/6/4 8060/6/4 8067/6/4
f 8067/6/4 8061/6/4 8068/6/4
f 8058/8/4 8062/8/4 8071/8/4
f 8064/6/4 8065/6/4 8073/6/4
f 8073/6/4 8065/6/4 8074/6/4
f 8074/6/4 8065/6/4 8075/6/4
f 8071/8/4 8072/8/4 8076/8/4
f 8076/8/4 8072/8/4 8077/8/4
f 8073/6/4 8074/6/4 8078/6/4
f 8078/6/4 8074/6/4 8079/6/4
f 8056/6/4 8067/6/4 8080/6/4
f 8080/6/4 8067/6/4 8081/6/4
f 8058/8/4 8071/8/4 8083/8/4
f 8071/8/4 8076/8/4 8083/8/4
f 8076/6/4 8077/6/4 8084/6/4
f 8083/8/4 8076/8/4 8084/8/4
f 8081/6/4 8082/6/4 8085/6/4
f 8085/6/4 8082/6/4 8086/6/4
f 8069/5/4 8070/5/4 8087/5/4
f 8087/5/4 8070/5/4 8088/5/4
f 8058/8/4 8083/8/4 8089/8/4
f 8083/1/4 8084/1/4 8090/1/4
f 8089/8/4 8083/8/4 8090/8/4
f 8084/6/4 8077/6/4 8091/6/4
f 8090/1/4 8084/1/4 8091/1/4
f 8069/5/4 8087/5/4 8092/5/4
f 8087/2/4 8088/2/4 8093/2/4
f 8092/5/4 8087/5/4 8093/5/4
f 8091/6/4 8077/6/4 8094/6/4
f 8094/6/4 8077/6/4 8095/6/4
f 8096/6/4 8097/6/4 8098/6/4
f 8098/6/4 8097/6/4 8099/6/4
f 8092/4/4 8093/4/4 8100/4/4
f 8093/2/4 8088/2/4 8101/2/4
f 8100/4/4 8093/4/4 8101/4/4
f 8101/2/4 8088/2/4 8102/2/4
f 8103/2/4 8104/2/4 8105/2/4
f 8105/2/4 8104/2/4 8106/2/4
f 8106/2/4 8104/2/4 8107/2/4
f 8106/4/4 8107/4/4 8108/4/4
f 8108/4/4 8107/4/4 8109/4/4
f 8108/2/4 8109/2/4 8111/2/4
f 8110/2/4 8111/2/4 8113/2/4
f 8111/2/4 8109/2/4 8114/2/4
f 8113/2/4 8111/2/4 8114/2/4
f 8112/5/4 8113/5/4 8115/5/4
f 8113/5/4 8114/5/4 8115/5/4
f 8115/5/4 8114/5/4 8116/5/4
f 8119/1/4 8120/1/4 8121/1/4
f 8121/1/4 8120/1/4 8122/1/4
f 8119/1/4 8121/1/4 8123/1/4
f 8123/1/4 8121/1/4 8124/1/4
f 8127/6/4 8128/6/4 8129/6/4
f 8129/6/4 8128/6/4 8130/6/4
f 8125/2/4 8126/2/4 8131/2/4
f 8131/2/4 8126/2/4 8132/2/4
f 8132/2/4 8126/2/4 8133/2/4
f 8131/5/4 8132/5/4 8134/5/4
f 8132/4/4 8133/4/4 8135/4/4
f 8134/5/4 8132/5/4 8135/5/4
f 8135/4/4 8133/4/4 8138/4/4
f 8138/4/4 8133/4/4 8139/4/4
f 8136/1/4 8137/1/4 8140/1/4
f 8140/1/4 8137/1/4 8141/1/4
f 8117/5/4 8118/5/4 8142/5/4
f 8138/5/4 8139/5/4 8143/5/4
f 8143/5/4 8139/5/4 8144/5/4
f 8140/6/4 8141/6/4 8145/6/4
f 8145/6/4 8141/6/4 8146/6/4
f 8142/5/4 8118/5/4 8149/5/4
f 8149/5/4 8118/5/4 8150/5/4
f 8144/5/4 8139/5/4 8151/5/4
f 8151/5/4 8139/5/4 8152/5/4
f 8145/8/4 8146/8/4 8153/8/4
f 8153/8/4 8146/8/4 8154/8/4
f 8147/6/4 8148/6/4 8155/6/4
f 8155/6/4 8148/6/4 8156/6/4
f 8157/8/4 8158/8/4 8160/8/4
f 8158/1/4 8159/1/4 8161/1/4
f 8160/8/4 8158/8/4 8161/8/4
f 8161/1/4 8159/1/4 8162/1/4
f 8157/8/4 8160/8/4 8163/8/4
f 8163/8/4 8160/8/4 8164/8/4
f 8165/6/4 8166/6/4 8170/6/4
f 8167/8/4 8168/8/4 8171/8/4
f 8168/6/4 8169/6/4 8172/6/4
f 8171/8/4 8168/8/4 8172/8/4
f 8172/6/4 8169/6/4 8173/6/4
f 8170/6/4 8166/6/4 8174/6/4
f 8174/6/4 8166/6/4 8175/6/4
f 8176/4/4 8177/4/4 8180/4/4
f 8180/4/4 8177/4/4 8181/4/4
f 8178/1/4 8179/1/4 8182/1/4
f 8182/1/4 8179/1/4 8183/1/4
f 8180/2/4 8181/2/4 8184/2/4
f 8184/2/4 8181/2/4 8185/2/4
f 8186/1/4 8187/1/4 8191/1/4
f 8191/1/4 8187/1/4 8192/1/4
f 8190/1/4 8191/1/4 8193/1/4
f 8191/1/4 8192/1/4 8193/1/4
f 8193/1/4 8192/1/4 8194/1/4
f 8194/1/4 8192/1/4 8195/1/4
f 8188/4/4 8189/4/4 8197/4/4
f 8197/4/4 8189/4/4 8198/4/4
f 8195/1/4 8196/1/4 8199/1/4
f 8194/1/4 8195/1/4 8199/1/4
f 8199/1/4 8196/1/4 8200/1/4
f 8200/1/4 8196/1/4 8201/1/4
f 8201/1/4 8202/1/4 8203/1/4
f 8200/1/4 8201/1/4 8203/1/4
f 8203/1/4 8202/1/4 8204/1/4
f 8197/2/4 8198/2/4 8205/2/4
f 8205/2/4 8198/2/4 8206/2/4
f 8204/1/4 8202/1/4 8207/1/4
f 8207/1/4 8202/1/4 8208/1/4
f 8209/1/4 8210/1/4 8212/1/4
f 8212/1/4 8210/1/4 8213/1/4
f 8211/6/4 8212/6/4 8214/6/4
f 8212/6/4 8213/6/4 8214/6/4
f 8211/6/4 8214/6/4 8218/6/4
f 8214/6/4 8215/6/4 8218/6/4
f 8218/6/4 8215/6/4 8219/6/4
f 8216/1/4 8217/1/4 8220/1/4
f 8216/1/4 8220/1/4 8223/1/4
f 8220/1/4 8221/1/4 8223/1/4
f 8223/1/4 8221/1/4 8224/1/4
f 8222/6/4 8223/6/4 8225/6/4
f 8225/6/4 8223/6/4 8226/6/4
f 8226/6/4 8223/6/4 8227/6/4
f 8227/6/4 8228/6/4 8230/6/4
f 8226/6/4 8227/6/4 8230/6/4
f 8230/6/4 8228/6/4 8231/6/4
f 8232/5/4 8233/5/4 8234/5/4
f 8234/5/4 8233/5/4 8235/5/4
f 8230/8/4 8231/8/4 8236/8/4
f 8229/8/4 8230/8/4 8236/8/4
f 8236/8/4 8231/8/4 8237/8/4
f 8238/6/4 8239/6/4 8240/6/4
f 8238/6/4 8240/6/4 8241/6/4
f 8241/6/4 8240/6/4 8242/6/4
f 8242/6/4 8240/6/4 8243/6/4
f 8243/6/4 8240/6/4 8244/6/4
f 8244/6/4 8245/6/4 8248/6/4
f 8248/6/4 8245/6/4 8249/6/4
f 8246/1/4 8247/1/4 8252/1/4
f 8252/1/4 8247/1/4 8253/1/4
f 8250/6/4 8251/6/4 8254/6/4
f 8253/1/4 8247/1/4 8256/1/4
f 8256/1/4 8247/1/4 8257/1/4
f 8250/6/4 8254/6/4 8258/6/4
f 8254/1/4 8255/1/4 8259/1/4
f 8258/6/4 8254/6/4 8259/6/4
f 8259/1/4 8255/1/4 8260/1/4
f 8260/1/4 8261/1/4 8262/1/4
f 8259/1/4 8260/1/4 8262/1/4
f 8262/1/4 8261/1/4 8263/1/4
f 8263/1/4 8261/1/4 8264/1/4
f 8264/1/4 8265/1/4 8266/1/4
f 8263/1/4 8264/1/4 8268/1/4
f 8266/1/4 8267/1/4 8268/1/4
f 8264/1/4 8266/1/4 8268/1/4
f 8268/1/4 8267/1/4 8269/1/4
f 8269/1/4 8267/1/4 8270/1/4
f 8270/1/4 8267/1/4 8271/1/4
f 8272/5/4 8273/5/4 8274/5/4
f 8274/5/4 8273/5/4 8275/5/4
f 8275/5/4 8273/5/4 8276/5/4
f 8276/5/4 8273/5/4 8277/5/4
f 8277/5/4 8273/5/4 8278/5/4
f 8279/1/4 8280/1/4 8281/1/4
f 8281/1/4 8280/1/4 8282/1/4
f 8281/6/4 8282/6/4 8284/6/4
f 8282/1/4 8283/1/4 8285/1/4
f 8284/6/4 8282/6/4 8285/6/4
f 8285/1/4 8283/1/4 8286/1/4
f 8287/1/4 8288/1/4 8292/1/4
f 8288/1/4 8289/1/4 8292/1/4
f 8292/1/4 8289/1/4 8293/1/4
f 8290/6/4 8291/6/4 8294/6/4
f 8294/6/4 8291/6/4 8295/6/4
f 8296/6/4 8297/6/4 8298/6/4
f 8298/6/4 8297/6/4 8299/6/4
f 8296/6/4 8298/6/4 8300/6/4
f 8300/6/4 8298/6/4 8301/6/4
f 8302/8/4 8303/8/4 8305/8/4
f 8303/1/4 8304/1/4 8306/1/4
f 8305/8/4 8303/8/4 8306/8/4
f 8306/1/4 8304/1/4 8307/1/4
f 8305/6/4 8306/6/4 8309/6/4
f 8307/1/4 8308/1/4 8309/1/4
f 8306/1/4 8307/1/4 8309/1/4
f 8309/1/4 8308/1/4 8310/1/4
f 8305/6/4 8309/6/4 8311/6/4
f 8311/6/4 8309/6/4 8312/6/4
f 8310/1/4 8308/1/4 8313/1/4
f 8313/1/4 8308/1/4 8314/1/4
f 8314/1/4 8308/1/4 8315/1/4
f 8316/5/4 8317/5/4 8318/5/4
f 8318/5/4 8317/5/4 8319/5/4
f 8318/5/4 8319/5/4 8321/5/4
f 8319/5/4 8320/5/4 8321/5/4
f 8321/5/4 8320/5/4 8322/5/4
f 8323/5/4 8324/5/4 8325/5/4
f 8325/5/4 8324/5/4 8326/5/4
f 8329/6/4 8330/6/4 8332/6/4
f 8332/6/4 8330/6/4 8333/6/4
f 8331/6/4 8332/6/4 8334/6/4
f 8334/6/4 8332/6/4 8335/6/4
f 8327/6/4 8328/6/4 8336/6/4
f 8336/6/4 8328/6/4 8337/6/4
f 8338/5/4 8339/5/4 8340/5/4
f 8340/5/4 8339/5/4 8341/5/4
f 8338/5/4 8340/5/4 8342/5/4
f 8342/5/4 8340/5/4 8343/5/4
f 8344/5/4 8345/5/4 8347/5/4
f 8346/5/4 8347/5/4 8351/5/4
f 8348/6/4 8349/6/4 8352/6/4
f 8352/6/4 8349/6/4 8353/6/4
f 8348/6/4 8352/6/4 8354/6/4
f 8354/6/4 8352/6/4 8355/6/4
f 8356/1/4 8357/1/4 8358/1/4
f 8358/1/4 8357/1/4 8359/1/4
f 8350/5/4 8351/5/4 8360/5/4
f 8347/5/4 8345/5/4 8361/5/4
f 8360/5/4 8351/5/4 8361/5/4
f 8351/5/4 8347/5/4 8361/5/4
f 8362/4/4 8363/4/4 8365/4/4
f 8365/4/4 8363/4/4 8366/4/4
f 8364/4/4 8365/4/4 8368/4/4
f 8367/4/4 8368/4/4 8374/4/4
f 8365/2/4 8366/2/4 8375/2/4
f 8374/4/4 8368/4/4 8375/4/4
f 8368/4/4 8365/4/4 8375/4/4
f 8369/2/4 8370/2/4 8376/2/4
f 8370/5/4 8371/5/4 8377/5/4
f 8376/2/4 8370/2/4 8377/2/4
f 8377/5/4 8371/5/4 8378/5/4
f 8372/5/4 8373/5/4 8379/5/4
f 8379/5/4 8373/5/4 8380/5/4
f 8375/2/4 8366/2/4 8381/2/4
f 8381/2/4 8366/2/4 8382/2/4
f 8383/5/4 8384/5/4 8385/5/4
f 8385/5/4 8384/5/4 8386/5/4
f 8387/6/4 8388/6/4 8393/6/4
f 8389/6/4 8390/6/4 8394/6/4
f 8394/6/4 8390/6/4 8395/6/4
f 8387/6/4 8393/6/4 8397/6/4
f 8393/6/4 8394/6/4 8397/6/4
f 8397/6/4 8394/6/4 8398/6/4
f 8398/6/4 8394/6/4 8399/6/4
f 8396/6/4 8397/6/4 8400/6/4
f 8397/6/4 8398/6/4 8400/6/4
f 8400/6/4 8398/6/4 8401/6/4
f 8396/6/4 8400/6/4 8402/6/4
f 8402/6/4 8400/6/4 8403/6/4
f 8391/5/4 8392/5/4 8404/5/4
f 8404/5/4 8392/5/4 8405/5/4
f 8408/6/4 8409/6/4 8410/6/4
f 8410/6/4 8409/6/4 8411/6/4
f 8405/5/4 8392/5/4 8412/5/4
f 8412/5/4 8392/5/4 8413/5/4
f 8406/6/4 8407/6/4 8414/6/4
f 8414/6/4 8407/6/4 8415/6/4
f 8414/1/4 8415/1/4 8417/1/4
f 8416/6/4 8417/6/4 8418/6/4
f 8417/1/4 8415/1/4 8419/1/4
f 8418/6/4 8417/6/4 8419/6/4
f 8419/1/4 8415/1/4 8420/1/4
f 8421/5/4 8422/5/4 8423/5/4
f 8421/5/4 8423/5/4 8424/5/4
f 8424/5/4 8423/5/4 8425/5/4
f 8426/6/4 8427/6/4 8428/6/4
f 8426/6/4 8428/6/4 8429/6/4
f 8429/6/4 8428/6/4 8430/6/4
f 8432/1/4 8433/1/4 8434/1/4
f 8434/1/4 8433/1/4 8435/1/4
f 8431/6/4 8432/6/4 8436/6/4
f 8432/1/4 8434/1/4 8437/1/4
f 8436/6/4 8432/6/4 8437/6/4
f 8437/1/4 8434/1/4 8438/1/4
f 8439/5/4 8440/5/4 8442/5/4
f 8440/5/4 8441/5/4 8442/5/4
f 8442/5/4 8441/5/4 8443/5/4
f 8443/5/4 8441/5/4 8444/5/4
f 8445/4/4 8446/4/4 8447/4/4
f 8447/4/4 8446/4/4 8448/4/4
f 8449/5/4 8450/5/4 8452/5/4
f 8450/5/4 8451/5/4 8452/5/4
f 8452/5/4 8451/5/4 8453/5/4
f 8454/6/4 8455/6/4 8457/6/4
f 8456/6/4 8457/6/4 8459/6/4
f 8457/6/4 8455/6/4 8460/6/4
f 8459/6/4 8457/6/4 8460/6/4
f 8458/6/4 8459/6/4 8462/6/4
f 8460/6/4 8461/6/4 8462/6/4
f 8459/6/4 8460/6/4 8462/6/4
f 8462/6/4 8461/6/4 8463/6/4
f 8458/6/4 8462/6/4 8464/6/4
f 8464/6/4 8462/6/4 8465/6/4
f 8466/6/4 8467/6/4 8472/6/4
f 8472/6/4 8467/6/4 8473/6/4
f 8468/2/4 8469/2/4 8474/2/4
f 8474/2/4 8469/2/4 8475/2/4
f 8470/6/4 8471/6/4 8479/6/4
f 8478/6/4 8479/6/4 8480/6/4
f 8479/6/4 8471/6/4 8481/6/4
f 8480/6/4 8479/6/4 8481/6/4
f 8476/5/4 8477/5/4 8482/5/4
f 8482/5/4 8477/5/4 8483/5/4
f 8482/2/4 8483/2/4 8484/2/4
f 8484/2/4 8483/2/4 8485/2/4
f 8484/5/4 8485/5/4 8486/5/4
f 8486/5/4 8485/5/4 8487/5/4
f 8488/2/4 8489/2/4 8492/2/4
f 8491/5/4 8492/5/4 8493/5/4
f 8492/2/4 8489/2/4 8494/2/4
f 8493/5/4 8492/5/4 8494/5/4
f 8489/5/4 8490/5/4 8495/5/4
f 8494/2/4 8489/2/4 8495/2/4
f 8495/5/4 8490/5/4 8496/5/4
f 8494/2/4 8495/2/4 8497/2/4
f 8497/2/4 8495/2/4 8498/2/4
f 8498/2/4 8495/2/4 8499/2/4
f 8500/6/4 8501/6/4 8502/6/4
f 8502/6/4 8501/6/4 8503/6/4
f 8503/6/4 8501/6/4 8504/6/4
f 8505/4/4 8506/4/4 8507/4/4
f 8507/4/4 8506/4/4 8508/4/4
f 8508/4/4 8506/4/4 8509/4/4
f 8509/4/4 8506/4/4 8510/4/4
f 8513/2/4 8514/2/4 8519/2/4
f 8515/5/4 8516/5/4 8520/5/4
f 8517/2/4 8518/2/4 8522/2/4
f 8522/2/4 8518/2/4 8523/2/4
f 8519/2/4 8520/2/4 8524/2/4
f 8513/2/4 8519/2/4 8524/2/4
f 8520/5/4 8516/5/4 8525/5/4
f 8511/2/4 8512/2/4 8527/2/4
f 8521/5/4 8522/5/4 8528/5/4
f 8525/5/4 8526/5/4 8529/5/4
f 8522/2/4 8523/2/4 8529/2/4
f 8523/2/4 8524/2/4 8529/2/4
f 8524/2/4 8520/2/4 8529/2/4
f 8520/5/4 8525/5/4 8529/5/4
f 8529/5/4 8526/5/4 8530/5/4
f 8528/5/4 8522/5/4 8531/5/4
f 8522/2/4 8529/2/4 8531/2/4
f 8529/3/4 8530/3/4 8532/3/4
f 8531/2/4 8529/2/4 8532/2/4
f 8530/5/4 8526/5/4 8533/5/4
f 8532/3/4 8530/3/4 8533/3/4
f 8527/2/4 8528/2/4 8534/2/4
f 8511/2/4 8527/2/4 8534/2/4
f 8531/5/4 8532/5/4 8535/5/4
f 8534/2/4 8528/2/4 8535/2/4
f 8532/5/4 8533/5/4 8535/5/4
f 8528/5/4 8531/5/4 8535/5/4
f 8533/5/4 8526/5/4 8536/5/4
f 8535/5/4 8533/5/4 8536/5/4
f 8537/6/4 8538/6/4 8540/6/4
f 8540/6/4 8538/6/4 8541/6/4
f 8539/6/4 8540/6/4 8541/6/4
f 8541/6/4 8538/6/4 8542/6/4
f 8539/6/4 8541/6/4 8543/6/4
f 8543/6/4 8541/6/4 8544/6/4
f 8545/6/4 8546/6/4 8547/6/4
f 8547/6/4 8546/6/4 8548/6/4
f 8545/6/4 8547/6/4 8551/6/4
f 8551/6/4 8547/6/4 8552/6/4
f 8549/1/4 8550/1/4 8553/1/4
f 8553/1/4 8550/1/4 8554/1/4
f 8555/5/4 8556/5/4 8557/5/4
f 8557/5/4 8556/5/4 8558/5/4
f 8557/4/4 8558/4/4 8561/4/4
f 8561/4/4 8558/4/4 8562/4/4
f 8559/6/4 8560/6/4 8563/6/4
f 8563/6/4 8560/6/4 8564/6/4
f 8565/2/4 8566/2/4 8569/2/4
f 8569/2/4 8566/2/4 8570/2/4
f 8567/2/4 8568/2/4 8571/2/4
f 8571/2/4 8568/2/4 8572/2/4
f 8573/6/4 8574/6/4 8577/6/4
f 8577/6/4 8574/6/4 8578/6/4
f 8575/6/4 8576/6/4 8579/6/4
f 8579/6/4 8580/6/4 8581/6/4
f 8575/6/4 8579/6/4 8581/6/4
f 8581/6/4 8580/6/4 8582/6/4
f 8583/6/4 8584/6/4 8585/6/4
f 8585/6/4 8584/6/4 8586/6/4
f 8589/5/4 8590/5/4 8591/5/4
f 8591/5/4 8590/5/4 8592/5/4
f 8587/5/4 8588/5/4 8593/5/4
f 8593/5/4 8588/5/4 8594/5/4
f 8595/6/4 8596/6/4 8597/6/4
f 8595/6/4 8597/6/4 8598/6/4
f 8598/6/4 8597/6/4 8599/6/4
f 8599/6/4 8600/6/4 8604/6/4
f 8604/6/4 8600/6/4 8605/6/4
f 8601/6/4 8602/6/4 8606/6/4
f 8602/1/4 8603/1/4 8607/1/4
f 8606/6/4 8602/6/4 8607/6/4
f 8607/1/4 8603/1/4 8608/1/4
f 8608/1/4 8603/1/4 8609/1/4
f 8610/2/4 8611/2/4 8612/2/4
f 8610/2/4 8612/2/4 8614/2/4
f 8612/5/4 8613/5/4 8614/5/4
f 8614/5/4 8613/5/4 8615/5/4
f 8610/2/4 8614/2/4 8616/2/4
f 8616/2/4 8614/2/4 8617/2/4
f 8618/5/4 8619/5/4 8621/5/4
f 8620/5/4 8621/5/4 8622/5/4
f 8621/5/4 8619/5/4 8623/5/4
f 8622/5/4 8621/5/4 8623/5/4
f 8623/5/4 8619/5/4 8624/5/4
f 8624/5/4 8619/5/4 8625/5/4
f 8623/5/4 8624/5/4 8627/5/4
f 8624/3/4 8625/3/4 8628/3/4
f 8627/5/4 8624/5/4 8628/5/4
f 8625/5/4 8619/5/4 8629/5/4
f 8628/3/4 8625/3/4 8629/3/4
f 8629/5/4 8619/5/4 8630/5/4
f 8631/6/4 8632/6/4 8633/6/4
f 8633/6/4 8632/6/4 8634/6/4
f 8627/5/4 8628/5/4 8635/5/4
f 8626/5/4 8627/5/4 8635/5/4
f 8628/4/4 8629/4/4 8636/4/4
f 8635/5/4 8628/5/4 8636/5/4
f 8629/4/4 8630/4/4 8636/4/4
f 8636/4/4 8630/4/4 8637/4/4
f 8636/4/4 8637/4/4 8638/4/4
f 8638/4/4 8637/4/4 8639/4/4
f 8642/5/4 8643/5/4 8644/5/4
f 8644/5/4 8643/5/4 8645/5/4
f 8640/5/4 8641/5/4 8646/5/4
f 8646/5/4 8641/5/4 8647/5/4
f 8648/5/4 8649/5/4 8650/5/4
f 8650/5/4 8649/5/4 8651/5/4
f 8651/5/4 8649/5/4 8652/5/4
f 8653/6/4 8654/6/4 8655/6/4
f 8655/6/4 8654/6/4 8656/6/4
f 8658/5/4 8659/5/4 8660/5/4
f 8657/2/4 8658/2/4 8661/2/4
f 8658/5/4 8660/5/4 8662/5/4
f 8661/2/4 8658/2/4 8662/2/4
f 8662/5/4 8660/5/4 8663/5/4
f 8664/5/4 8665/5/4 8667/5/4
f 8665/2/4 8666/2/4 8668/2/4
f 8667/5/4 8665/5/4 8668/5/4
f 8668/2/4 8666/2/4 8669/2/4
f 8670/5/4 8671/5/4 8672/5/4
f 8672/5/4 8671/5/4 8673/5/4
f 8676/6/4 8677/6/4 8678/6/4
f 8678/6/4 8677/6/4 8679/6/4
f 8674/6/4 8675/6/4 8682/6/4
f 8682/6/4 8675/6/4 8683/6/4
f 8680/5/4 8681/5/4 8684/5/4
f 8684/5/4 8681/5/4 8685/5/4
f 8685/5/4 8681/5/4 8686/5/4
f 8686/5/4 8681/5/4 8687/5/4
f 8688/5/4 8689/5/4 8690/5/4
f 8690/5/4 8689/5/4 8691/5/4
f 8694/5/4 8695/5/4 8697/5/4
f 8695/4/4 8696/4/4 8698/4/4
f 8697/5/4 8695/5/4 8698/5/4
f 8692/5/4 8693/5/4 8699/5/4
f 8699/5/4 8693/5/4 8700/5/4
f 8698/4/4 8696/4/4 8701/4/4
f 8697/2/4 8698/2/4 8701/2/4
f 8701/4/4 8696/4/4 8702/4/4
f 8697/2/4 8701/2/4 8703/2/4
f 8701/2/4 8702/2/4 8703/2/4
f 8703/2/4 8702/2/4 8704/2/4
f 8703/5/4 8704/5/4 8705/5/4
f 8704/2/4 8702/2/4 8705/2/4
f 8705/2/4 8702/2/4 8706/2/4
f 8707/5/4 8708/5/4 8709/5/4
f 8709/5/4 8708/5/4 8710/5/4
f 8703/5/4 8705/5/4 8713/5/4
f 8705/4/4 8706/4/4 8714/4/4
f 8713/5/4 8705/5/4 8714/5/4
f 8711/5/4 8712/5/4 8715/5/4
f 8713/4/4 8714/4/4 8717/4/4
f 8717/4/4 8714/4/4 8718/4/4
f 8714/4/4 8706/4/4 8719/4/4
f 8718/4/4 8714/4/4 8719/4/4
f 8720/6/4 8721/6/4 8722/6/4
f 8722/6/4 8721/6/4 8723/6/4
f 8715/5/4 8716/5/4 8724/5/4
f 8718/5/4 8719/5/4 8727/5/4
f 8719/4/4 8706/4/4 8728/4/4
f 8727/5/4 8719/5/4 8728/5/4
f 8711/5/4 8715/5/4 8729/5/4
f 8715/5/4 8724/5/4 8729/5/4
f 8724/5/4 8725/5/4 8729/5/4
f 8725/2/4 8726/2/4 8730/2/4
f 8729/5/4 8725/5/4 8730/5/4
f 8730/2/4 8726/2/4 8731/2/4
f 8727/3/4 8728/3/4 8732/3/4
f 8718/5/4 8727/5/4 8732/5/4
f 8728/4/4 8706/4/4 8733/4/4
f 8732/3/4 8728/3/4 8733/3/4
f 8718/5/4 8732/5/4 8734/5/4
f 8732/5/4 8733/5/4 8734/5/4
f 8733/4/4 8706/4/4 8735/4/4
f 8734/5/4 8733/5/4 8735/5/4
f 8735/4/4 8706/4/4 8736/4/4
f 8737/6/4 8738/6/4 8739/6/4
f 8739/6/4 8738/6/4 8740/6/4
f 8741/1/4 8742/1/4 8743/1/4
f 8743/1/4 8742/1/4 8744/1/4
f 8745/6/4 8746/6/4 8747/6/4
f 8745/6/4 8747/6/4 8749/6/4
f 8747/6/4 8748/6/4 8749/6/4
f 8749/6/4 8748/6/4 8750/6/4
f 8751/5/4 8752/5/4 8753/5/4
f 8753/5/4 8752/5/4 8754/5/4
f 8755/6/4 8756/6/4 8757/6/4
f 8755/6/4 8757/6/4 8759/6/4
f 8757/6/4 8758/6/4 8759/6/4
f 8759/6/4 8758/6/4 8760/6/4
f 8759/1/4 8760/1/4 8761/1/4
f 8761/1/4 8760/1/4 8762/1/4
f 8759/1/4 8761/1/4 8763/1/4
f 8763/1/4 8761/1/4 8764/1/4
f 8763/6/4 8764/6/4 8765/6/4
f 8765/6/4 8764/6/4 8766/6/4
f 8767/6/4 8768/6/4 8769/6/4
f 8769/6/4 8768/6/4 8770/6/4
f 8771/2/4 8772/2/4 8775/2/4
f 8772/4/4 8773/4/4 8776/4/4
f 8775/2/4 8772/2/4 8776/2/4
f 8773/5/4 8774/5/4 8777/5/4
f 8776/4/4 8773/4/4 8777/4/4
f 8775/5/4 8776/5/4 8778/5/4
f 8776/5/4 8777/5/4 8778/5/4
f 8777/5/4 8774/5/4 8779/5/4
f 8778/5/4 8777/5/4 8779/5/4
f 8780/5/4 8781/5/4 8782/5/4
f 8782/5/4 8781/5/4 8783/5/4
f 8780/5/4 8782/5/4 8785/5/4
f 8785/5/4 8782/5/4 8786/5/4
f 8775/5/4 8778/5/4 8788/5/4
f 8778/4/4 8779/4/4 8789/4/4
f 8788/5/4 8778/5/4 8789/5/4
f 8786/5/4 8787/5/4 8790/5/4
f 8785/5/4 8786/5/4 8790/5/4
f 8784/5/4 8785/5/4 8790/5/4
f 8790/5/4 8787/5/4 8791/5/4
f 8789/4/4 8779/4/4 8793/4/4
f 8793/4/4 8779/4/4 8794/4/4
f 8791/5/4 8787/5/4 8795/5/4
f 8795/5/4 8787/5/4 8796/5/4
f 8792/2/4 8793/2/4 8797/2/4
f 8793/5/4 8794/5/4 8798/5/4
f 8797/2/4 8793/2/4 8798/2/4
f 8798/5/4 8794/5/4 8799/5/4
f 8791/5/4 8795/5/4 8800/5/4
f 8791/5/4 8800/5/4 8804/5/4
f 8800/5/4 8801/5/4 8804/5/4
f 8804/5/4 8801/5/4 8805/5/4
f 8802/5/4 8803/5/4 8806/5/4
f 8806/5/4 8803/5/4 8807/5/4
f 8791/5/4 8804/5/4 8808/5/4
f 8808/5/4 8804/5/4 8809/5/4
f 8806/4/4 8807/4/4 8811/4/4
f 8811/4/4 8807/4/4 8812/4/4
f 8807/5/4 8803/5/4 8813/5/4
f 8812/4/4 8807/4/4 8813/4/4
f 8809/5/4 8810/5/4 8814/5/4
f 8814/5/4 8810/5/4 8815/5/4
f 8812/5/4 8813/5/4 8816/5/4
f 8813/5/4 8803/5/4 8817/5/4
f 8816/5/4 8813/5/4 8817/5/4
f 8818/6/4 8819/6/4 8820/6/4
f 8820/6/4 8819/6/4 8821/6/4
f 8822/5/4 8823/5/4 8824/5/4
f 8824/5/4 8823/5/4 8825/5/4
f 8826/5/4 8827/5/4 8828/5/4
f 8828/5/4 8827/5/4 8829/5/4
f 8830/5/4 8831/5/4 8832/5/4
f 8832/5/4 8831/5/4 8834/5/4
f 8833/5/4 8834/5/4 8835/5/4
f 8834/5/4 8831/5/4 8836/5/4
f 8835/5/4 8834/5/4 8836/5/4
f 8836/5/4 8831/5/4 8837/5/4
f 8836/2/4 8837/2/4 8838/2/4
f 8837/5/4 8831/5/4 8839/5/4
f 8838/2/4 8837/2/4 8839/2/4
f 8839/5/4 8831/5/4 8840/5/4
f 8838/5/4 8839/5/4 8841/5/4
f 8839/4/4 8840/4/4 8841/4/4
f 8841/4/4 8840/4/4 8842/4/4
f 8838/5/4 8841/5/4 8844/5/4
f 8843/5/4 8844/5/4 8845/5/4
f 8841/2/4 8842/2/4 8846/2/4
f 8845/5/4 8844/5/4 8846/5/4
f 8844/5/4 8841/5/4 8846/5/4
f 8846/2/4 8842/2/4 8847/2/4
f 8848/6/4 8849/6/4 8850/6/4
f 8850/6/4 8849/6/4 8851/6/4
f 8852/5/4 8853/5/4 8854/5/4
f 8854/5/4 8853/5/4 8855/5/4
f 8855/5/4 8853/5/4 8856/5/4
f 8856/5/4 8853/5/4 8857/5/4
f 8856/3/4 8857/3/4 8858/3/4
f 8857/5/4 8853/5/4 8859/5/4
f 8858/3/4 8857/3/4 8859/3/4
f 8858/5/4 8859/5/4 8862/5/4
f 8859/5/4 8853/5/4 8862/5/4
f 8858/5/4 8862/5/4 8864/5/4
f 8862/2/4 8863/2/4 8864/2/4
f 8864/2/4 8863/2/4 8865/2/4
f 8858/5/4 8864/5/4 8866/5/4
f 8864/5/4 8865/5/4 8866/5/4
f 8866/5/4 8865/5/4 8867/5/4
f 8867/5/4 8865/5/4 8868/5/4
f 8866/4/4 8867/4/4 8869/4/4
f 8860/5/4 8861/5/4 8871/5/4
f 8871/5/4 8861/5/4 8872/5/4
f 8869/5/4 8870/5/4 8873/5/4
f 8866/4/4 8869/4/4 8873/4/4
f 8873/5/4 8870/5/4 8874/5/4
f 8875/5/4 8876/5/4 8877/5/4
f 8866/4/4 8873/4/4 8878/4/4
f 8878/4/4 8873/4/4 8879/4/4
f 8879/4/4 8873/4/4 8880/4/4
f 8875/5/4 8877/5/4 8881/5/4
f 8877/5/4 8878/5/4 8881/5/4
f 8881/5/4 8878/5/4 8882/5/4
f 8878/4/4 8879/4/4 8883/4/4
f 8882/5/4 8878/5/4 8883/5/4
f 8879/3/4 8880/3/4 8884/3/4
f 8883/4/4 8879/4/4 8884/4/4
f 8880/4/4 8873/4/4 8885/4/4
f 8884/3/4 8880/3/4 8885/3/4
f 8885/4/4 8873/4/4 8886/4/4
f 8883/5/4 8884/5/4 8887/5/4
f 8882/5/4 8883/5/4 8887/5/4
f 8884/3/4 8885/3/4 8887/3/4
f 8885/5/4 8886/5/4 8888/5/4
f 8887/3/4 8885/3/4 8888/3/4
f 8882/5/4 8887/5/4 8889/5/4
f 8887/5/4 8888/5/4 8889/5/4
f 8888/5/4 8886/5/4 8890/5/4
f 8889/5/4 8888/5/4 8890/5/4
f 8882/5/4 8889/5/4 8893/5/4
f 8889/2/4 8890/2/4 8894/2/4
f 8893/5/4 8889/5/4 8894/5/4
f 8894/2/4 8890/2/4 8895/2/4
f 8891/6/4 8892/6/4 8896/6/4
f 8896/6/4 8892/6/4 8897/6/4
f 8898/5/4 8899/5/4 8900/5/4
f 8900/5/4 8899/5/4 8901/5/4
f 8907/6/5 8905/6/5 8904/6/5
f 8908/6/5 8903/6/5 8902/6/5
f 8909/6/5 8903/6/5 8908/6/5
f 8913/6/5 8907/6/5 8906/6/5
f 8915/6/5 8913/6/5 8912/6/5
f 8916/6/5 8913/6/5 8915/6/5
f 8917/6/5 8905/6/5 8907/6/5
f 8917/6/5 8913/6/5 8916/6/5
f 8917/6/5 8907/6/5 8913/6/5
f 8918/6/5 8911/6/5 8910/6/5
f 8920/6/5 8916/6/5 8915/6/5
f 8920/6/5 8915/6/5 8914/6/5
f 8921/6/5 8916/6/5 8920/6/5
f 8922/6/5 8919/6/5 8918/6/5
f 8922/6/5 8918/6/5 8910/6/5
f 8923/6/5 8919/6/5 8922/6/5
f 8926/6/5 8920/6/5 8914/6/5
f 8927/6/5 8916/6/5 8921/6/5
f 8928/6/5 8916/6/5 8927/6/5
f 8929/6/5 8920/6/5 8926/6/5
f 8931/6/5 8929/6/5 8926/6/5
f 8931/6/5 8930/6/5 8929/6/5
f 8932/6/5 8930/6/5 8931/6/5
f 8933/6/5 8919/6/5 8923/6/5
f 8934/6/5 8919/6/5 8933/6/5
f 8935/6/5 8925/6/5 8924/6/5
f 8936/1/5 8926/1/5 8925/1/5
f 8936/6/5 8925/6/5 8935/6/5
f 8937/6/5 8931/6/5 8926/6/5
f 8937/1/5 8926/1/5 8936/1/5
f 8938/6/5 8931/6/5 8937/6/5
f 8943/1/5 8937/1/5 8936/1/5
f 8944/1/5 8937/1/5 8943/1/5
f 8947/6/5 8944/6/5 8943/6/5
f 8947/6/5 8945/6/5 8944/6/5
f 8947/6/5 8943/6/5 8942/6/5
f 8948/1/5 8941/1/5 8940/1/5
f 8955/6/5 8947/6/5 8946/6/5
f 8956/6/5 8945/6/5 8947/6/5
f 8956/6/5 8947/6/5 8955/6/5
f 8957/6/5 8945/6/5 8956/6/5
f 8958/6/5 8940/6/5 8939/6/5
f 8958/1/5 8948/1/5 8940/1/5
f 8959/6/5 8949/6/5 8948/6/5
f 8959/1/5 8948/1/5 8958/1/5
f 8962/1/5 8952/1/5 8951/1/5
f 8963/8/5 8953/8/5 8952/8/5
f 8963/1/5 8952/1/5 8962/1/5
f 8964/1/5 8954/1/5 8953/1/5
f 8964/8/5 8953/8/5 8963/8/5
f 8965/6/5 8955/6/5 8954/6/5
f 8965/6/5 8956/6/5 8955/6/5
f 8967/6/5 8966/6/5 8965/6/5
f 8969/1/5 8950/1/5 8949/1/5
f 8970/6/5 8961/6/5 8960/6/5
f 8971/6/5 8959/6/5 8958/6/5
f 8971/6/5 8949/6/5 8959/6/5
f 8972/1/5 8969/1/5 8949/1/5
f 8972/6/5 8949/6/5 8971/6/5
f 8973/1/5 8972/1/5 8971/1/5
f 8973/1/5 8969/1/5 8972/1/5
f 8974/6/5 8970/6/5 8969/6/5
f 8974/1/5 8969/1/5 8973/1/5
f 8975/6/5 8961/6/5 8970/6/5
f 8975/6/5 8970/6/5 8974/6/5
f 8976/1/5 8968/1/5 8967/1/5
f 8976/6/5 8967/6/5 8965/6/5
f 8977/1/5 8968/1/5 8976/1/5
f 8978/6/5 8958/6/5 8939/6/5
f 8978/6/5 8971/6/5 8958/6/5
f 8979/6/5 8971/6/5 8978/6/5
f 8980/6/5 8974/6/5 8973/6/5
f 8981/6/5 8961/6/5 8975/6/5
f 8982/6/5 8971/6/5 8979/6/5
f 8983/1/5 8973/1/5 8971/1/5
f 8983/6/5 8971/6/5 8982/6/5
f 8984/1/5 8973/1/5 8983/1/5
f 8985/1/5 8963/1/5 8962/1/5
f 8985/1/5 8964/1/5 8963/1/5
f 8985/1/5 8962/1/5 8961/1/5
f 8985/6/5 8981/6/5 8980/6/5
f 8985/6/5 8961/6/5 8981/6/5
f 8986/1/5 8954/1/5 8964/1/5
f 8986/1/5 8964/1/5 8985/1/5
f 8986/6/5 8965/6/5 8954/6/5
f 8986/6/5 8976/6/5 8965/6/5
f 8987/8/5 8977/8/5 8976/8/5
f 8989/8/5 8988/8/5 8987/8/5
f 8991/1/5 8973/1/5 8984/1/5
f 8992/6/5 8985/6/5 8980/6/5
f 8992/1/5 8973/1/5 8991/1/5
f 8992/6/5 8986/6/5 8985/6/5
f 8992/6/5 8980/6/5 8973/6/5
f 8993/6/5 8986/6/5 8992/6/5
f 8995/6/5 8986/6/5 8993/6/5
f 8996/8/5 8990/8/5 8989/8/5
f 8996/8/5 8989/8/5 8987/8/5
f 8996/6/5 8986/6/5 8995/6/5
f 8996/8/5 8987/8/5 8976/8/5
f 8996/6/5 8976/6/5 8986/6/5
f 8997/8/5 8990/8/5 8996/8/5
f 8998/6/5 8995/6/5 8994/6/5
f 8998/6/5 8996/6/5 8995/6/5
f 8998/6/5 8997/6/5 8996/6/5
f 8999/6/5 8997/6/5 8998/6/5
f 9000/6/5 8997/6/5 8999/6/5
f 9001/8/5 8990/8/5 8997/8/5
f 9001/6/5 8997/6/5 9000/6/5
f 9002/8/5 8990/8/5 9001/8/5
f 9003/8/5 8990/8/5 9002/8/5
f 9004/8/5 8990/8/5 9003/8/5
f 9006/6/5 9000/6/5 8999/6/5
f 9007/6/5 9000/6/5 9006/6/5
f 9008/8/5 9001/8/5 9000/8/5
f 9008/6/5 9000/6/5 9007/6/5
f 9008/8/5 9002/8/5 9001/8/5
f 9009/8/5 9002/8/5 9008/8/5
f 9010/8/5 9002/8/5 9009/8/5
f 9011/1/5 9004/1/5 9003/1/5
f 9015/6/5 9007/6/5 9006/6/5
f 9015/6/5 9006/6/5 9005/6/5
f 9016/1/5 9011/1/5 9003/1/5
f 9016/1/5 9012/1/5 9011/1/5
f 9016/6/5 9003/6/5 9002/6/5
f 9017/1/5 9012/1/5 9016/1/5
f 9019/1/5 9014/1/5 9013/1/5
f 9020/6/5 9015/6/5 9014/6/5
f 9020/1/5 9014/1/5 9019/1/5
f 9021/6/5 9007/6/5 9015/6/5
f 9021/6/5 9015/6/5 9020/6/5
f 9022/6/5 9007/6/5 9021/6/5
f 9023/8/5 9009/8/5 9008/8/5
f 9023/6/5 9007/6/5 9022/6/5
f 9023/8/5 9008/8/5 9007/8/5
f 9024/8/5 9009/8/5 9023/8/5
f 9025/6/5 9023/6/5 9022/6/5
f 9026/6/5 9023/6/5 9025/6/5
f 9027/8/5 9002/8/5 9010/8/5
f 9028/6/5 9018/6/5 9017/6/5
f 9028/8/5 9002/8/5 9027/8/5
f 9028/6/5 9016/6/5 9002/6/5
f 9028/6/5 9017/6/5 9016/6/5
f 9029/6/5 9018/6/5 9028/6/5
f 9031/6/5 9020/6/5 9019/6/5
f 9031/6/5 9021/6/5 9020/6/5
f 9032/6/5 9018/6/5 9029/6/5
f 9036/6/5 9031/6/5 9030/6/5
f 9036/6/5 9021/6/5 9031/6/5
f 9037/6/5 9021/6/5 9036/6/5
f 9038/6/5 9032/6/5 9029/6/5
f 9038/6/5 9033/6/5 9032/6/5
f 9039/6/5 9033/6/5 9038/6/5
f 9040/6/5 9036/6/5 9030/6/5
f 9041/6/5 9036/6/5 9040/6/5
f 9042/6/5 9036/6/5 9041/6/5
f 9043/1/5 9041/1/5 9040/1/5
f 9044/1/5 9041/1/5 9043/1/5
f 9045/1/5 9041/1/5 9044/1/5
f 9047/6/5 9035/6/5 9034/6/5
f 9048/6/5 9045/6/5 9044/6/5
f 9049/6/5 9045/6/5 9048/6/5
f 9050/6/5 9033/6/5 9039/6/5
f 9051/6/5 9033/6/5 9050/6/5
f 9052/6/5 9033/6/5 9051/6/5
f 9054/6/5 9053/6/5 9052/6/5
f 9054/6/5 9052/6/5 9051/6/5
f 9056/6/5 9047/6/5 9046/6/5
f 9056/6/5 9035/6/5 9047/6/5
f 9057/6/5 9035/6/5 9056/6/5
f 9058/6/5 9055/6/5 9054/6/5
f 9058/6/5 9054/6/5 9051/6/5
f 9059/6/5 9055/6/5 9058/6/5
f 9061/6/5 9056/6/5 9046/6/5
f 9063/6/5 9061/6/5 9060/6/5
f 9064/6/5 9056/6/5 9061/6/5
f 9064/6/5 9061/6/5 9063/6/5
f 9065/1/5 9057/1/5 9056/1/5
f 9065/6/5 9056/6/5 9064/6/5
f 9066/6/5 9035/6/5 9057/6/5
f 9066/1/5 9057/1/5 9065/1/5
f 9067/6/5 9035/6/5 9066/6/5
f 9068/6/5 9064/6/5 9063/6/5
f 9068/6/5 9063/6/5 9062/6/5
f 9069/6/5 9064/6/5 9068/6/5
f 9070/6/5 9068/6/5 9062/6/5
f 9071/6/5 9068/6/5 9070/6/5
f 9072/6/5 9055/6/5 9059/6/5
f 9073/6/5 9055/6/5 9072/6/5
f 9076/6/5 9075/6/5 9074/6/5
f 9077/6/5 9076/6/5 9074/6/5
f 9078/6/5 9076/6/5 9077/6/5
f 9084/6/5 9080/6/5 9079/6/5
f 9088/6/5 9082/6/5 9081/6/5
f 9089/6/5 9084/6/5 9083/6/5
f 9090/6/5 9080/6/5 9084/6/5
f 9090/6/5 9084/6/5 9089/6/5
f 9091/6/5 9080/6/5 9090/6/5
f 9092/6/5 9086/6/5 9085/6/5
f 9093/6/5 9086/6/5 9092/6/5
f 9094/6/5 9088/6/5 9087/6/5
f 9095/6/5 9082/6/5 9088/6/5
f 9095/6/5 9088/6/5 9094/6/5
f 9098/6/5 9092/6/5 9085/6/5
f 9099/6/5 9092/6/5 9098/6/5
f 9100/6/5 9097/6/5 9096/6/5
f 9101/6/5 9097/6/5 9100/6/5
f 9102/6/5 9097/6/5 9101/6/5
f 9103/6/5 9098/6/5 9085/6/5
f 9104/6/5 9098/6/5 9103/6/5
f 9107/6/5 9106/6/5 9105/6/5
f 9108/6/5 9106/6/5 9107/6/5
f 9109/6/5 9106/6/5 9108/6/5
f 9112/6/5 9111/6/5 9110/6/5
f 9113/6/5 9111/6/5 9112/6/5
f 9116/6/5 9115/6/5 9114/6/5
f 9117/6/5 9115/6/5 9116/6/5
f 9120/1/5 9119/1/5 9118/1/5
f 9121/1/5 9119/1/5 9120/1/5
f 9124/1/5 9123/1/5 9122/1/5
f 9125/1/5 9123/1/5 9124/1/5
f 9128/1/5 9127/1/5 9126/1/5
f 9129/1/5 9127/1/5 9128/1/5
f 9132/1/5 9131/1/5 9130/1/5
f 9133/1/5 9131/1/5 9132/1/5
f 9136/8/5 9135/8/5 9134/8/5
f 9137/8/5 9135/8/5 9136/8/5
f 9140/6/5 9139/6/5 9138/6/5
f 9141/6/5 9139/6/5 9140/6/5
f 9144/8/5 9143/8/5 9142/8/5
f 9145/8/5 9143/8/5 9144/8/5
f 9148/1/5 9147/1/5 9146/1/5
f 9149/1/5 9147/1/5 9148/1/5
f 9152/6/5 9151/6/5 9150/6/5
f 9153/6/5 9151/6/5 9152/6/5
f 9156/1/5 9155/1/5 9154/1/5
f 9157/1/5 9155/1/5 9156/1/5
f 9158/1/5 9155/1/5 9157/1/5
f 9159/1/5 9155/1/5 9158/1/5
f 9162/1/5 9161/1/5 9160/1/5
f 9163/1/5 9161/1/5 9162/1/5
f 9166/8/5 9165/8/5 9164/8/5
f 9167/8/5 9165/8/5 9166/8/5
f 9170/6/5 9169/6/5 9168/6/5
f 9171/6/5 9169/6/5 9170/6/5
f 9174/6/5 9173/6/5 9172/6/5
f 9175/6/5 9173/6/5 9174/6/5
f 9178/1/5 9177/1/5 9176/1/5
f 9179/1/5 9177/1/5 9178/1/5
f 9182/1/5 9181/1/5 9180/1/5
f 9183/1/5 9181/1/5 9182/1/5
f 9186/6/5 9185/6/5 9184/6/5
f 9187/6/5 9185/6/5 9186/6/5
f 9188/6/5 9185/6/5 9187/6/5
f 9193/1/5 9190/1/5 9189/1/5
f 9194/1/5 9190/1/5 9193/1/5
f 9195/1/5 9192/1/5 9191/1/5
f 9196/1/5 9192/1/5 9195/1/5
f 9199/1/5 9198/1/5 9197/1/5
f 9200/1/5 9198/1/5 9199/1/5
f 9203/8/5 9202/8/5 9201/8/5
f 9204/8/5 9202/8/5 9203/8/5
f 9205/6/5 9204/6/5 9203/6/5
f 9206/6/5 9204/6/5 9205/6/5
f 9209/1/5 9208/1/5 9207/1/5
f 9210/1/5 9208/1/5 9209/1/5
f 9213/1/5 9212/1/5 9211/1/5
f 9214/1/5 9212/1/5 9213/1/5
f 9215/1/5 9212/1/5 9214/1/5
f 9216/1/5 9212/1/5 9215/1/5
f 9220/6/5 9218/6/5 9217/6/5
f 9221/8/5 9219/8/5 9218/8/5
f 9221/6/5 9218/6/5 9220/6/5
f 9222/8/5 9219/8/5 9221/8/5
f 9225/1/5 9224/1/5 9223/1/5
f 9226/1/5 9224/1/5 9225/1/5
f 9229/6/5 9228/6/5 9227/6/5
f 9230/6/5 9229/6/5 9227/6/5
f 9231/6/5 9229/6/5 9230/6/5
f 9235/8/5 9233/8/5 9232/8/5
f 9235/8/5 9234/8/5 9233/8/5
f 9236/8/5 9234/8/5 9235/8/5
f 9239/1/5 9238/1/5 9237/1/5
f 9240/1/5 9238/1/5 9239/1/5
f 9243/6/5 9242/6/5 9241/6/5
f 9244/6/5 9242/6/5 9243/6/5
f 9247/6/5 9246/6/5 9245/6/5
f 9248/6/5 9246/6/5 9247/6/5
f 9249/1/5 9248/1/5 9247/1/5
f 9250/1/5 9248/1/5 9249/1/5
f 9253/6/5 9252/6/5 9251/6/5
f 9254/6/5 9252/6/5 9253/6/5
f 9259/8/5 9256/8/5 9255/8/5
f 9260/6/5 9257/6/5 9256/6/5
f 9260/8/5 9256/8/5 9259/8/5
f 9261/1/5 9258/1/5 9257/1/5
f 9261/6/5 9257/6/5 9260/6/5
f 9262/1/5 9258/1/5 9261/1/5
f 9265/6/5 9264/6/5 9263/6/5
f 9266/6/5 9264/6/5 9265/6/5
f 9267/6/5 9264/6/5 9266/6/5
f 9270/1/5 9269/1/5 9268/1/5
f 9271/1/5 9269/1/5 9270/1/5
f 9272/6/5 9271/6/5 9270/6/5
f 9273/6/5 9271/6/5 9272/6/5
f 9276/6/5 9275/6/5 9274/6/5
f 9277/6/5 9275/6/5 9276/6/5
f 9280/6/5 9279/6/5 9278/6/5
f 9281/6/5 9279/6/5 9280/6/5
f 9284/6/5 9283/6/5 9282/6/5
f 9285/6/5 9283/6/5 9284/6/5
f 9288/6/5 9287/6/5 9286/6/5
f 9289/6/5 9287/6/5 9288/6/5
f 9293/6/5 9290/6/5 9289/6/5
f 9294/6/5 9290/6/5 9293/6/5
f 9295/6/5 9292/6/5 9291/6/5
f 9296/6/5 9292/6/5 9295/6/5
f 9297/6/5 9295/6/5 9291/6/5
f 9298/6/5 9295/6/5 9297/6/5
f 9299/1/5 9298/1/5 9297/1/5
f 9300/1/5 9298/1/5 9299/1/5
f 9303/6/5 9302/6/5 9301/6/5
f 9304/6/5 9302/6/5 9303/6/5
f 9307/6/5 9306/6/5 9305/6/5
f 9308/6/5 9306/6/5 9307/6/5
f 9309/6/5 9306/6/5 9308/6/5
f 9311/6/5 9310/6/5 9309/6/5
f 9311/6/5 9309/6/5 9308/6/5
f 9312/6/5 9310/6/5 9311/6/5
f 9315/6/5 9310/6/5 9312/6/5
f 9316/6/5 9310/6/5 9315/6/5
f 9317/1/5 9314/1/5 9313/1/5
f 9318/1/5 9314/1/5 9317/1/5
f 9319/1/5 9317/1/5 9313/1/5
f 9320/1/5 9317/1/5 9319/1/5
f 9321/6/5 9318/6/5 9317/6/5
f 9321/1/5 9317/1/5 9320/1/5
f 9322/6/5 9318/6/5 9321/6/5
f 9325/6/5 9324/6/5 9323/6/5
f 9326/6/5 9324/6/5 9325/6/5
f 9327/6/5 9324/6/5 9326/6/5
f 9328/1/5 9326/1/5 9325/1/5
f 9329/1/5 9326/1/5 9328/1/5
f 9333/6/5 9331/6/5 9330/6/5
f 9333/6/5 9332/6/5 9331/6/5
f 9334/6/5 9332/6/5 9333/6/5
f 9337/6/5 9336/6/5 9335/6/5
f 9338/6/5 9336/6/5 9337/6/5
f 9340/6/5 9339/6/5 9338/6/5
f 9341/6/5 9339/6/5 9340/6/5
f 9343/6/5 9342/6/5 9341/6/5
f 9344/6/5 9342/6/5 9343/6/5
f 9347/6/5 9346/6/5 9345/6/5
f 9349/6/5 9347/6/5 9345/6/5
f 9350/1/5 9348/1/5 9347/1/5
f 9350/6/5 9347/6/5 9349/6/5
f 9351/1/5 9348/1/5 9350/1/5
f 9354/6/5 9353/6/5 9352/6/5
f 9355/6/5 9353/6/5 9354/6/5
f 9358/6/5 9357/6/5 9356/6/5
f 9359/6/5 9357/6/5 9358/6/5
f 9363/5/5 9361/5/5 9360/5/5
f 9363/5/5 9362/5/5 9361/5/5
f 9364/5/5 9362/5/5 9363/5/5
f 9365/5/5 9362/5/5 9364/5/5
f 9366/5/5 9362/5/5 9365/5/5
f 9367/6/5 9366/6/5 9365/6/5
f 9368/5/5 9362/5/5 9366/5/5
f 9368/6/5 9366/6/5 9367/6/5
f 9369/5/5 9362/5/5 9368/5/5
f 9372/8/5 9371/8/5 9370/8/5
f 9373/8/5 9371/8/5 9372/8/5
f 9376/6/5 9375/6/5 9374/6/5
f 9377/6/5 9375/6/5 9376/6/5
f 9380/5/5 9379/5/5 9378/5/5
f 9381/5/5 9379/5/5 9380/5/5
f 9382/5/5 9379/5/5 9381/5/5
f 9386/5/5 9383/5/5 9382/5/5
f 9386/5/5 9382/5/5 9381/5/5
f 9387/5/5 9383/5/5 9386/5/5
f 9388/5/5 9383/5/5 9387/5/5
f 9389/5/5 9385/5/5 9384/5/5
f 9389/5/5 9386/5/5 9385/5/5
f 9389/5/5 9387/5/5 9386/5/5
f 9390/5/5 9387/5/5 9389/5/5
f 9393/8/5 9392/8/5 9391/8/5
f 9394/8/5 9392/8/5 9393/8/5
f 9395/6/5 9394/6/5 9393/6/5
f 9396/6/5 9394/6/5 9395/6/5
f 9397/1/5 9396/1/5 9395/1/5
f 9398/1/5 9396/1/5 9397/1/5
f 9403/6/5 9402/6/5 9401/6/5
f 9404/6/5 9402/6/5 9403/6/5
f 9405/5/5 9400/5/5 9399/5/5
f 9406/5/5 9400/5/5 9405/5/5
f 9410/5/5 9408/5/5 9407/5/5
f 9412/5/5 9410/5/5 9409/5/5
f 9413/5/5 9412/5/5 9411/5/5
f 9414/5/5 9408/5/5 9410/5/5
f 9414/5/5 9412/5/5 9413/5/5
f 9414/5/5 9410/5/5 9412/5/5
f 9419/6/5 9416/6/5 9415/6/5
f 9420/6/5 9416/6/5 9419/6/5
f 9422/5/5 9418/5/5 9417/5/5
f 9424/5/5 9422/5/5 9421/5/5
f 9425/5/5 9418/5/5 9422/5/5
f 9425/5/5 9422/5/5 9424/5/5
f 9426/5/5 9418/5/5 9425/5/5
f 9429/5/5 9424/5/5 9423/5/5
f 9429/5/5 9425/5/5 9424/5/5
f 9430/5/5 9425/5/5 9429/5/5
f 9431/1/5 9428/1/5 9427/1/5
f 9433/1/5 9431/1/5 9427/1/5
f 9433/1/5 9432/1/5 9431/1/5
f 9434/1/5 9432/1/5 9433/1/5
f 9435/1/5 9433/1/5 9427/1/5
f 9436/1/5 9433/1/5 9435/1/5
f 9439/5/5 9438/5/5 9437/5/5
f 9440/5/5 9438/5/5 9439/5/5
f 9443/5/5 9442/5/5 9441/5/5
f 9444/5/5 9442/5/5 9443/5/5
f 9447/5/5 9446/5/5 9445/5/5
f 9448/5/5 9446/5/5 9447/5/5
f 9451/5/5 9450/5/5 9449/5/5
f 9452/5/5 9450/5/5 9451/5/5
f 9455/6/5 9454/6/5 9453/6/5
f 9456/6/5 9454/6/5 9455/6/5
f 9457/1/5 9456/1/5 9455/1/5
f 9458/1/5 9456/1/5 9457/1/5
f 9459/1/5 9456/1/5 9458/1/5
f 9460/6/5 9458/6/5 9457/6/5
f 9461/6/5 9458/6/5 9460/6/5
f 9462/6/5 9458/6/5 9461/6/5
f 9463/6/5 9461/6/5 9460/6/5
f 9464/6/5 9461/6/5 9463/6/5
f 9468/1/5 9466/1/5 9465/1/5
f 9471/1/5 9468/1/5 9467/1/5
f 9472/1/5 9466/1/5 9468/1/5
f 9472/1/5 9468/1/5 9471/1/5
f 9473/5/5 9470/5/5 9469/5/5
f 9474/5/5 9470/5/5 9473/5/5
f 9477/5/5 9473/5/5 9469/5/5
f 9478/5/5 9473/5/5 9477/5/5
f 9479/5/5 9470/5/5 9474/5/5
f 9480/5/5 9470/5/5 9479/5/5
f 9483/6/5 9476/6/5 9475/6/5
f 9484/5/5 9482/5/5 9481/5/5
f 9485/5/5 9482/5/5 9484/5/5
f 9486/6/5 9483/6/5 9475/6/5
f 9487/6/5 9483/6/5 9486/6/5
f 9492/6/5 9489/6/5 9488/6/5
f 9493/1/5 9490/1/5 9489/1/5
f 9493/6/5 9489/6/5 9492/6/5
f 9494/6/5 9491/6/5 9490/6/5
f 9494/1/5 9490/1/5 9493/1/5
f 9495/6/5 9491/6/5 9494/6/5
f 9498/8/5 9497/8/5 9496/8/5
f 9499/8/5 9497/8/5 9498/8/5
f 9502/1/5 9499/1/5 9498/1/5
f 9502/1/5 9500/1/5 9499/1/5
f 9503/6/5 9501/6/5 9500/6/5
f 9503/1/5 9500/1/5 9502/1/5
f 9504/6/5 9501/6/5 9503/6/5
f 9509/1/5 9508/1/5 9507/1/5
f 9510/1/5 9508/1/5 9509/1/5
f 9511/5/5 9506/5/5 9505/5/5
f 9512/5/5 9506/5/5 9511/5/5
f 9517/6/5 9516/6/5 9515/6/5
f 9518/6/5 9517/6/5 9515/6/5
f 9519/6/5 9517/6/5 9518/6/5
f 9520/5/5 9514/5/5 9513/5/5
f 9524/5/5 9523/5/5 9522/5/5
f 9525/5/5 9523/5/5 9524/5/5
f 9526/5/5 9523/5/5 9525/5/5
f 9527/5/5 9521/5/5 9520/5/5
f 9527/5/5 9520/5/5 9513/5/5
f 9528/5/5 9521/5/5 9527/5/5
f 9532/5/5 9530/5/5 9529/5/5
f 9533/5/5 9530/5/5 9532/5/5
f 9534/1/5 9532/1/5 9531/1/5
f 9534/1/5 9533/1/5 9532/1/5
f 9535/5/5 9530/5/5 9533/5/5
f 9535/1/5 9533/1/5 9534/1/5
f 9538/5/5 9530/5/5 9535/5/5
f 9539/5/5 9530/5/5 9538/5/5
f 9540/8/5 9537/8/5 9536/8/5
f 9542/8/5 9540/8/5 9536/8/5
f 9542/8/5 9541/8/5 9540/8/5
f 9543/8/5 9541/8/5 9542/8/5
f 9544/8/5 9541/8/5 9543/8/5
f 9549/5/5 9548/5/5 9547/5/5
f 9550/5/5 9548/5/5 9549/5/5
f 9554/5/5 9548/5/5 9550/5/5
f 9555/5/5 9548/5/5 9554/5/5
f 9556/5/5 9546/5/5 9545/5/5
f 9557/5/5 9546/5/5 9556/5/5
f 9558/5/5 9553/5/5 9552/5/5
f 9558/5/5 9552/5/5 9551/5/5
f 9559/5/5 9553/5/5 9558/5/5
f 9560/5/5 9553/5/5 9559/5/5
f 9562/5/5 9560/5/5 9559/5/5
f 9562/5/5 9561/5/5 9560/5/5
f 9563/5/5 9561/5/5 9562/5/5
f 9566/5/5 9565/5/5 9564/5/5
f 9567/5/5 9565/5/5 9566/5/5
f 9569/5/5 9566/5/5 9564/5/5
f 9570/5/5 9566/5/5 9569/5/5
f 9573/5/5 9572/5/5 9571/5/5
f 9574/5/5 9572/5/5 9573/5/5
f 9575/5/5 9568/5/5 9567/5/5
f 9576/5/5 9568/5/5 9575/5/5
f 9580/5/5 9578/5/5 9577/5/5
f 9580/5/5 9579/5/5 9578/5/5
f 9581/5/5 9579/5/5 9580/5/5
f 9584/5/5 9580/5/5 9577/5/5
f 9585/5/5 9580/5/5 9584/5/5
f 9586/5/5 9583/5/5 9582/5/5
f 9587/5/5 9583/5/5 9586/5/5
f 9588/5/5 9586/5/5 9582/5/5
f 9588/2/5 9587/2/5 9586/2/5
f 9589/2/5 9587/2/5 9588/2/5
f 9590/5/5 9588/5/5 9582/5/5
f 9591/5/5 9588/5/5 9590/5/5
f 9594/5/5 9593/5/5 9592/5/5
f 9595/5/5 9593/5/5 9594/5/5
f 9598/8/5 9597/8/5 9596/8/5
f 9599/8/5 9597/8/5 9598/8/5
f 9604/1/5 9599/1/5 9598/1/5
f 9605/1/5 9599/1/5 9604/1/5
f 9606/6/5 9601/6/5 9600/6/5
f 9607/6/5 9601/6/5 9606/6/5
f 9610/1/5 9603/1/5 9602/1/5
f 9611/1/5 9603/1/5 9610/1/5
f 9612/6/5 9608/6/5 9607/6/5
f 9613/6/5 9608/6/5 9612/6/5
f 9614/6/5 9611/6/5 9610/6/5
f 9614/6/5 9610/6/5 9609/6/5
f 9615/6/5 9611/6/5 9614/6/5
f 9618/5/5 9617/5/5 9616/5/5
f 9619/5/5 9617/5/5 9618/5/5
f 9620/5/5 9617/5/5 9619/5/5
f 9621/5/5 9617/5/5 9620/5/5
f 9622/5/5 9617/5/5 9621/5/5
f 9624/5/5 9618/5/5 9616/5/5
f 9628/5/5 9624/5/5 9616/5/5
f 9629/3/5 9627/3/5 9626/3/5
f 9629/2/5 9626/2/5 9625/2/5
f 9630/3/5 9627/3/5 9629/3/5
f 9634/5/5 9628/5/5 9616/5/5
f 9635/5/5 9628/5/5 9634/5/5
f 9636/2/5 9629/2/5 9625/2/5
f 9637/2/5 9629/2/5 9636/2/5
f 9638/5/5 9630/5/5 9629/5/5
f 9638/2/5 9629/2/5 9637/2/5
f 9639/6/5 9632/6/5 9631/6/5
f 9640/6/5 9632/6/5 9639/6/5
f 9641/5/5 9623/5/5 9622/5/5
f 9641/5/5 9622/5/5 9621/5/5
f 9642/5/5 9623/5/5 9641/5/5
f 9643/5/5 9630/5/5 9638/5/5
f 9644/5/5 9630/5/5 9643/5/5
f 9646/6/5 9632/6/5 9640/6/5
f 9647/8/5 9633/8/5 9632/8/5
f 9647/6/5 9632/6/5 9646/6/5
f 9648/8/5 9633/8/5 9647/8/5
f 9649/6/5 9646/6/5 9645/6/5
f 9649/6/5 9647/6/5 9646/6/5
f 9650/6/5 9647/6/5 9649/6/5
f 9653/8/5 9652/8/5 9651/8/5
f 9654/8/5 9652/8/5 9653/8/5
f 9655/8/5 9652/8/5 9654/8/5
f 9656/8/5 9654/8/5 9653/8/5
f 9657/8/5 9654/8/5 9656/8/5
f 9660/6/5 9659/6/5 9658/6/5
f 9661/6/5 9659/6/5 9660/6/5
f 9664/6/5 9663/6/5 9662/6/5
f 9665/6/5 9663/6/5 9664/6/5
f 9668/6/5 9667/6/5 9666/6/5
f 9670/6/5 9668/6/5 9666/6/5
f 9670/6/5 9669/6/5 9668/6/5
f 9671/6/5 9669/6/5 9670/6/5
f 9672/6/5 9670/6/5 9666/6/5
f 9674/6/5 9672/6/5 9666/6/5
f 9674/6/5 9673/6/5 9672/6/5
f 9675/6/5 9673/6/5 9674/6/5
f 9676/6/5 9673/6/5 9675/6/5
f 9682/8/5 9678/8/5 9677/8/5
f 9683/1/5 9679/1/5 9678/1/5
f 9683/8/5 9678/8/5 9682/8/5
f 9684/6/5 9681/6/5 9680/6/5
f 9685/6/5 9681/6/5 9684/6/5
f 9686/1/5 9679/1/5 9683/1/5
f 9687/1/5 9679/1/5 9686/1/5
f 9692/6/5 9689/6/5 9688/6/5
f 9693/6/5 9692/6/5 9688/6/5
f 9694/6/5 9692/6/5 9693/6/5
f 9696/6/5 9691/6/5 9690/6/5
f 9697/1/5 9694/1/5 9693/1/5
f 9698/6/5 9695/6/5 9694/6/5
f 9698/1/5 9694/1/5 9697/1/5
f 9699/6/5 9695/6/5 9698/6/5
f 9701/6/5 9691/6/5 9696/6/5
f 9702/6/5 9691/6/5 9701/6/5
f 9703/6/5 9701/6/5 9700/6/5
f 9704/6/5 9701/6/5 9703/6/5
f 9708/6/5 9706/6/5 9705/6/5
f 9708/8/5 9707/8/5 9706/8/5
f 9709/8/5 9707/8/5 9708/8/5
f 9710/6/5 9708/6/5 9705/6/5
f 9711/6/5 9708/6/5 9710/6/5
f 9719/5/5 9713/5/5 9712/5/5
f 9720/5/5 9713/5/5 9719/5/5
f 9721/1/5 9718/1/5 9717/1/5
f 9722/1/5 9718/1/5 9721/1/5
f 9725/6/5 9715/6/5 9714/6/5
f 9725/6/5 9716/6/5 9715/6/5
f 9726/6/5 9716/6/5 9725/6/5
f 9727/1/5 9718/1/5 9722/1/5
f 9728/1/5 9718/1/5 9727/1/5
f 9729/2/5 9724/2/5 9723/2/5
f 9730/2/5 9724/2/5 9729/2/5
f 9733/5/5 9732/5/5 9731/5/5
f 9734/5/5 9732/5/5 9733/5/5
f 9735/5/5 9732/5/5 9734/5/5
f 9738/6/5 9737/6/5 9736/6/5
f 9739/6/5 9737/6/5 9738/6/5
f 9742/6/5 9741/6/5 9740/6/5
f 9743/6/5 9741/6/5 9742/6/5
f 9746/5/5 9745/5/5 9744/5/5
f 9747/5/5 9745/5/5 9746/5/5
f 9751/5/5 9749/5/5 9748/5/5
f 9755/5/5 9751/5/5 9750/5/5
f 9756/5/5 9749/5/5 9751/5/5
f 9756/5/5 9751/5/5 9755/5/5
f 9757/5/5 9749/5/5 9756/5/5
f 9758/6/5 9753/6/5 9752/6/5
f 9759/6/5 9753/6/5 9758/6/5
f 9760/5/5 9755/5/5 9754/5/5
f 9760/5/5 9756/5/5 9755/5/5
f 9761/5/5 9756/5/5 9760/5/5
f 9765/1/5 9763/1/5 9762/1/5
f 9766/1/5 9763/1/5 9765/1/5
f 9767/1/5 9763/1/5 9766/1/5
f 9768/1/5 9765/1/5 9764/1/5
f 9768/1/5 9766/1/5 9765/1/5
f 9769/1/5 9766/1/5 9768/1/5
f 9770/1/5 9766/1/5 9769/1/5
f 9771/1/5 9766/1/5 9770/1/5
f 9776/6/5 9773/6/5 9772/6/5
f 9777/6/5 9775/6/5 9774/6/5
f 9780/6/5 9773/6/5 9776/6/5
f 9781/6/5 9773/6/5 9780/6/5
f 9782/6/5 9779/6/5 9778/6/5
f 9782/6/5 9777/6/5 9774/6/5
f 9782/6/5 9778/6/5 9777/6/5
f 9783/6/5 9779/6/5 9782/6/5
f 9788/6/5 9785/6/5 9784/6/5
f 9789/6/5 9785/6/5 9788/6/5
f 9791/6/5 9787/6/5 9786/6/5
f 9792/6/5 9787/6/5 9791/6/5
f 9793/6/5 9791/6/5 9790/6/5
f 9794/6/5 9791/6/5 9793/6/5
f 9799/5/5 9796/5/5 9795/5/5
f 9800/5/5 9796/5/5 9799/5/5
f 9801/5/5 9798/5/5 9797/5/5
f 9802/5/5 9798/5/5 9801/5/5
f 9803/5/5 9798/5/5 9802/5/5
f 9806/5/5 9801/5/5 9800/5/5
f 9806/5/5 9802/5/5 9801/5/5
f 9807/5/5 9802/5/5 9806/5/5
f 9808/6/5 9805/6/5 9804/6/5
f 9809/6/5 9805/6/5 9808/6/5
f 9812/6/5 9805/6/5 9809/6/5
f 9813/6/5 9805/6/5 9812/6/5
f 9814/5/5 9806/5/5 9800/5/5
f 9815/5/5 9806/5/5 9814/5/5
f 9818/8/5 9811/8/5 9810/8/5
f 9819/8/5 9811/8/5 9818/8/5
f 9820/5/5 9814/5/5 9800/5/5
f 9821/5/5 9817/5/5 9816/5/5
f 9823/5/5 9820/5/5 9800/5/5
f 9823/5/5 9821/5/5 9820/5/5
f 9824/5/5 9817/5/5 9821/5/5
f 9824/5/5 9821/5/5 9823/5/5
f 9825/5/5 9823/5/5 9822/5/5
f 9826/5/5 9823/5/5 9825/5/5
f 9828/1/5 9826/1/5 9825/1/5
f 9828/1/5 9827/1/5 9826/1/5
f 9829/1/5 9827/1/5 9828/1/5
f 9834/5/5 9831/5/5 9830/5/5
f 9835/5/5 9831/5/5 9834/5/5
f 9836/6/5 9833/6/5 9832/6/5
f 9837/6/5 9833/6/5 9836/6/5
f 9840/5/5 9839/5/5 9838/5/5
f 9841/5/5 9839/5/5 9840/5/5
f 9844/6/5 9843/6/5 9842/6/5
f 9845/6/5 9844/6/5 9842/6/5
f 9846/6/5 9844/6/5 9845/6/5
f 9850/6/5 9848/6/5 9847/6/5
f 9851/6/5 9850/6/5 9849/6/5
f 9852/6/5 9848/6/5 9850/6/5
f 9852/6/5 9850/6/5 9851/6/5
f 9855/5/5 9854/5/5 9853/5/5
f 9856/5/5 9854/5/5 9855/5/5
f 9861/6/5 9858/6/5 9857/6/5
f 9862/6/5 9858/6/5 9861/6/5
f 9865/6/5 9858/6/5 9862/6/5
f 9866/6/5 9858/6/5 9865/6/5
f 9867/5/5 9860/5/5 9859/5/5
f 9868/5/5 9860/5/5 9867/5/5
f 9869/8/5 9864/8/5 9863/8/5
f 9872/5/5 9854/5/5 9856/5/5
f 9874/8/5 9869/8/5 9863/8/5
f 9875/8/5 9869/8/5 9874/8/5
f 9877/5/5 9871/5/5 9870/5/5
f 9878/5/5 9873/5/5 9872/5/5
f 9879/5/5 9873/5/5 9878/5/5
f 9880/5/5 9877/5/5 9876/5/5
f 9881/5/5 9871/5/5 9877/5/5
f 9881/5/5 9877/5/5 9880/5/5
f 9882/5/5 9871/5/5 9881/5/5
f 9886/5/5 9878/5/5 9872/5/5
f 9886/5/5 9872/5/5 9856/5/5
f 9887/5/5 9883/5/5 9882/5/5
f 9888/1/5 9884/1/5 9883/1/5
f 9888/5/5 9883/5/5 9887/5/5
f 9889/1/5 9884/1/5 9888/1/5
f 9890/1/5 9884/1/5 9889/1/5
f 9891/5/5 9886/5/5 9885/5/5
f 9892/5/5 9878/5/5 9886/5/5
f 9892/5/5 9886/5/5 9891/5/5
f 9895/6/5 9894/6/5 9893/6/5
f 9896/6/5 9894/6/5 9895/6/5
f 9901/6/5 9898/6/5 9897/6/5
f 9902/6/5 9898/6/5 9901/6/5
f 9903/6/5 9900/6/5 9899/6/5
f 9904/6/5 9900/6/5 9903/6/5
f 9905/1/5 9902/1/5 9901/1/5
f 9906/1/5 9902/1/5 9905/1/5
f 9910/5/5 9908/5/5 9907/5/5
f 9911/5/5 9908/5/5 9910/5/5
f 9912/5/5 9908/5/5 9911/5/5
f 9913/5/5 9908/5/5 9912/5/5
f 9915/5/5 9910/5/5 9909/5/5
f 9915/5/5 9911/5/5 9910/5/5
f 9916/5/5 9914/5/5 9913/5/5
f 9916/5/5 9913/5/5 9912/5/5
f 9917/5/5 9914/5/5 9916/5/5
f 9917/5/5 9916/5/5 9915/5/5
f 9918/5/5 9914/5/5 9917/5/5
f 9921/5/5 9915/5/5 9909/5/5
f 9921/5/5 9917/5/5 9915/5/5
f 9922/5/5 9917/5/5 9921/5/5
f 9923/5/5 9917/5/5 9922/5/5
f 9924/5/5 9917/5/5 9923/5/5
f 9925/6/5 9920/6/5 9919/6/5
f 9926/6/5 9920/6/5 9925/6/5
f 9927/5/5 9923/5/5 9922/5/5
f 9928/5/5 9923/5/5 9927/5/5
f 9933/5/5 9930/5/5 9929/5/5
f 9934/5/5 9930/5/5 9933/5/5
f 9935/5/5 9930/5/5 9934/5/5
f 9936/5/5 9932/5/5 9931/5/5
f 9937/5/5 9932/5/5 9936/5/5
f 9943/5/5 9939/5/5 9938/5/5
f 9944/5/5 9939/5/5 9943/5/5
f 9945/1/5 9941/1/5 9940/1/5
f 9946/5/5 9942/5/5 9941/5/5
f 9946/1/5 9941/1/5 9945/1/5
f 9947/5/5 9942/5/5 9946/5/5
f 9950/5/5 9949/5/5 9948/5/5
f 9951/5/5 9949/5/5 9950/5/5
f 9954/6/5 9953/6/5 9952/6/5
f 9955/6/5 9953/6/5 9954/6/5
f 9958/6/5 9957/6/5 9956/6/5
f 9959/6/5 9957/6/5 9958/6/5
f 9960/6/5 9957/6/5 9959/6/5
f 9963/1/5 9962/1/5 9961/1/5
f 9966/6/5 9959/6/5 9958/6/5
f 9967/6/5 9959/6/5 9966/6/5
f 9968/1/5 9963/1/5 9961/1/5
f 9968/1/5 9964/1/5 9963/1/5
f 9969/6/5 9965/6/5 9964/6/5
f 9969/1/5 9964/1/5 9968/1/5
f 9970/6/5 9965/6/5 9969/6/5
f 9974/6/5 9972/6/5 9971/6/5
f 9975/6/5 9974/6/5 9973/6/5
f 9976/6/5 9972/6/5 9974/6/5
f 9976/6/5 9974/6/5 9975/6/5
f 9983/5/5 9978/5/5 9977/5/5
f 9984/5/5 9978/5/5 9983/5/5
f 9985/5/5 9978/5/5 9984/5/5
f 9986/5/5 9978/5/5 9985/5/5
f 9987/5/5 9982/5/5 9981/5/5
f 9988/5/5 9982/5/5 9987/5/5
f 9991/5/5 9980/5/5 9979/5/5
f 9992/5/5 9980/5/5 9991/5/5
f 9993/5/5 9985/5/5 9984/5/5
f 9994/5/5 9985/5/5 9993/5/5
f 9995/1/5 9990/1/5 9989/1/5
f 9996/1/5 9990/1/5 9995/1/5
f 9999/1/5 9990/1/5 9996/1/5
f 10000/1/5 9990/1/5 9999/1/5
f 10001/6/5 9998/6/5 9997/6/5
f 10002/6/5 9998/6/5 10001/6/5
f 10003/6/5 9998/6/5 10002/6/5
f 10004/6/5 9998/6/5 10003/6/5
f 10005/8/5 10002/8/5 10001/8/5
f 10006/8/5 10002/8/5 10005/8/5
f 10010/5/5 10008/5/5 10007/5/5
f 10010/5/5 10009/5/5 10008/5/5
f 10011/5/5 10009/5/5 10010/5/5
f 10013/5/5 10011/5/5 10010/5/5
f 10013/5/5 10012/5/5 10011/5/5
f 10014/5/5 10012/5/5 10013/5/5
f 10017/6/5 10016/6/5 10015/6/5
f 10018/6/5 10016/6/5 10017/6/5
f 10022/1/5 10020/1/5 10019/1/5
f 10026/1/5 10024/1/5 10023/1/5
f 10027/1/5 10022/1/5 10021/1/5
f 10028/1/5 10020/1/5 10022/1/5
f 10028/1/5 10022/1/5 10027/1/5
f 10029/1/5 10026/1/5 10025/1/5
f 10030/1/5 10024/1/5 10026/1/5
f 10030/1/5 10026/1/5 10029/1/5
f 10032/6/5 10030/6/5 10029/6/5
f 10032/6/5 10031/6/5 10030/6/5
f 10033/6/5 10031/6/5 10032/6/5
f 10037/5/5 10035/5/5 10034/5/5
f 10038/5/5 10037/5/5 10036/5/5
f 10039/5/5 10035/5/5 10037/5/5
f 10039/5/5 10037/5/5 10038/5/5
f 10040/5/5 10035/5/5 10039/5/5
f 10041/5/5 10035/5/5 10040/5/5
f 10044/6/5 10043/6/5 10042/6/5
f 10045/6/5 10043/6/5 10044/6/5
f 10048/6/5 10047/6/5 10046/6/5
f 10050/6/5 10048/6/5 10046/6/5
f 10050/6/5 10049/6/5 10048/6/5
f 10051/6/5 10049/6/5 10050/6/5
f 10057/1/5 10055/1/5 10054/1/5
f 10058/1/5 10055/1/5 10057/1/5
f 10059/1/5 10053/1/5 10052/1/5
f 10060/1/5 10053/1/5 10059/1/5
f 10061/6/5 10057/6/5 10056/6/5
f 10066/6/5 10061/6/5 10056/6/5
f 10067/6/5 10063/6/5 10062/6/5
f 10068/6/5 10066/6/5 10056/6/5
f 10068/6/5 10067/6/5 10066/6/5
f 10069/6/5 10067/6/5 10068/6/5
f 10070/6/5 10063/6/5 10067/6/5
f 10070/6/5 10067/6/5 10069/6/5
f 10071/6/5 10063/6/5 10070/6/5
f 10073/6/5 10065/6/5 10064/6/5
f 10074/6/5 10070/6/5 10069/6/5
f 10075/6/5 10070/6/5 10074/6/5
f 10076/6/5 10073/6/5 10072/6/5
f 10077/6/5 10065/6/5 10073/6/5
f 10077/6/5 10073/6/5 10076/6/5
f 10080/5/5 10079/5/5 10078/5/5
f 10081/5/5 10079/5/5 10080/5/5
f 10084/5/5 10080/5/5 10078/5/5
f 10085/5/5 10080/5/5 10084/5/5
f 10086/6/5 10083/6/5 10082/6/5
f 10087/6/5 10083/6/5 10086/6/5
f 10092/1/5 10089/1/5 10088/1/5
f 10093/1/5 10089/1/5 10092/1/5
f 10094/1/5 10091/1/5 10090/1/5
f 10095/1/5 10091/1/5 10094/1/5
f 10098/6/5 10097/6/5 10096/6/5
f 10099/6/5 10097/6/5 10098/6/5
f 10104/6/5 10101/6/5 10100/6/5
f 10105/6/5 10103/6/5 10102/6/5
f 10106/6/5 10103/6/5 10105/6/5
f 10107/6/5 10101/6/5 10104/6/5
f 10108/6/5 10101/6/5 10107/6/5
f 10113/5/5 10112/5/5 10111/5/5
f 10114/5/5 10112/5/5 10113/5/5
f 10115/5/5 10110/5/5 10109/5/5
f 10116/5/5 10110/5/5 10115/5/5
f 10121/5/5 10118/5/5 10117/5/5
f 10122/5/5 10118/5/5 10121/5/5
f 10124/5/5 10120/5/5 10119/5/5
f 10125/5/5 10120/5/5 10124/5/5
f 10126/6/5 10123/6/5 10122/6/5
f 10126/5/5 10121/5/5 10117/5/5
f 10126/6/5 10122/6/5 10121/6/5
f 10127/6/5 10123/6/5 10126/6/5
f 10128/6/5 10123/6/5 10127/6/5
f 10129/5/5 10126/5/5 10117/5/5
f 10129/5/5 10127/5/5 10126/5/5
f 10130/5/5 10127/5/5 10129/5/5
f 10133/5/5 10132/5/5 10131/5/5
f 10134/5/5 10132/5/5 10133/5/5
f 10139/1/5 10136/1/5 10135/1/5
f 10140/1/5 10136/1/5 10139/1/5
f 10141/1/5 10138/1/5 10137/1/5
f 10142/1/5 10138/1/5 10141/1/5
f 10145/6/5 10144/6/5 10143/6/5
f 10147/6/5 10145/6/5 10143/6/5
f 10147/6/5 10146/6/5 10145/6/5
f 10148/6/5 10146/6/5 10147/6/5
f 10154/6/5 10150/6/5 10149/6/5
f 10155/6/5 10152/6/5 10151/6/5
f 10156/6/5 10152/6/5 10155/6/5
f 10157/6/5 10154/6/5 10153/6/5
f 10158/6/5 10150/6/5 10154/6/5
f 10158/6/5 10154/6/5 10157/6/5
f 10161/5/5 10160/5/5 10159/5/5
f 10162/5/5 10160/5/5 10161/5/5
f 10163/5/5 10160/5/5 10162/5/5
f 10164/5/5 10160/5/5 10163/5/5
f 10167/5/5 10166/5/5 10165/5/5
f 10168/5/5 10166/5/5 10167/5/5
f 10169/5/5 10166/5/5 10168/5/5
f 10170/5/5 10166/5/5 10169/5/5
f 10175/5/5 10166/5/5 10170/5/5
f 10176/5/5 10174/5/5 10173/5/5
f 10176/5/5 10175/5/5 10174/5/5
f 10177/5/5 10166/5/5 10175/5/5
f 10177/5/5 10175/5/5 10176/5/5
f 10178/5/5 10172/5/5 10171/5/5
f 10179/5/5 10172/5/5 10178/5/5
f 10184/5/5 10181/5/5 10180/5/5
f 10185/5/5 10181/5/5 10184/5/5
f 10186/6/5 10183/6/5 10182/6/5
f 10187/6/5 10183/6/5 10186/6/5
f 10188/5/5 10181/5/5 10185/5/5
f 10189/5/5 10181/5/5 10188/5/5
f 10192/1/5 10191/1/5 10190/1/5
f 10193/1/5 10191/1/5 10192/1/5
f 10198/1/5 10197/1/5 10196/1/5
f 10199/1/5 10197/1/5 10198/1/5
f 10202/6/5 10201/6/5 10200/6/5
f 10203/6/5 10201/6/5 10202/6/5
f 10204/5/5 10195/5/5 10194/5/5
f 10210/5/5 10205/5/5 10204/5/5
f 10210/5/5 10204/5/5 10194/5/5
f 10211/5/5 10205/5/5 10210/5/5
f 10213/6/5 10207/6/5 10206/6/5
f 10214/6/5 10207/6/5 10213/6/5
f 10215/6/5 10209/6/5 10208/6/5
f 10216/6/5 10209/6/5 10215/6/5
f 10217/6/5 10213/6/5 10212/6/5
f 10218/6/5 10213/6/5 10217/6/5
f 10219/5/5 10205/5/5 10211/5/5
f 10220/5/5 10205/5/5 10219/5/5
f 10225/5/5 10222/5/5 10221/5/5
f 10226/2/5 10223/2/5 10222/2/5
f 10231/5/5 10225/5/5 10224/5/5
f 10232/5/5 10222/5/5 10225/5/5
f 10232/5/5 10225/5/5 10231/5/5
f 10233/2/5 10226/2/5 10222/2/5
f 10233/5/5 10222/5/5 10232/5/5
f 10233/2/5 10227/2/5 10226/2/5
f 10234/2/5 10227/2/5 10233/2/5
f 10235/2/5 10227/2/5 10234/2/5
f 10236/4/5 10228/4/5 10227/4/5
f 10236/2/5 10227/2/5 10235/2/5
f 10237/4/5 10228/4/5 10236/4/5
f 10241/2/5 10232/2/5 10231/2/5
f 10242/2/5 10232/2/5 10241/2/5
f 10243/5/5 10240/5/5 10239/5/5
f 10243/5/5 10239/5/5 10238/5/5
f 10244/5/5 10240/5/5 10243/5/5
f 10245/5/5 10230/5/5 10229/5/5
f 10246/5/5 10230/5/5 10245/5/5
f 10248/5/5 10243/5/5 10238/5/5
f 10249/5/5 10243/5/5 10248/5/5
f 10251/5/5 10248/5/5 10247/5/5
f 10251/5/5 10250/5/5 10249/5/5
f 10251/5/5 10249/5/5 10248/5/5
f 10252/5/5 10250/5/5 10251/5/5
f 10257/5/5 10254/5/5 10253/5/5
f 10258/2/5 10255/2/5 10254/2/5
f 10258/5/5 10257/5/5 10256/5/5
f 10258/5/5 10254/5/5 10257/5/5
f 10259/2/5 10255/2/5 10258/2/5
f 10262/6/5 10261/6/5 10260/6/5
f 10263/5/5 10258/5/5 10256/5/5
f 10263/5/5 10259/5/5 10258/5/5
f 10264/5/5 10259/5/5 10263/5/5
f 10265/6/5 10262/6/5 10260/6/5
f 10266/6/5 10262/6/5 10265/6/5
f 10267/5/5 10259/5/5 10264/5/5
f 10268/5/5 10259/5/5 10267/5/5
f 10269/5/5 10259/5/5 10268/5/5
f 10270/5/5 10259/5/5 10269/5/5
f 10273/5/5 10269/5/5 10268/5/5
f 10275/1/5 10272/1/5 10271/1/5
f 10276/1/5 10272/1/5 10275/1/5
f 10277/5/5 10274/5/5 10273/5/5
f 10277/5/5 10273/5/5 10268/5/5
f 10278/5/5 10274/5/5 10277/5/5
f 10281/5/5 10277/5/5 10268/5/5
f 10282/5/5 10277/5/5 10281/5/5
f 10283/5/5 10281/5/5 10268/5/5
f 10284/5/5 10281/5/5 10283/5/5
f 10285/5/5 10277/5/5 10282/5/5
f 10286/5/5 10277/5/5 10285/5/5
f 10287/5/5 10277/5/5 10286/5/5
f 10288/5/5 10277/5/5 10287/5/5
f 10291/5/5 10280/5/5 10279/5/5
f 10294/5/5 10277/5/5 10288/5/5
f 10296/6/5 10290/6/5 10289/6/5
f 10297/5/5 10292/5/5 10291/5/5
f 10298/5/5 10292/5/5 10297/5/5
f 10299/5/5 10281/5/5 10284/5/5
f 10300/5/5 10281/5/5 10299/5/5
f 10302/5/5 10294/5/5 10293/5/5
f 10303/2/5 10278/2/5 10277/2/5
f 10303/5/5 10277/5/5 10294/5/5
f 10303/5/5 10294/5/5 10302/5/5
f 10304/2/5 10278/2/5 10303/2/5
f 10305/6/5 10296/6/5 10295/6/5
f 10306/6/5 10290/6/5 10296/6/5
f 10306/6/5 10296/6/5 10305/6/5
f 10307/5/5 10291/5/5 10279/5/5
f 10307/5/5 10297/5/5 10291/5/5
f 10308/5/5 10297/5/5 10307/5/5
f 10309/5/5 10302/5/5 10301/5/5
f 10309/5/5 10304/5/5 10303/5/5
f 10309/5/5 10303/5/5 10302/5/5
f 10310/5/5 10304/5/5 10309/5/5
f 10313/5/5 10312/5/5 10311/5/5
f 10314/5/5 10312/5/5 10313/5/5
f 10317/2/5 10316/2/5 10315/2/5
f 10318/2/5 10316/2/5 10317/2/5
f 10322/4/5 10320/4/5 10319/4/5
f 10323/5/5 10321/5/5 10320/5/5
f 10323/4/5 10320/4/5 10322/4/5
f 10324/5/5 10321/5/5 10323/5/5
f 10328/5/5 10326/5/5 10325/5/5
f 10330/5/5 10328/5/5 10327/5/5
f 10331/5/5 10326/5/5 10328/5/5
f 10331/5/5 10330/5/5 10329/5/5
f 10331/5/5 10328/5/5 10330/5/5
f 10332/5/5 10326/5/5 10331/5/5
f 10333/5/5 10331/5/5 10329/5/5
f 10335/5/5 10333/5/5 10329/5/5
f 10335/5/5 10334/5/5 10333/5/5
f 10336/5/5 10334/5/5 10335/5/5
f 10337/5/5 10335/5/5 10329/5/5
f 10338/5/5 10335/5/5 10337/5/5
f 10339/5/5 10335/5/5 10338/5/5
f 10340/5/5 10334/5/5 10336/5/5
f 10341/5/5 10339/5/5 10338/5/5
f 10341/5/5 10340/5/5 10339/5/5
f 10342/5/5 10334/5/5 10340/5/5
f 10342/5/5 10340/5/5 10341/5/5
f 10345/5/5 10344/5/5 10343/5/5
f 10346/5/5 10344/5/5 10345/5/5
f 10347/5/5 10345/5/5 10343/5/5
f 10348/2/5 10346/2/5 10345/2/5
f 10348/5/5 10345/5/5 10347/5/5
f 10349/2/5 10346/2/5 10348/2/5
f 10354/5/5 10351/5/5 10350/5/5
f 10355/5/5 10351/5/5 10354/5/5
f 10356/6/5 10353/6/5 10352/6/5
f 10357/6/5 10353/6/5 10356/6/5
f 10362/1/5 10359/1/5 10358/1/5
f 10363/1/5 10359/1/5 10362/1/5
f 10364/5/5 10361/5/5 10360/5/5
f 10365/5/5 10361/5/5 10364/5/5
f 10368/6/5 10367/6/5 10366/6/5
f 10369/6/5 10367/6/5 10368/6/5
f 10379/5/5 10371/5/5 10370/5/5
f 10380/5/5 10371/5/5 10379/5/5
f 10381/5/5 10371/5/5 10380/5/5
f 10382/6/5 10373/6/5 10372/6/5
f 10383/6/5 10373/6/5 10382/6/5
f 10384/5/5 10378/5/5 10377/5/5
f 10384/5/5 10375/5/5 10374/5/5
f 10384/5/5 10376/5/5 10375/5/5
f 10384/5/5 10380/5/5 10379/5/5
f 10384/5/5 10379/5/5 10378/5/5
f 10384/5/5 10377/5/5 10376/5/5
f 10385/5/5 10380/5/5 10384/5/5
f 10386/5/5 10384/5/5 10374/5/5
f 10387/5/5 10384/5/5 10386/5/5
f 10388/5/5 10380/5/5 10385/5/5
f 10389/5/5 10380/5/5 10388/5/5
f 10392/5/5 10391/5/5 10390/5/5
f 10393/5/5 10391/5/5 10392/5/5
f 10396/4/5 10395/4/5 10394/4/5
f 10397/4/5 10395/4/5 10396/4/5
f 10400/2/5 10399/2/5 10398/2/5
f 10401/2/5 10400/2/5 10398/2/5
f 10402/2/5 10401/2/5 10398/2/5
f 10403/2/5 10401/2/5 10402/2/5
f 10411/5/5 10405/5/5 10404/5/5
f 10412/5/5 10405/5/5 10411/5/5
f 10413/2/5 10407/2/5 10406/2/5
f 10414/5/5 10408/5/5 10407/5/5
f 10414/2/5 10407/2/5 10413/2/5
f 10415/5/5 10410/5/5 10409/5/5
f 10416/5/5 10410/5/5 10415/5/5
f 10419/5/5 10408/5/5 10414/5/5
f 10420/6/5 10418/6/5 10417/6/5
f 10421/6/5 10418/6/5 10420/6/5
f 10424/6/5 10420/6/5 10417/6/5
f 10425/6/5 10420/6/5 10424/6/5
f 10426/5/5 10423/5/5 10422/5/5
f 10428/5/5 10408/5/5 10419/5/5
f 10430/5/5 10427/5/5 10426/5/5
f 10430/5/5 10426/5/5 10422/5/5
f 10431/5/5 10427/5/5 10430/5/5
f 10432/5/5 10429/5/5 10428/5/5
f 10432/5/5 10428/5/5 10419/5/5
f 10433/5/5 10429/5/5 10432/5/5
f 10434/5/5 10427/5/5 10431/5/5
f 10435/5/5 10427/5/5 10434/5/5
f 10436/5/5 10432/5/5 10419/5/5
f 10438/5/5 10437/5/5 10436/5/5
f 10438/5/5 10436/5/5 10419/5/5
f 10439/5/5 10437/5/5 10438/5/5
f 10444/2/5 10439/2/5 10438/2/5
f 10445/2/5 10439/2/5 10444/2/5
f 10446/6/5 10443/6/5 10442/6/5
f 10447/6/5 10443/6/5 10446/6/5
f 10453/5/5 10449/5/5 10448/5/5
f 10454/5/5 10449/5/5 10453/5/5
f 10455/5/5 10441/5/5 10440/5/5
f 10456/5/5 10441/5/5 10455/5/5
f 10457/5/5 10451/5/5 10450/5/5
f 10458/5/5 10451/5/5 10457/5/5
f 10459/5/5 10453/5/5 10452/5/5
f 10460/5/5 10453/5/5 10459/5/5
f 10465/5/5 10464/5/5 10463/5/5
f 10465/5/5 10463/5/5 10462/5/5
f 10465/5/5 10462/5/5 10461/5/5
f 10466/5/5 10464/5/5 10465/5/5
f 10472/5/5 10465/5/5 10461/5/5
f 10473/5/5 10465/5/5 10472/5/5
f 10474/5/5 10468/5/5 10467/5/5
f 10475/5/5 10468/5/5 10474/5/5
f 10476/5/5 10470/5/5 10469/5/5
f 10477/5/5 10470/5/5 10476/5/5
f 10478/5/5 10472/5/5 10471/5/5
f 10479/5/5 10472/5/5 10478/5/5
f 10482/5/5 10481/5/5 10480/5/5
f 10483/5/5 10481/5/5 10482/5/5
f 10486/5/5 10485/5/5 10484/5/5
f 10487/5/5 10485/5/5 10486/5/5
f 10490/2/5 10489/2/5 10488/2/5
f 10491/2/5 10489/2/5 10490/2/5
f 10494/5/5 10493/5/5 10492/5/5
f 10495/5/5 10493/5/5 10494/5/5
f 10498/5/5 10497/5/5 10496/5/5
f 10499/5/5 10497/5/5 10498/5/5
f 10502/5/5 10498/5/5 10496/5/5
f 10503/5/5 10498/5/5 10502/5/5
f 10504/5/5 10498/5/5 10503/5/5
f 10505/5/5 10498/5/5 10504/5/5
f 10506/5/5 10504/5/5 10503/5/5
f 10507/5/5 10504/5/5 10506/5/5
f 10511/5/5 10509/5/5 10508/5/5
f 10511/6/5 10510/6/5 10509/6/5
f 10512/6/5 10510/6/5 10511/6/5
f 10513/5/5 10501/5/5 10500/5/5
f 10514/5/5 10501/5/5 10513/5/5
f 10520/5/5 10516/5/5 10515/5/5
f 10520/5/5 10519/5/5 10518/5/5
f 10520/5/5 10518/5/5 10517/5/5
f 10520/5/5 10517/5/5 10516/5/5
f 10521/5/5 10519/5/5 10520/5/5
f 10522/5/5 10501/5/5 10514/5/5
f 10523/5/5 10501/5/5 10522/5/5
f 10524/5/5 10511/5/5 10508/5/5
f 10525/5/5 10511/5/5 10524/5/5
f 10526/2/5 10523/2/5 10522/2/5
f 10527/2/5 10523/2/5 10526/2/5
f 10534/6/5 10529/6/5 10528/6/5
f 10535/6/5 10529/6/5 10534/6/5
f 10538/5/5 10533/5/5 10532/5/5
f 10539/5/5 10533/5/5 10538/5/5
f 10540/5/5 10537/5/5 10536/5/5
f 10541/5/5 10537/5/5 10540/5/5
f 10542/5/5 10531/5/5 10530/5/5
f 10543/5/5 10531/5/5 10542/5/5
f 10546/6/5 10545/6/5 10544/6/5
f 10547/6/5 10545/6/5 10546/6/5
f 10553/5/5 10549/5/5 10548/5/5
f 10554/5/5 10549/5/5 10553/5/5
f 10554/5/5 10553/5/5 10552/5/5
f 10555/5/5 10551/5/5 10550/5/5
f 10556/5/5 10551/5/5 10555/5/5
f 10558/5/5 10554/5/5 10552/5/5
f 10558/5/5 10557/5/5 10556/5/5
f 10558/5/5 10556/5/5 10555/5/5
f 10558/5/5 10555/5/5 10554/5/5
f 10559/5/5 10557/5/5 10558/5/5
f 10562/5/5 10561/5/5 10560/5/5
f 10564/5/5 10562/5/5 10560/5/5
f 10564/5/5 10563/5/5 10562/5/5
f 10565/5/5 10563/5/5 10564/5/5
f 10566/5/5 10564/5/5 10560/5/5
f 10567/5/5 10564/5/5 10566/5/5
f 10570/5/5 10569/5/5 10568/5/5
f 10571/5/5 10569/5/5 10570/5/5
f 10574/5/5 10573/5/5 10572/5/5
f 10575/5/5 10573/5/5 10574/5/5
f 10578/5/5 10577/5/5 10576/5/5
f 10579/5/5 10577/5/5 10578/5/5
f 10583/2/5 10581/2/5 10580/2/5
f 10584/5/5 10582/5/5 10581/5/5
f 10584/2/5 10581/2/5 10583/2/5
f 10585/5/5 10584/5/5 10583/5/5
f 10586/5/5 10582/5/5 10584/5/5
f 10586/5/5 10584/5/5 10585/5/5
f 10590/5/5 10588/5/5 10587/5/5
f 10593/5/5 10590/5/5 10589/5/5
f 10594/5/5 10588/5/5 10590/5/5
f 10594/5/5 10590/5/5 10593/5/5
f 10595/5/5 10592/5/5 10591/5/5
f 10596/5/5 10592/5/5 10595/5/5
f 10602/5/5 10598/5/5 10597/5/5
f 10602/5/5 10599/5/5 10598/5/5
f 10603/5/5 10599/5/5 10602/5/5
f 10604/5/5 10601/5/5 10600/5/5
f 10605/5/5 10602/5/5 10597/5/5
f 10608/5/5 10605/5/5 10604/5/5
f 10609/5/5 10605/5/5 10608/5/5
f 10610/5/5 10608/5/5 10604/5/5
f 10611/5/5 10608/5/5 10610/5/5
f 10612/5/5 10602/5/5 10605/5/5
f 10612/5/5 10605/5/5 10609/5/5
f 10613/5/5 10602/5/5 10612/5/5
f 10614/5/5 10607/5/5 10606/5/5
f 10615/5/5 10607/5/5 10614/5/5
f 10618/5/5 10610/5/5 10604/5/5
f 10619/5/5 10612/5/5 10609/5/5
f 10620/5/5 10618/5/5 10604/5/5
f 10620/5/5 10619/5/5 10618/5/5
f 10621/5/5 10612/5/5 10619/5/5
f 10621/5/5 10619/5/5 10620/5/5
f 10622/5/5 10607/5/5 10615/5/5
f 10623/5/5 10607/5/5 10622/5/5
f 10624/2/5 10617/2/5 10616/2/5
f 10625/2/5 10617/2/5 10624/2/5
f 10626/5/5 10604/5/5 10600/5/5
f 10626/5/5 10620/5/5 10604/5/5
f 10627/5/5 10620/5/5 10626/5/5
f 10628/5/5 10612/5/5 10621/5/5
f 10629/5/5 10612/5/5 10628/5/5
f 10630/5/5 10607/5/5 10623/5/5
f 10631/5/5 10607/5/5 10630/5/5
f 10632/5/5 10612/5/5 10629/5/5
f 10633/5/5 10612/5/5 10632/5/5
f 10634/5/5 10612/5/5 10633/5/5
f 10635/5/5 10612/5/5 10634/5/5
f 10636/5/5 10607/5/5 10631/5/5
f 10637/5/5 10607/5/5 10636/5/5
f 10641/5/5 10639/5/5 10638/5/5
f 10643/5/5 10634/5/5 10633/5/5
f 10644/5/5 10634/5/5 10643/5/5
f 10647/5/5 10641/5/5 10640/5/5
f 10648/6/5 10643/6/5 10642/6/5
f 10649/5/5 10645/5/5 10644/5/5
f 10649/6/5 10643/6/5 10648/6/5
f 10649/5/5 10644/5/5 10643/5/5
f 10650/5/5 10649/5/5 10648/5/5
f 10651/5/5 10645/5/5 10649/5/5
f 10651/5/5 10649/5/5 10650/5/5
f 10652/5/5 10647/5/5 10646/5/5
f 10653/5/5 10639/5/5 10641/5/5
f 10653/5/5 10647/5/5 10652/5/5
f 10653/5/5 10641/5/5 10647/5/5
f 10656/3/5 10655/3/5 10654/3/5
f 10657/3/5 10655/3/5 10656/3/5
f 10658/5/5 10657/5/5 10656/5/5
f 10659/5/5 10657/5/5 10658/5/5
f 10662/5/5 10661/5/5 10660/5/5
f 10663/5/5 10661/5/5 10662/5/5
f 10667/5/5 10665/5/5 10664/5/5
f 10668/5/5 10665/5/5 10667/5/5
f 10669/5/5 10665/5/5 10668/5/5
f 10672/5/5 10667/5/5 10666/5/5
f 10672/5/5 10668/5/5 10667/5/5
f 10673/5/5 10668/5/5 10672/5/5
f 10674/5/5 10671/5/5 10670/5/5
f 10675/5/5 10671/5/5 10674/5/5
f 10678/5/5 10677/5/5 10676/5/5
f 10679/5/5 10677/5/5 10678/5/5
f 10684/5/5 10683/5/5 10682/5/5
f 10685/5/5 10683/5/5 10684/5/5
f 10686/5/5 10683/5/5 10685/5/5
f 10688/5/5 10681/5/5 10680/5/5
f 10690/5/5 10688/5/5 10687/5/5
f 10691/5/5 10683/5/5 10686/5/5
f 10693/5/5 10690/5/5 10689/5/5
f 10694/5/5 10690/5/5 10693/5/5
f 10695/5/5 10681/5/5 10688/5/5
f 10695/5/5 10690/5/5 10694/5/5
f 10695/5/5 10688/5/5 10690/5/5
f 10696/5/5 10681/5/5 10695/5/5
f 10697/5/5 10692/5/5 10691/5/5
f 10697/5/5 10691/5/5 10686/5/5
f 10698/5/5 10692/5/5 10697/5/5
f 10699/5/5 10695/5/5 10694/5/5
f 10700/5/5 10695/5/5 10699/5/5
f 10705/5/5 10702/5/5 10701/5/5
f 10706/5/5 10704/5/5 10703/5/5
f 10707/5/5 10704/5/5 10706/5/5
f 10708/5/5 10702/5/5 10705/5/5
f 10709/5/5 10708/5/5 10705/5/5
f 10710/5/5 10708/5/5 10709/5/5
f 10711/5/5 10709/5/5 10705/5/5
f 10712/5/5 10709/5/5 10711/5/5
f 10713/5/5 10692/5/5 10698/5/5
f 10714/5/5 10692/5/5 10713/5/5
f 10715/5/5 10692/5/5 10714/5/5
f 10716/5/5 10692/5/5 10715/5/5
f 10719/5/5 10718/5/5 10717/5/5
f 10720/5/5 10718/5/5 10719/5/5
f 10724/5/5 10722/5/5 10721/5/5
f 10725/5/5 10722/5/5 10724/5/5
f 10726/5/5 10724/5/5 10723/5/5
f 10727/5/5 10724/5/5 10726/5/5
f 10730/2/5 10729/2/5 10728/2/5
f 10731/2/5 10729/2/5 10730/2/5
f 10736/5/5 10733/5/5 10732/5/5
f 10737/5/5 10733/5/5 10736/5/5
f 10738/5/5 10733/5/5 10737/5/5
f 10739/5/5 10733/5/5 10738/5/5
f 10740/5/5 10735/5/5 10734/5/5
f 10741/5/5 10735/5/5 10740/5/5
f 10742/5/5 10738/5/5 10737/5/5
f 10743/5/5 10738/5/5 10742/5/5
f 10744/5/5 10735/5/5 10741/5/5
f 10745/5/5 10735/5/5 10744/5/5
f 10748/2/5 10747/2/5 10746/2/5
f 10749/2/5 10747/2/5 10748/2/5
f 10754/4/5 10753/4/5 10752/4/5
f 10755/4/5 10753/4/5 10754/4/5
f 10756/2/5 10751/2/5 10750/2/5
f 10757/2/5 10751/2/5 10756/2/5
f 10760/5/5 10757/5/5 10756/5/5
f 10760/5/5 10759/5/5 10758/5/5
f 10760/5/5 10758/5/5 10757/5/5
f 10761/5/5 10759/5/5 10760/5/5
f 10764/5/5 10763/5/5 10762/5/5
f 10765/5/5 10763/5/5 10764/5/5
f 10770/5/5 10767/5/5 10766/5/5
f 10771/4/5 10769/4/5 10768/4/5
f 10771/5/5 10767/5/5 10770/5/5
f 10771/4/5 10768/4/5 10767/4/5
f 10772/4/5 10769/4/5 10771/4/5
f 10776/5/5 10774/5/5 10773/5/5
f 10777/4/5 10775/4/5 10774/4/5
f 10777/5/5 10774/5/5 10776/5/5
f 10778/4/5 10775/4/5 10777/4/5
f 10782/2/5 10780/2/5 10779/2/5
f 10783/5/5 10781/5/5 10780/5/5
f 10783/2/5 10780/2/5 10782/2/5
f 10784/5/5 10781/5/5 10783/5/5
f 10786/5/5 10783/5/5 10782/5/5
f 10786/5/5 10784/5/5 10783/5/5
f 10787/5/5 10784/5/5 10786/5/5
f 10790/5/5 10789/5/5 10788/5/5
f 10791/5/5 10789/5/5 10790/5/5
f 10792/2/5 10785/2/5 10784/2/5
f 10792/5/5 10784/5/5 10787/5/5
f 10793/2/5 10785/2/5 10792/2/5
f 10794/5/5 10789/5/5 10791/5/5
f 10795/5/5 10789/5/5 10794/5/5
f 10796/5/5 10793/5/5 10792/5/5
f 10796/5/5 10792/5/5 10787/5/5
f 10797/5/5 10793/5/5 10796/5/5
f 10800/2/5 10799/2/5 10798/2/5
f 10801/2/5 10799/2/5 10800/2/5
f 10804/5/5 10803/5/5 10802/5/5
f 10805/5/5 10803/5/5 10804/5/5
f 10806/5/5 10803/5/5 10805/5/5
f 10809/2/5 10808/2/5 10807/2/5
f 10810/2/5 10808/2/5 10809/2/5
f 10811/5/5 10810/5/5 10809/5/5
f 10812/5/5 10810/5/5 10811/5/5
f 10815/5/5 10814/5/5 10813/5/5
f 10816/5/5 10814/5/5 10815/5/5
f 10819/5/5 10818/5/5 10817/5/5
f 10820/5/5 10818/5/5 10819/5/5
f 10825/4/5 10822/4/5 10821/4/5
f 10826/4/5 10822/4/5 10825/4/5
f 10827/5/5 10824/5/5 10823/5/5
f 10828/5/5 10827/5/5 10823/5/5
f 10829/5/5 10827/5/5 10828/5/5
f 10832/5/5 10831/5/5 10830/5/5
f 10833/5/5 10831/5/5 10832/5/5
f 10836/5/5 10835/5/5 10834/5/5
f 10837/5/5 10835/5/5 10836/5/5
f 10841/5/5 10839/5/5 10838/5/5
f 10841/4/5 10840/4/5 10839/4/5
f 10842/4/5 10840/4/5 10841/4/5
f 10843/4/5 10840/4/5 10842/4/5
f 10844/5/5 10841/5/5 10838/5/5
f 10844/5/5 10842/5/5 10841/5/5
f 10845/5/5 10842/5/5 10844/5/5
f 10848/5/5 10844/5/5 10838/5/5
f 10849/5/5 10844/5/5 10848/5/5
f 10850/5/5 10847/5/5 10846/5/5
f 10851/5/5 10847/5/5 10850/5/5
f 10852/5/5 10847/5/5 10851/5/5
f 10855/5/5 10854/5/5 10853/5/5
f 10859/5/5 10855/5/5 10853/5/5
f 10859/5/5 10856/5/5 10855/5/5
f 10860/4/5 10858/4/5 10857/4/5
f 10861/5/5 10859/5/5 10858/5/5
f 10861/4/5 10858/4/5 10860/4/5
f 10862/5/5 10856/5/5 10859/5/5
f 10862/5/5 10859/5/5 10861/5/5
f 10865/5/5 10864/5/5 10863/5/5
f 10866/5/5 10864/5/5 10865/5/5
f 10870/5/5 10868/5/5 10867/5/5
f 10872/5/5 10870/5/5 10869/5/5
f 10873/5/5 10872/5/5 10871/5/5
f 10874/5/5 10868/5/5 10870/5/5
f 10874/5/5 10872/5/5 10873/5/5
f 10874/5/5 10870/5/5 10872/5/5
f 10877/5/5 10876/5/5 10875/5/5
f 10878/5/5 10876/5/5 10877/5/5
f 10879/5/5 10876/5/5 10878/5/5
f 10881/5/5 10880/5/5 10879/5/5
f 10881/5/5 10879/5/5 10878/5/5
f 10882/5/5 10880/5/5 10881/5/5
f 10885/5/5 10884/5/5 10883/5/5
f 10886/5/5 10884/5/5 10885/5/5
f 10889/5/5 10888/5/5 10887/5/5
f 10890/5/5 10888/5/5 10889/5/5
f 10893/5/5 10892/5/5 10891/5/5
f 10894/5/5 10892/5/5 10893/5/5
f 10895/2/5 10894/2/5 10893/2/5
f 10896/2/5 10894/2/5 10895/2/5
f 10899/6/6 10900/6/6 10902/6/6
f 10897/6/6 10898/6/6 10903/6/6
f 10903/6/6 10898/6/6 10904/6/6
f 10901/6/6 10902/6/6 10908/6/6
f 10907/6/6 10908/6/6 10909/6/6
f 10909/6/6 10908/6/6 10910/6/6
f 10902/6/6 10900/6/6 10911/6/6
f 10910/6/6 10908/6/6 10911/6/6
f 10908/6/6 10902/6/6 10911/6/6
f 10905/6/6 10906/6/6 10912/6/6
f 10905/6/6 10912/6/6 10917/6/6
f 10917/6/6 10912/6/6 10918/6/6
f 10913/6/6 10914/6/6 10919/6/6
f 10915/6/6 10916/6/6 10920/6/6
f 10920/6/6 10916/6/6 10921/6/6
f 10918/6/6 10919/6/6 10922/6/6
f 10919/6/6 10914/6/6 10922/6/6
f 10922/6/6 10914/6/6 10923/6/6
f 10923/6/6 10914/6/6 10924/6/6
f 10924/6/6 10914/6/6 10925/6/6
f 10918/6/6 10922/6/6 10926/6/6
f 10926/6/6 10922/6/6 10927/6/6
f 10930/6/6 10931/6/6 10933/6/6
f 10928/6/6 10929/6/6 10934/6/6
f 10933/6/6 10931/6/6 10935/6/6
f 10931/1/6 10932/1/6 10936/1/6
f 10935/6/6 10931/6/6 10936/6/6
f 10936/1/6 10932/1/6 10937/1/6
f 10937/1/6 10932/1/6 10938/1/6
f 10934/6/6 10935/6/6 10939/6/6
f 10935/6/6 10936/6/6 10939/6/6
f 10939/6/6 10936/6/6 10940/6/6
f 10928/6/6 10934/6/6 10941/6/6
f 10934/6/6 10939/6/6 10941/6/6
f 10941/6/6 10939/6/6 10942/6/6
f 10937/1/6 10938/1/6 10943/1/6
f 10943/1/6 10938/1/6 10944/1/6
f 10928/6/6 10941/6/6 10945/6/6
f 10945/6/6 10941/6/6 10946/6/6
f 10947/1/6 10948/1/6 10949/1/6
f 10949/1/6 10948/1/6 10950/1/6
f 10951/6/6 10952/6/6 10953/6/6
f 10953/6/6 10952/6/6 10954/6/6
f 10955/6/6 10956/6/6 10957/6/6
f 10957/6/6 10956/6/6 10958/6/6
f 10959/1/6 10960/1/6 10961/1/6
f 10961/1/6 10960/1/6 10962/1/6
f 10962/1/6 10960/1/6 10963/1/6
f 10955/6/6 10957/6/6 10964/6/6
f 10964/6/6 10957/6/6 10965/6/6
f 10962/6/6 10963/6/6 10968/6/6
f 10968/6/6 10963/6/6 10969/6/6
f 10971/6/6 10972/6/6 10973/6/6
f 10970/6/6 10971/6/6 10973/6/6
f 10973/6/6 10972/6/6 10974/6/6
f 10966/6/6 10967/6/6 10975/6/6
f 10970/6/6 10973/6/6 10976/6/6
f 10976/6/6 10973/6/6 10977/6/6
f 10975/6/6 10967/6/6 10981/6/6
f 10978/6/6 10979/6/6 10982/6/6
f 10982/6/6 10979/6/6 10983/6/6
f 10980/1/6 10981/1/6 10984/1/6
f 10981/6/6 10967/6/6 10985/6/6
f 10984/1/6 10981/1/6 10985/1/6
f 10985/6/6 10967/6/6 10986/6/6
f 10987/6/6 10988/6/6 10991/6/6
f 10991/6/6 10988/6/6 10992/6/6
f 10992/6/6 10988/6/6 10993/6/6
f 10989/6/6 10990/6/6 10994/6/6
f 10994/6/6 10990/6/6 10995/6/6
f 10987/6/6 10991/6/6 10998/6/6
f 10996/6/6 10997/6/6 11001/6/6
f 10997/1/6 10998/1/6 11002/1/6
f 11001/6/6 10997/6/6 11002/6/6
f 10998/6/6 10991/6/6 11003/6/6
f 11002/1/6 10998/1/6 11003/1/6
f 11003/6/6 10991/6/6 11004/6/6
f 10999/6/6 11000/6/6 11008/6/6
f 11006/6/6 11007/6/6 11011/6/6
f 11005/6/6 11006/6/6 11011/6/6
f 11011/6/6 11007/6/6 11012/6/6
f 11012/6/6 11007/6/6 11013/6/6
f 11008/6/6 11009/6/6 11014/6/6
f 10999/6/6 11008/6/6 11014/6/6
f 11014/6/6 11009/6/6 11015/6/6
f 11015/6/6 11009/6/6 11016/6/6
f 11016/6/6 11009/6/6 11017/6/6
f 11017/6/6 11009/6/6 11018/6/6
f 11011/6/6 11012/6/6 11022/6/6
f 11010/6/6 11011/6/6 11022/6/6
f 11022/6/6 11012/6/6 11023/6/6
f 10996/6/6 11001/6/6 11026/6/6
f 11019/6/6 11020/6/6 11029/6/6
f 11020/1/6 11021/1/6 11030/1/6
f 11029/6/6 11020/6/6 11030/6/6
f 11030/1/6 11021/1/6 11031/1/6
f 11024/6/6 11025/6/6 11032/6/6
f 11032/6/6 11025/6/6 11033/6/6
f 11033/6/6 11025/6/6 11034/6/6
f 11026/6/6 11027/6/6 11035/6/6
f 10996/6/6 11026/6/6 11035/6/6
f 11035/6/6 11027/6/6 11036/6/6
f 11036/6/6 11027/6/6 11037/6/6
f 11028/6/6 11029/6/6 11040/6/6
f 11035/6/6 11036/6/6 11046/6/6
f 11034/6/6 11035/6/6 11046/6/6
f 11046/6/6 11036/6/6 11047/6/6
f 11038/6/6 11039/6/6 11048/6/6
f 11048/6/6 11039/6/6 11049/6/6
f 11049/6/6 11039/6/6 11050/6/6
f 11028/6/6 11040/6/6 11051/6/6
f 11040/6/6 11041/6/6 11051/6/6
f 11041/6/6 11042/6/6 11051/6/6
f 11051/6/6 11042/6/6 11052/6/6
f 11043/6/6 11044/6/6 11055/6/6
f 11044/1/6 11045/1/6 11056/1/6
f 11055/6/6 11044/6/6 11056/6/6
f 11056/1/6 11045/1/6 11057/1/6
f 11053/1/6 11054/1/6 11059/1/6
f 11058/6/6 11059/6/6 11062/6/6
f 11059/1/6 11054/1/6 11063/1/6
f 11062/6/6 11059/6/6 11063/6/6
f 11063/1/6 11054/1/6 11064/1/6
f 11060/1/6 11061/1/6 11065/1/6
f 11065/1/6 11061/1/6 11066/1/6
f 11067/1/6 11068/1/6 11072/1/6
f 11068/1/6 11069/1/6 11072/1/6
f 11072/1/6 11069/1/6 11073/1/6
f 11073/1/6 11069/1/6 11074/1/6
f 11074/1/6 11069/1/6 11075/1/6
f 11070/1/6 11071/1/6 11078/1/6
f 11078/1/6 11071/1/6 11079/1/6
f 11072/1/6 11073/1/6 11080/1/6
f 11080/1/6 11073/1/6 11081/1/6
f 11076/8/6 11077/8/6 11082/8/6
f 11082/8/6 11077/8/6 11083/8/6
f 11084/1/6 11085/1/6 11086/1/6
f 11088/6/6 11089/6/6 11091/6/6
f 11089/6/6 11090/6/6 11091/6/6
f 11091/6/6 11090/6/6 11092/6/6
f 11088/6/6 11091/6/6 11095/6/6
f 11095/6/6 11091/6/6 11096/6/6
f 11093/1/6 11094/1/6 11097/1/6
f 11097/1/6 11094/1/6 11098/1/6
f 11086/1/6 11087/1/6 11099/1/6
f 11084/1/6 11086/1/6 11104/1/6
f 11099/1/6 11100/1/6 11104/1/6
f 11086/1/6 11099/1/6 11104/1/6
f 11104/1/6 11100/1/6 11105/1/6
f 11102/6/6 11103/6/6 11108/6/6
f 11101/6/6 11102/6/6 11108/6/6
f 11108/6/6 11103/6/6 11109/6/6
f 11106/6/6 11107/6/6 11111/6/6
f 11111/6/6 11107/6/6 11112/6/6
f 11112/6/6 11107/6/6 11113/6/6
f 11105/1/6 11100/1/6 11114/1/6
f 11114/1/6 11100/1/6 11115/1/6
f 11111/6/6 11112/6/6 11119/6/6
f 11110/6/6 11111/6/6 11119/6/6
f 11119/6/6 11112/6/6 11120/6/6
f 11116/1/6 11117/1/6 11121/1/6
f 11117/6/6 11118/6/6 11122/6/6
f 11121/1/6 11117/1/6 11122/1/6
f 11110/6/6 11119/6/6 11124/6/6
f 11124/6/6 11119/6/6 11125/6/6
f 11119/1/6 11120/1/6 11126/1/6
f 11126/1/6 11120/1/6 11127/1/6
f 11123/6/6 11124/6/6 11129/6/6
f 11125/6/6 11119/6/6 11130/6/6
f 11119/1/6 11126/1/6 11131/1/6
f 11130/6/6 11119/6/6 11131/6/6
f 11131/1/6 11126/1/6 11132/1/6
f 11128/6/6 11129/6/6 11133/6/6
f 11129/6/6 11124/6/6 11133/6/6
f 11133/6/6 11124/6/6 11134/6/6
f 11128/6/6 11133/6/6 11135/6/6
f 11135/6/6 11133/6/6 11136/6/6
f 11121/6/6 11122/6/6 11137/6/6
f 11122/6/6 11118/6/6 11138/6/6
f 11137/6/6 11122/6/6 11138/6/6
f 11139/6/6 11140/6/6 11144/6/6
f 11144/6/6 11140/6/6 11145/6/6
f 11145/6/6 11140/6/6 11146/6/6
f 11142/1/6 11143/1/6 11147/1/6
f 11143/6/6 11144/6/6 11147/6/6
f 11144/6/6 11145/6/6 11147/6/6
f 11147/6/6 11145/6/6 11148/6/6
f 11141/6/6 11142/6/6 11151/6/6
f 11142/1/6 11147/1/6 11152/1/6
f 11151/6/6 11142/6/6 11152/6/6
f 11152/1/6 11147/1/6 11153/1/6
f 11141/6/6 11151/6/6 11154/6/6
f 11154/6/6 11151/6/6 11155/6/6
f 11149/6/6 11150/6/6 11156/6/6
f 11156/6/6 11150/6/6 11157/6/6
f 11157/6/6 11158/6/6 11160/6/6
f 11158/1/6 11159/1/6 11161/1/6
f 11160/6/6 11158/6/6 11161/6/6
f 11161/1/6 11159/1/6 11162/1/6
f 11163/8/6 11164/8/6 11165/8/6
f 11165/8/6 11164/8/6 11166/8/6
f 11165/1/6 11166/1/6 11169/1/6
f 11165/1/6 11169/1/6 11171/1/6
f 11169/1/6 11170/1/6 11171/1/6
f 11171/1/6 11170/1/6 11172/1/6
f 11167/1/6 11168/1/6 11173/1/6
f 11173/1/6 11168/1/6 11174/1/6
f 11175/1/6 11176/1/6 11179/1/6
f 11179/1/6 11176/1/6 11180/1/6
f 11172/1/6 11170/1/6 11181/1/6
f 11177/1/6 11178/1/6 11183/1/6
f 11182/6/6 11183/6/6 11184/6/6
f 11183/1/6 11178/1/6 11185/1/6
f 11184/6/6 11183/6/6 11185/6/6
f 11185/1/6 11178/1/6 11186/1/6
f 11181/1/6 11170/1/6 11187/1/6
f 11187/1/6 11170/1/6 11188/1/6
f 11189/1/6 11190/1/6 11192/1/6
f 11192/1/6 11190/1/6 11193/1/6
f 11191/1/6 11192/1/6 11194/1/6
f 11194/1/6 11192/1/6 11195/1/6
f 11194/1/6 11195/1/6 11197/1/6
f 11195/1/6 11196/1/6 11197/1/6
f 11194/1/6 11197/1/6 11199/1/6
f 11198/6/6 11199/6/6 11201/6/6
f 11199/1/6 11197/1/6 11202/1/6
f 11201/6/6 11199/6/6 11202/6/6
f 11202/1/6 11197/1/6 11203/1/6
f 11200/1/6 11201/1/6 11206/1/6
f 11206/1/6 11201/1/6 11207/1/6
f 11204/1/6 11205/1/6 11208/1/6
f 11205/8/6 11206/8/6 11209/8/6
f 11208/1/6 11205/1/6 11209/1/6
f 11206/8/6 11207/8/6 11209/8/6
f 11209/8/6 11207/8/6 11210/8/6
f 11209/8/6 11210/8/6 11211/8/6
f 11211/8/6 11210/8/6 11212/8/6
f 11213/1/6 11214/1/6 11217/1/6
f 11215/8/6 11216/8/6 11220/8/6
f 11220/8/6 11216/8/6 11221/8/6
f 11213/1/6 11217/1/6 11225/1/6
f 11217/1/6 11218/1/6 11225/1/6
f 11225/1/6 11218/1/6 11226/1/6
f 11218/6/6 11219/6/6 11227/6/6
f 11226/1/6 11218/1/6 11227/1/6
f 11221/8/6 11222/8/6 11228/8/6
f 11227/6/6 11219/6/6 11228/6/6
f 11219/8/6 11220/8/6 11228/8/6
f 11220/8/6 11221/8/6 11228/8/6
f 11228/8/6 11222/8/6 11229/8/6
f 11223/1/6 11224/1/6 11231/1/6
f 11226/1/6 11227/1/6 11232/1/6
f 11232/1/6 11227/1/6 11233/1/6
f 11230/1/6 11231/1/6 11234/1/6
f 11231/1/6 11224/1/6 11235/1/6
f 11234/1/6 11231/1/6 11235/1/6
f 11236/6/6 11237/6/6 11240/6/6
f 11240/6/6 11237/6/6 11241/6/6
f 11241/6/6 11237/6/6 11242/6/6
f 11238/8/6 11239/8/6 11243/8/6
f 11243/8/6 11239/8/6 11244/8/6
f 11245/1/6 11246/1/6 11251/1/6
f 11246/6/6 11247/6/6 11252/6/6
f 11251/1/6 11246/1/6 11252/1/6
f 11250/6/6 11251/6/6 11253/6/6
f 11251/6/6 11252/6/6 11253/6/6
f 11252/6/6 11247/6/6 11254/6/6
f 11253/6/6 11252/6/6 11254/6/6
f 11249/1/6 11250/1/6 11257/1/6
f 11250/6/6 11253/6/6 11257/6/6
f 11257/6/6 11253/6/6 11258/6/6
f 11255/8/6 11256/8/6 11259/8/6
f 11259/8/6 11256/8/6 11260/8/6
f 11248/6/6 11249/6/6 11261/6/6
f 11257/1/6 11258/1/6 11262/1/6
f 11261/6/6 11249/6/6 11262/6/6
f 11249/1/6 11257/1/6 11262/1/6
f 11262/1/6 11258/1/6 11263/1/6
f 11264/8/6 11265/8/6 11266/8/6
f 11266/8/6 11265/8/6 11267/8/6
f 11268/8/6 11269/8/6 11270/8/6
f 11270/8/6 11269/8/6 11271/8/6
f 11270/1/6 11271/1/6 11277/1/6
f 11272/1/6 11273/1/6 11278/1/6
f 11273/6/6 11274/6/6 11279/6/6
f 11278/1/6 11273/1/6 11279/1/6
f 11274/8/6 11275/8/6 11280/8/6
f 11279/6/6 11274/6/6 11280/6/6
f 11280/8/6 11275/8/6 11281/8/6
f 11276/1/6 11277/1/6 11282/1/6
f 11277/1/6 11271/1/6 11283/1/6
f 11282/1/6 11277/1/6 11283/1/6
f 11284/6/6 11285/6/6 11289/6/6
f 11289/6/6 11285/6/6 11290/6/6
f 11286/1/6 11287/1/6 11291/1/6
f 11287/7/6 11288/7/6 11292/7/6
f 11291/1/6 11287/1/6 11292/1/6
f 11292/7/6 11288/7/6 11293/7/6
f 11292/7/6 11293/7/6 11294/7/6
f 11294/7/6 11293/7/6 11295/7/6
f 11294/8/6 11295/8/6 11296/8/6
f 11296/8/6 11295/8/6 11297/8/6
f 11298/8/6 11299/8/6 11300/8/6
f 11300/8/6 11299/8/6 11301/8/6
f 11302/7/6 11303/7/6 11305/7/6
f 11303/8/6 11304/8/6 11306/8/6
f 11305/7/6 11303/7/6 11306/7/6
f 11306/8/6 11304/8/6 11307/8/6
f 11306/8/6 11307/8/6 11308/8/6
f 11308/8/6 11307/8/6 11309/8/6
f 11308/7/6 11309/7/6 11310/7/6
f 11310/7/6 11309/7/6 11311/7/6
f 11312/1/6 11313/1/6 11314/1/6
f 11314/1/6 11313/1/6 11315/1/6
f 11317/1/6 11318/1/6 11319/1/6
f 11316/1/6 11317/1/6 11319/1/6
f 11319/1/6 11318/1/6 11320/1/6
f 11319/6/6 11320/6/6 11323/6/6
f 11321/8/6 11322/8/6 11324/8/6
f 11322/6/6 11323/6/6 11325/6/6
f 11324/8/6 11322/8/6 11325/8/6
f 11323/6/6 11320/6/6 11326/6/6
f 11325/6/6 11323/6/6 11326/6/6
f 11327/6/6 11328/6/6 11331/6/6
f 11331/6/6 11328/6/6 11332/6/6
f 11329/1/6 11330/1/6 11333/1/6
f 11333/1/6 11330/1/6 11334/1/6
f 11335/6/6 11336/6/6 11337/6/6
f 11337/6/6 11336/6/6 11338/6/6
f 11339/8/6 11340/8/6 11342/8/6
f 11342/8/6 11340/8/6 11343/8/6
f 11341/1/6 11342/1/6 11344/1/6
f 11341/1/6 11344/1/6 11346/1/6
f 11344/1/6 11345/1/6 11346/1/6
f 11346/1/6 11345/1/6 11347/1/6
f 11347/1/6 11345/1/6 11348/1/6
f 11346/6/6 11347/6/6 11351/6/6
f 11351/6/6 11347/6/6 11352/6/6
f 11349/1/6 11350/1/6 11353/1/6
f 11353/1/6 11350/1/6 11354/1/6
f 11355/1/6 11356/1/6 11357/1/6
f 11357/1/6 11356/1/6 11358/1/6
f 11359/6/6 11360/6/6 11361/6/6
f 11361/6/6 11360/6/6 11362/6/6
f 11363/6/6 11364/6/6 11368/6/6
f 11368/6/6 11364/6/6 11369/6/6
f 11365/1/6 11366/1/6 11370/1/6
f 11370/1/6 11366/1/6 11371/1/6
f 11367/8/6 11368/8/6 11373/8/6
f 11373/8/6 11368/8/6 11374/8/6
f 11371/1/6 11372/1/6 11375/1/6
f 11370/1/6 11371/1/6 11375/1/6
f 11375/1/6 11372/1/6 11376/1/6
f 11376/1/6 11372/1/6 11377/1/6
f 11377/1/6 11378/1/6 11379/1/6
f 11376/1/6 11377/1/6 11379/1/6
f 11379/1/6 11378/1/6 11380/1/6
f 11376/1/6 11379/1/6 11381/1/6
f 11381/1/6 11379/1/6 11382/1/6
f 11383/1/6 11384/1/6 11385/1/6
f 11385/1/6 11384/1/6 11386/1/6
f 11387/1/6 11388/1/6 11389/1/6
f 11389/1/6 11388/1/6 11390/1/6
f 11393/1/6 11394/1/6 11396/1/6
f 11394/1/6 11395/1/6 11396/1/6
f 11396/1/6 11395/1/6 11397/1/6
f 11391/1/6 11392/1/6 11398/1/6
f 11398/1/6 11392/1/6 11399/1/6
f 11398/6/6 11399/6/6 11404/6/6
f 11404/6/6 11399/6/6 11405/6/6
f 11400/1/6 11401/1/6 11406/1/6
f 11406/1/6 11401/1/6 11407/1/6
f 11402/6/6 11403/6/6 11408/6/6
f 11408/6/6 11403/6/6 11409/6/6
f 11405/6/6 11399/6/6 11411/6/6
f 11411/6/6 11399/6/6 11412/6/6
f 11409/1/6 11410/1/6 11413/1/6
f 11413/1/6 11410/1/6 11414/1/6
f 11415/1/6 11416/1/6 11419/1/6
f 11419/1/6 11416/1/6 11420/1/6
f 11417/6/6 11418/6/6 11421/6/6
f 11421/6/6 11418/6/6 11422/6/6
f 11423/1/6 11424/1/6 11428/1/6
f 11428/1/6 11424/1/6 11429/1/6
f 11425/6/6 11426/6/6 11431/6/6
f 11430/6/6 11431/6/6 11432/6/6
f 11426/1/6 11427/1/6 11433/1/6
f 11432/6/6 11431/6/6 11433/6/6
f 11431/6/6 11426/6/6 11433/6/6
f 11433/1/6 11427/1/6 11434/1/6
f 11432/1/6 11433/1/6 11437/1/6
f 11437/1/6 11433/1/6 11438/1/6
f 11435/1/6 11436/1/6 11439/1/6
f 11439/1/6 11436/1/6 11440/1/6
f 11437/6/6 11438/6/6 11441/6/6
f 11441/6/6 11438/6/6 11442/6/6
f 11442/6/6 11438/6/6 11443/6/6
f 11444/1/6 11445/1/6 11446/1/6
f 11446/1/6 11445/1/6 11447/1/6
f 11448/1/6 11449/1/6 11450/1/6
f 11450/1/6 11449/1/6 11451/1/6
f 11452/1/6 11453/1/6 11454/1/6
f 11454/1/6 11453/1/6 11455/1/6
f 11456/1/6 11457/1/6 11458/1/6
f 11458/1/6 11457/1/6 11459/1/6
f 11460/1/6 11461/1/6 11464/1/6
f 11462/1/6 11463/1/6 11465/1/6
f 11465/1/6 11463/1/6 11466/1/6
f 11464/1/6 11461/1/6 11467/1/6
f 11467/1/6 11461/1/6 11468/1/6
f 11469/1/6 11470/1/6 11471/1/6
f 11471/1/6 11470/1/6 11472/1/6
f 11473/8/6 11474/8/6 11475/8/6
f 11475/8/6 11474/8/6 11476/8/6
f 11477/6/6 11478/6/6 11480/6/6
f 11480/6/6 11478/6/6 11481/6/6
f 11479/8/6 11480/8/6 11482/8/6
f 11482/8/6 11480/8/6 11483/8/6
f 11483/8/6 11480/8/6 11484/8/6
f 11485/1/6 11486/1/6 11487/1/6
f 11487/1/6 11486/1/6 11488/1/6
f 11487/8/6 11488/8/6 11491/8/6
f 11491/8/6 11488/8/6 11492/8/6
f 11489/6/6 11490/6/6 11493/6/6
f 11489/6/6 11493/6/6 11494/6/6
f 11494/6/6 11493/6/6 11495/6/6
f 11496/6/6 11497/6/6 11498/6/6
f 11498/6/6 11497/6/6 11499/6/6
f 11500/6/6 11501/6/6 11502/6/6
f 11502/6/6 11501/6/6 11503/6/6
f 11504/6/6 11505/6/6 11506/6/6
f 11506/6/6 11505/6/6 11507/6/6
f 11504/6/6 11506/6/6 11508/6/6
f 11508/6/6 11506/6/6 11509/6/6
f 11510/6/6 11511/6/6 11512/6/6
f 11512/6/6 11511/6/6 11513/6/6
f 11512/6/6 11513/6/6 11515/6/6
f 11513/6/6 11514/6/6 11515/6/6
f 11515/6/6 11514/6/6 11516/6/6
f 11516/6/6 11514/6/6 11517/6/6
f 11518/6/6 11519/6/6 11520/6/6
f 11518/6/6 11520/6/6 11522/6/6
f 11520/6/6 11521/6/6 11522/6/6
f 11522/6/6 11521/6/6 11523/6/6
f 11524/6/6 11525/6/6 11526/6/6
f 11526/6/6 11525/6/6 11527/6/6
f 11528/6/6 11529/6/6 11530/6/6
f 11530/6/6 11529/6/6 11531/6/6
f 11532/1/6 11533/1/6 11535/1/6
f 11533/6/6 11534/6/6 11536/6/6
f 11535/1/6 11533/1/6 11536/1/6
f 11536/6/6 11534/6/6 11537/6/6
f 11538/6/6 11539/6/6 11542/6/6
f 11542/6/6 11539/6/6 11543/6/6
f 11540/8/6 11541/8/6 11544/8/6
f 11544/8/6 11541/8/6 11545/8/6
f 11545/8/6 11541/8/6 11546/8/6
f 11546/8/6 11541/8/6 11547/8/6
f 11548/8/6 11549/8/6 11553/8/6
f 11549/6/6 11550/6/6 11554/6/6
f 11553/8/6 11549/8/6 11554/8/6
f 11550/1/6 11551/1/6 11555/1/6
f 11554/6/6 11550/6/6 11555/6/6
f 11551/6/6 11552/6/6 11556/6/6
f 11555/1/6 11551/1/6 11556/1/6
f 11556/6/6 11552/6/6 11557/6/6
f 11558/6/6 11559/6/6 11561/6/6
f 11560/6/6 11561/6/6 11562/6/6
f 11561/6/6 11559/6/6 11563/6/6
f 11562/6/6 11561/6/6 11563/6/6
f 11563/6/6 11559/6/6 11564/6/6
f 11564/6/6 11559/6/6 11565/6/6
f 11566/6/6 11567/6/6 11568/6/6
f 11568/6/6 11567/6/6 11569/6/6
f 11568/1/6 11569/1/6 11570/1/6
f 11570/1/6 11569/1/6 11571/1/6
f 11572/8/6 11573/8/6 11575/8/6
f 11573/6/6 11574/6/6 11576/6/6
f 11575/8/6 11573/8/6 11576/8/6
f 11576/6/6 11574/6/6 11577/6/6
f 11578/6/6 11579/6/6 11580/6/6
f 11580/6/6 11579/6/6 11581/6/6
f 11581/6/6 11582/6/6 11583/6/6
f 11581/6/6 11583/6/6 11584/6/6
f 11584/6/6 11583/6/6 11585/6/6
f 11586/6/6 11587/6/6 11588/6/6
f 11588/6/6 11587/6/6 11589/6/6
f 11591/6/6 11592/6/6 11593/6/6
f 11588/1/6 11589/1/6 11594/1/6
f 11589/6/6 11590/6/6 11595/6/6
f 11594/1/6 11589/1/6 11595/1/6
f 11595/6/6 11590/6/6 11596/6/6
f 11591/6/6 11593/6/6 11597/6/6
f 11597/6/6 11593/6/6 11598/6/6
f 11599/6/6 11600/6/6 11602/6/6
f 11601/6/6 11602/6/6 11603/6/6
f 11602/6/6 11600/6/6 11604/6/6
f 11603/6/6 11602/6/6 11604/6/6
f 11605/6/6 11606/6/6 11607/6/6
f 11607/6/6 11606/6/6 11608/6/6
f 11607/1/6 11608/1/6 11611/1/6
f 11608/8/6 11609/8/6 11612/8/6
f 11611/1/6 11608/1/6 11612/1/6
f 11609/6/6 11610/6/6 11613/6/6
f 11612/8/6 11609/8/6 11613/8/6
f 11613/6/6 11610/6/6 11614/6/6
f 11615/6/6 11616/6/6 11617/6/6
f 11617/6/6 11616/6/6 11618/6/6
f 11619/6/6 11620/6/6 11621/6/6
f 11621/6/6 11620/6/6 11622/6/6
f 11622/6/6 11620/6/6 11623/6/6
f 11624/6/6 11625/6/6 11626/6/6
f 11626/6/6 11625/6/6 11627/6/6
f 11628/6/6 11629/6/6 11630/6/6
f 11630/6/6 11629/6/6 11631/6/6
f 11632/5/6 11633/5/6 11636/5/6
f 11636/5/6 11633/5/6 11637/5/6
f 11637/5/6 11633/5/6 11638/5/6
f 11634/6/6 11635/6/6 11640/6/6
f 11640/6/6 11635/6/6 11641/6/6
f 11638/5/6 11639/5/6 11642/5/6
f 11637/5/6 11638/5/6 11642/5/6
f 11642/5/6 11639/5/6 11643/5/6
f 11644/6/6 11645/6/6 11646/6/6
f 11646/6/6 11645/6/6 11647/6/6
f 11648/5/6 11649/5/6 11650/5/6
f 11650/5/6 11649/5/6 11651/5/6
f 11652/5/6 11653/5/6 11654/5/6
f 11654/5/6 11653/5/6 11655/5/6
f 11656/1/6 11657/1/6 11658/1/6
f 11658/1/6 11657/1/6 11659/1/6
f 11664/6/6 11665/6/6 11666/6/6
f 11666/6/6 11665/6/6 11667/6/6
f 11660/5/6 11661/5/6 11671/5/6
f 11662/5/6 11663/5/6 11672/5/6
f 11669/6/6 11670/6/6 11674/6/6
f 11668/6/6 11669/6/6 11674/6/6
f 11674/6/6 11670/6/6 11675/6/6
f 11660/5/6 11671/5/6 11676/5/6
f 11671/5/6 11672/5/6 11676/5/6
f 11676/5/6 11672/5/6 11677/5/6
f 11677/5/6 11672/5/6 11678/5/6
f 11672/5/6 11663/5/6 11679/5/6
f 11678/5/6 11672/5/6 11679/5/6
f 11679/5/6 11663/5/6 11680/5/6
f 11673/8/6 11674/8/6 11681/8/6
f 11681/8/6 11674/8/6 11682/8/6
f 11677/5/6 11678/5/6 11683/5/6
f 11678/2/6 11679/2/6 11684/2/6
f 11683/5/6 11678/5/6 11684/5/6
f 11684/2/6 11679/2/6 11685/2/6
f 11686/1/6 11687/1/6 11688/1/6
f 11688/1/6 11687/1/6 11689/1/6
f 11690/1/6 11691/1/6 11693/1/6
f 11693/1/6 11691/1/6 11694/1/6
f 11692/1/6 11693/1/6 11696/1/6
f 11694/1/6 11695/1/6 11696/1/6
f 11693/1/6 11694/1/6 11696/1/6
f 11696/1/6 11695/1/6 11697/1/6
f 11697/1/6 11695/1/6 11698/1/6
f 11698/1/6 11695/1/6 11699/1/6
f 11697/1/6 11698/1/6 11700/1/6
f 11698/6/6 11699/6/6 11700/6/6
f 11700/6/6 11699/6/6 11701/6/6
f 11697/1/6 11700/1/6 11702/1/6
f 11702/1/6 11700/1/6 11703/1/6
f 11704/8/6 11705/8/6 11707/8/6
f 11707/8/6 11705/8/6 11708/8/6
f 11706/6/6 11707/6/6 11709/6/6
f 11707/1/6 11708/1/6 11710/1/6
f 11709/6/6 11707/6/6 11710/6/6
f 11710/1/6 11708/1/6 11711/1/6
f 11712/5/6 11713/5/6 11718/5/6
f 11718/5/6 11713/5/6 11719/5/6
f 11714/6/6 11715/6/6 11722/6/6
f 11715/1/6 11716/1/6 11723/1/6
f 11722/6/6 11715/6/6 11723/6/6
f 11716/6/6 11717/6/6 11724/6/6
f 11723/1/6 11716/1/6 11724/1/6
f 11724/6/6 11717/6/6 11725/6/6
f 11719/5/6 11720/5/6 11727/5/6
f 11727/5/6 11720/5/6 11728/5/6
f 11721/6/6 11722/6/6 11729/6/6
f 11722/8/6 11723/8/6 11730/8/6
f 11729/6/6 11722/6/6 11730/6/6
f 11725/8/6 11726/8/6 11730/8/6
f 11723/8/6 11724/8/6 11730/8/6
f 11724/8/6 11725/8/6 11730/8/6
f 11730/8/6 11726/8/6 11731/8/6
f 11731/8/6 11726/8/6 11732/8/6
f 11731/8/6 11732/8/6 11734/8/6
f 11732/6/6 11733/6/6 11735/6/6
f 11734/8/6 11732/8/6 11735/8/6
f 11735/6/6 11733/6/6 11736/6/6
f 11737/6/6 11738/6/6 11739/6/6
f 11739/6/6 11738/6/6 11740/6/6
f 11741/8/6 11742/8/6 11744/8/6
f 11744/8/6 11742/8/6 11745/8/6
f 11743/8/6 11744/8/6 11745/8/6
f 11743/8/6 11745/8/6 11746/8/6
f 11746/8/6 11745/8/6 11747/8/6
f 11749/5/6 11750/5/6 11751/5/6
f 11748/5/6 11749/5/6 11751/5/6
f 11751/5/6 11750/5/6 11752/5/6
f 11752/5/6 11750/5/6 11756/5/6
f 11756/5/6 11750/5/6 11757/5/6
f 11753/5/6 11754/5/6 11758/5/6
f 11754/2/6 11755/2/6 11759/2/6
f 11758/5/6 11754/5/6 11759/5/6
f 11759/2/6 11755/2/6 11760/2/6
f 11761/2/6 11762/2/6 11763/2/6
f 11763/2/6 11762/2/6 11764/2/6
f 11765/5/6 11766/5/6 11767/5/6
f 11767/5/6 11766/5/6 11768/5/6
f 11769/8/6 11770/8/6 11772/8/6
f 11771/8/6 11772/8/6 11773/8/6
f 11772/8/6 11770/8/6 11774/8/6
f 11773/8/6 11772/8/6 11774/8/6
f 11775/2/6 11776/2/6 11777/2/6
f 11777/2/6 11776/2/6 11778/2/6
f 11777/5/6 11778/5/6 11781/5/6
f 11781/5/6 11778/5/6 11782/5/6
f 11779/8/6 11780/8/6 11783/8/6
f 11783/8/6 11780/8/6 11784/8/6
f 11785/5/6 11786/5/6 11791/5/6
f 11791/5/6 11786/5/6 11792/5/6
f 11792/5/6 11786/5/6 11793/5/6
f 11787/5/6 11788/5/6 11794/5/6
f 11794/5/6 11788/5/6 11795/5/6
f 11789/5/6 11790/5/6 11796/5/6
f 11796/5/6 11790/5/6 11797/5/6
f 11798/8/6 11799/8/6 11801/8/6
f 11799/6/6 11800/6/6 11802/6/6
f 11801/8/6 11799/8/6 11802/8/6
f 11802/6/6 11800/6/6 11803/6/6
f 11804/6/6 11805/6/6 11806/6/6
f 11806/6/6 11805/6/6 11807/6/6
f 11807/6/6 11808/6/6 11809/6/6
f 11809/6/6 11808/6/6 11810/6/6
f 11811/5/6 11812/5/6 11813/5/6
f 11813/5/6 11812/5/6 11814/5/6
f 11815/5/6 11816/5/6 11817/5/6
f 11817/5/6 11816/5/6 11818/5/6
f 11818/5/6 11816/5/6 11819/5/6
f 11811/5/6 11813/5/6 11820/5/6
f 11811/5/6 11820/5/6 11825/5/6
f 11820/5/6 11821/5/6 11825/5/6
f 11825/5/6 11821/5/6 11826/5/6
f 11822/6/6 11823/6/6 11828/6/6
f 11826/5/6 11821/5/6 11829/5/6
f 11829/5/6 11821/5/6 11830/5/6
f 11827/6/6 11828/6/6 11835/6/6
f 11830/5/6 11831/5/6 11836/5/6
f 11836/5/6 11831/5/6 11837/5/6
f 11837/5/6 11831/5/6 11838/5/6
f 11832/2/6 11833/2/6 11840/2/6
f 11840/2/6 11833/2/6 11841/2/6
f 11834/6/6 11835/6/6 11842/6/6
f 11835/6/6 11828/6/6 11843/6/6
f 11842/6/6 11835/6/6 11843/6/6
f 11823/8/6 11824/8/6 11844/8/6
f 11843/6/6 11828/6/6 11844/6/6
f 11828/6/6 11823/6/6 11844/6/6
f 11844/8/6 11824/8/6 11845/8/6
f 11840/5/6 11841/5/6 11846/5/6
f 11846/5/6 11841/5/6 11847/5/6
f 11843/6/6 11844/6/6 11848/6/6
f 11848/6/6 11844/6/6 11849/6/6
f 11849/6/6 11844/6/6 11850/6/6
f 11848/6/6 11849/6/6 11853/6/6
f 11853/6/6 11849/6/6 11854/6/6
f 11851/8/6 11852/8/6 11856/8/6
f 11856/8/6 11852/8/6 11857/8/6
f 11838/5/6 11839/5/6 11858/5/6
f 11837/5/6 11838/5/6 11858/5/6
f 11856/8/6 11857/8/6 11860/8/6
f 11855/8/6 11856/8/6 11860/8/6
f 11860/8/6 11857/8/6 11861/8/6
f 11858/5/6 11859/5/6 11862/5/6
f 11837/5/6 11858/5/6 11862/5/6
f 11862/5/6 11859/5/6 11863/5/6
f 11864/5/6 11865/5/6 11867/5/6
f 11866/2/6 11867/2/6 11868/2/6
f 11867/5/6 11865/5/6 11869/5/6
f 11868/2/6 11867/2/6 11869/2/6
f 11869/5/6 11865/5/6 11870/5/6
f 11871/8/6 11872/8/6 11873/8/6
f 11873/8/6 11872/8/6 11874/8/6
f 11874/8/6 11872/8/6 11875/8/6
f 11873/6/6 11874/6/6 11876/6/6
f 11874/8/6 11875/8/6 11876/8/6
f 11876/8/6 11875/8/6 11877/8/6
f 11878/6/6 11879/6/6 11880/6/6
f 11873/6/6 11876/6/6 11881/6/6
f 11881/6/6 11876/6/6 11882/6/6
f 11880/6/6 11879/6/6 11883/6/6
f 11883/6/6 11879/6/6 11884/6/6
f 11884/6/6 11879/6/6 11885/6/6
f 11886/5/6 11887/5/6 11889/5/6
f 11889/5/6 11887/5/6 11890/5/6
f 11888/5/6 11889/5/6 11892/5/6
f 11890/5/6 11891/5/6 11892/5/6
f 11889/5/6 11890/5/6 11892/5/6
f 11892/5/6 11891/5/6 11893/5/6
f 11893/5/6 11891/5/6 11894/5/6
f 11888/5/6 11892/5/6 11901/5/6
f 11901/5/6 11892/5/6 11902/5/6
f 11893/5/6 11894/5/6 11903/5/6
f 11894/5/6 11895/5/6 11903/5/6
f 11895/2/6 11896/2/6 11904/2/6
f 11903/5/6 11895/5/6 11904/5/6
f 11899/6/6 11900/6/6 11905/6/6
f 11898/6/6 11899/6/6 11905/6/6
f 11905/6/6 11900/6/6 11906/6/6
f 11902/5/6 11892/5/6 11907/5/6
f 11907/5/6 11892/5/6 11908/5/6
f 11904/2/6 11896/2/6 11909/2/6
f 11896/5/6 11897/5/6 11910/5/6
f 11909/2/6 11896/2/6 11910/2/6
f 11910/5/6 11897/5/6 11911/5/6
f 11898/6/6 11905/6/6 11912/6/6
f 11912/6/6 11905/6/6 11913/6/6
f 11913/6/6 11905/6/6 11914/6/6
f 11915/6/6 11916/6/6 11917/6/6
f 11917/6/6 11916/6/6 11918/6/6
f 11919/1/6 11920/1/6 11921/1/6
f 11921/1/6 11920/1/6 11922/1/6
f 11923/5/6 11924/5/6 11926/5/6
f 11924/2/6 11925/2/6 11927/2/6
f 11926/5/6 11924/5/6 11927/5/6
f 11927/2/6 11925/2/6 11928/2/6
f 11929/6/6 11930/6/6 11932/6/6
f 11930/8/6 11931/8/6 11932/8/6
f 11932/8/6 11931/8/6 11933/8/6
f 11929/6/6 11932/6/6 11934/6/6
f 11932/6/6 11933/6/6 11934/6/6
f 11934/6/6 11933/6/6 11935/6/6
f 11936/8/6 11937/8/6 11940/8/6
f 11937/1/6 11938/1/6 11941/1/6
f 11940/8/6 11937/8/6 11941/8/6
f 11941/1/6 11938/1/6 11942/1/6
f 11942/1/6 11938/1/6 11943/1/6
f 11939/6/6 11940/6/6 11944/6/6
f 11940/6/6 11941/6/6 11944/6/6
f 11941/1/6 11942/1/6 11945/1/6
f 11944/6/6 11941/6/6 11945/6/6
f 11942/8/6 11943/8/6 11946/8/6
f 11945/1/6 11942/1/6 11946/1/6
f 11946/8/6 11943/8/6 11947/8/6
f 11935/6/6 11933/6/6 11948/6/6
f 11948/6/6 11933/6/6 11949/6/6
f 11939/6/6 11944/6/6 11950/6/6
f 11950/6/6 11944/6/6 11951/6/6
f 11952/6/6 11953/6/6 11954/6/6
f 11954/6/6 11953/6/6 11955/6/6
f 11956/8/6 11957/8/6 11960/8/6
f 11957/8/6 11958/8/6 11960/8/6
f 11960/8/6 11958/8/6 11961/8/6
f 11959/6/6 11960/6/6 11964/6/6
f 11960/6/6 11961/6/6 11964/6/6
f 11964/6/6 11961/6/6 11965/6/6
f 11962/5/6 11963/5/6 11966/5/6
f 11962/5/6 11966/5/6 11968/5/6
f 11966/5/6 11967/5/6 11968/5/6
f 11968/5/6 11967/5/6 11969/5/6
f 11969/5/6 11967/5/6 11975/5/6
f 11975/5/6 11967/5/6 11976/5/6
f 11970/6/6 11971/6/6 11977/6/6
f 11977/6/6 11971/6/6 11978/6/6
f 11973/1/6 11974/1/6 11980/1/6
f 11972/1/6 11973/1/6 11980/1/6
f 11980/1/6 11974/1/6 11981/1/6
f 11981/1/6 11974/1/6 11982/1/6
f 11978/6/6 11971/6/6 11983/6/6
f 11983/6/6 11971/6/6 11984/6/6
f 11980/1/6 11981/1/6 11985/1/6
f 11979/1/6 11980/1/6 11985/1/6
f 11985/1/6 11981/1/6 11986/1/6
f 11969/5/6 11975/5/6 11987/5/6
f 11987/5/6 11975/5/6 11988/5/6
f 11989/6/6 11990/6/6 11992/6/6
f 11991/6/6 11992/6/6 11993/6/6
f 11992/6/6 11990/6/6 11994/6/6
f 11993/6/6 11992/6/6 11994/6/6
f 11994/6/6 11990/6/6 11995/6/6
f 11995/6/6 11990/6/6 11996/6/6
f 11997/5/6 11998/5/6 12000/5/6
f 12000/5/6 11998/5/6 12001/5/6
f 11999/5/6 12000/5/6 12002/5/6
f 12002/5/6 12000/5/6 12003/5/6
f 12004/6/6 12005/6/6 12006/6/6
f 12006/6/6 12005/6/6 12007/6/6
f 12008/1/6 12009/1/6 12011/1/6
f 12009/1/6 12010/1/6 12011/1/6
f 12011/1/6 12010/1/6 12012/1/6
f 12013/5/6 12014/5/6 12017/5/6
f 12015/6/6 12016/6/6 12020/6/6
f 12020/6/6 12016/6/6 12021/6/6
f 12013/5/6 12017/5/6 12022/5/6
f 12018/5/6 12019/5/6 12023/5/6
f 12022/5/6 12023/5/6 12024/5/6
f 12023/5/6 12019/5/6 12024/5/6
f 12024/5/6 12019/5/6 12025/5/6
f 12022/5/6 12024/5/6 12026/5/6
f 12013/5/6 12022/5/6 12028/5/6
f 12026/5/6 12027/5/6 12028/5/6
f 12022/5/6 12026/5/6 12028/5/6
f 12028/5/6 12027/5/6 12029/5/6
f 12030/6/6 12031/6/6 12034/6/6
f 12034/6/6 12031/6/6 12035/6/6
f 12035/6/6 12031/6/6 12036/6/6
f 12036/6/6 12031/6/6 12037/6/6
f 12032/6/6 12033/6/6 12038/6/6
f 12038/6/6 12033/6/6 12039/6/6
f 12035/6/6 12036/6/6 12040/6/6
f 12040/6/6 12036/6/6 12041/6/6
f 12032/6/6 12038/6/6 12042/6/6
f 12042/6/6 12038/6/6 12043/6/6
f 12032/6/6 12042/6/6 12044/6/6
f 12044/6/6 12042/6/6 12045/6/6
f 12046/6/6 12047/6/6 12048/6/6
f 12046/6/6 12048/6/6 12050/6/6
f 12048/6/6 12049/6/6 12050/6/6
f 12050/6/6 12049/6/6 12051/6/6
f 12052/6/6 12053/6/6 12056/6/6
f 12056/6/6 12053/6/6 12057/6/6
f 12054/5/6 12055/5/6 12058/5/6
f 12058/5/6 12055/5/6 12059/5/6
f 12060/1/6 12061/1/6 12062/1/6
f 12062/1/6 12061/1/6 12063/1/6
f 12064/6/6 12065/6/6 12068/6/6
f 12068/6/6 12065/6/6 12069/6/6
f 12066/5/6 12067/5/6 12070/5/6
f 12070/5/6 12067/5/6 12071/5/6
f 12072/5/6 12073/5/6 12074/5/6
f 12074/5/6 12073/5/6 12075/5/6
f 12076/6/6 12077/6/6 12080/6/6
f 12080/6/6 12077/6/6 12081/6/6
f 12078/6/6 12079/6/6 12082/6/6
f 12082/6/6 12079/6/6 12083/6/6
f 12084/5/6 12085/5/6 12086/5/6
f 12086/5/6 12085/5/6 12087/5/6
f 12088/6/6 12089/6/6 12090/6/6
f 12088/6/6 12090/6/6 12092/6/6
f 12090/6/6 12091/6/6 12092/6/6
f 12092/6/6 12091/6/6 12093/6/6
f 12094/5/6 12095/5/6 12101/5/6
f 12101/5/6 12095/5/6 12102/5/6
f 12096/8/6 12097/8/6 12103/8/6
f 12097/8/6 12098/8/6 12103/8/6
f 12103/8/6 12098/8/6 12104/8/6
f 12099/5/6 12100/5/6 12105/5/6
f 12099/5/6 12105/5/6 12107/5/6
f 12105/5/6 12106/5/6 12107/5/6
f 12107/5/6 12106/5/6 12108/5/6
f 12099/5/6 12107/5/6 12111/5/6
f 12111/5/6 12107/5/6 12112/5/6
f 12109/5/6 12110/5/6 12113/5/6
f 12113/5/6 12110/5/6 12114/5/6
f 12115/6/6 12116/6/6 12117/6/6
f 12117/6/6 12116/6/6 12118/6/6
f 12118/6/6 12116/6/6 12119/6/6
f 12119/6/6 12116/6/6 12120/6/6
f 12121/6/6 12122/6/6 12125/6/6
f 12125/6/6 12122/6/6 12126/6/6
f 12123/6/6 12124/6/6 12128/6/6
f 12126/6/6 12122/6/6 12129/6/6
f 12129/6/6 12122/6/6 12130/6/6
f 12126/6/6 12129/6/6 12131/6/6
f 12131/6/6 12129/6/6 12132/6/6
f 12127/6/6 12128/6/6 12133/6/6
f 12128/6/6 12124/6/6 12134/6/6
f 12133/6/6 12128/6/6 12134/6/6
f 12134/6/6 12124/6/6 12135/6/6
f 12127/6/6 12133/6/6 12136/6/6
f 12136/6/6 12133/6/6 12137/6/6
f 12137/6/6 12133/6/6 12138/6/6
f 12137/6/6 12138/6/6 12139/6/6
f 12139/6/6 12138/6/6 12140/6/6
f 12141/5/6 12142/5/6 12145/5/6
f 12145/5/6 12142/5/6 12146/5/6
f 12143/5/6 12144/5/6 12147/5/6
f 12147/5/6 12144/5/6 12148/5/6
f 12141/5/6 12145/5/6 12149/5/6
f 12149/5/6 12145/5/6 12150/5/6
f 12150/5/6 12145/5/6 12153/5/6
f 12153/5/6 12145/5/6 12154/5/6
f 12148/5/6 12144/5/6 12155/5/6
f 12155/5/6 12144/5/6 12156/5/6
f 12151/1/6 12152/1/6 12159/1/6
f 12159/1/6 12152/1/6 12160/1/6
f 12154/5/6 12145/5/6 12161/5/6
f 12161/5/6 12145/5/6 12162/5/6
f 12157/6/6 12158/6/6 12163/6/6
f 12163/6/6 12158/6/6 12164/6/6
f 12165/5/6 12166/5/6 12167/5/6
f 12167/5/6 12166/5/6 12168/5/6
f 12169/5/6 12170/5/6 12171/5/6
f 12171/5/6 12170/5/6 12172/5/6
f 12175/1/6 12176/1/6 12178/1/6
f 12177/1/6 12178/1/6 12179/1/6
f 12178/1/6 12176/1/6 12180/1/6
f 12179/1/6 12178/1/6 12180/1/6
f 12173/1/6 12174/1/6 12183/1/6
f 12183/1/6 12174/1/6 12184/1/6
f 12180/1/6 12176/1/6 12185/1/6
f 12185/1/6 12176/1/6 12186/1/6
f 12181/1/6 12182/1/6 12187/1/6
f 12187/1/6 12182/1/6 12188/1/6
f 12187/6/6 12188/6/6 12189/6/6
f 12189/6/6 12188/6/6 12190/6/6
f 12191/5/6 12192/5/6 12195/5/6
f 12195/5/6 12192/5/6 12196/5/6
f 12193/5/6 12194/5/6 12200/5/6
f 12200/5/6 12194/5/6 12201/5/6
f 12199/5/6 12200/5/6 12205/5/6
f 12205/5/6 12200/5/6 12206/5/6
f 12201/5/6 12202/5/6 12207/5/6
f 12207/5/6 12202/5/6 12208/5/6
f 12209/6/6 12210/6/6 12212/6/6
f 12212/6/6 12210/6/6 12213/6/6
f 12213/6/6 12210/6/6 12214/6/6
f 12203/5/6 12204/5/6 12215/5/6
f 12215/5/6 12204/5/6 12216/5/6
f 12211/6/6 12212/6/6 12217/6/6
f 12212/6/6 12213/6/6 12217/6/6
f 12217/6/6 12213/6/6 12218/6/6
f 12217/8/6 12218/8/6 12219/8/6
f 12219/8/6 12218/8/6 12220/8/6
f 12197/5/6 12198/5/6 12221/5/6
f 12221/5/6 12198/5/6 12222/5/6
f 12223/5/6 12224/5/6 12226/5/6
f 12224/5/6 12225/5/6 12226/5/6
f 12226/5/6 12225/5/6 12227/5/6
f 12227/5/6 12225/5/6 12228/5/6
f 12227/5/6 12228/5/6 12230/5/6
f 12228/5/6 12229/5/6 12230/5/6
f 12230/5/6 12229/5/6 12231/5/6
f 12232/6/6 12233/6/6 12234/6/6
f 12234/6/6 12233/6/6 12235/6/6
f 12236/1/6 12237/1/6 12238/1/6
f 12236/1/6 12238/1/6 12239/1/6
f 12236/1/6 12239/1/6 12243/1/6
f 12239/1/6 12240/1/6 12243/1/6
f 12243/1/6 12240/1/6 12244/1/6
f 12241/1/6 12242/1/6 12245/1/6
f 12245/1/6 12242/1/6 12246/1/6
f 12248/6/6 12249/6/6 12252/6/6
f 12252/6/6 12249/6/6 12253/6/6
f 12250/6/6 12251/6/6 12254/6/6
f 12254/6/6 12251/6/6 12255/6/6
f 12246/6/6 12247/6/6 12256/6/6
f 12256/6/6 12247/6/6 12257/6/6
f 12253/6/6 12249/6/6 12258/6/6
f 12258/6/6 12249/6/6 12259/6/6
f 12260/5/6 12261/5/6 12262/5/6
f 12262/5/6 12261/5/6 12263/5/6
f 12263/5/6 12261/5/6 12266/5/6
f 12266/5/6 12261/5/6 12267/5/6
f 12264/5/6 12265/5/6 12268/5/6
f 12268/5/6 12265/5/6 12269/5/6
f 12270/5/6 12271/5/6 12273/5/6
f 12273/5/6 12271/5/6 12274/5/6
f 12272/5/6 12273/5/6 12274/5/6
f 12274/5/6 12271/5/6 12275/5/6
f 12276/5/6 12277/5/6 12278/5/6
f 12279/5/6 12280/5/6 12283/5/6
f 12283/5/6 12280/5/6 12284/5/6
f 12272/5/6 12274/5/6 12285/5/6
f 12285/5/6 12274/5/6 12286/5/6
f 12276/5/6 12278/5/6 12287/5/6
f 12281/5/6 12282/5/6 12288/5/6
f 12288/5/6 12282/5/6 12289/5/6
f 12276/5/6 12287/5/6 12290/5/6
f 12290/5/6 12287/5/6 12291/5/6
f 12272/5/6 12285/5/6 12292/5/6
f 12292/5/6 12285/5/6 12293/5/6
f 12293/5/6 12285/5/6 12294/5/6
f 12294/5/6 12295/5/6 12300/5/6
f 12293/5/6 12294/5/6 12300/5/6
f 12300/5/6 12295/5/6 12301/5/6
f 12301/5/6 12295/5/6 12302/5/6
f 12296/5/6 12297/5/6 12303/5/6
f 12301/5/6 12302/5/6 12304/5/6
f 12302/5/6 12303/5/6 12304/5/6
f 12303/5/6 12297/5/6 12305/5/6
f 12304/5/6 12303/5/6 12305/5/6
f 12298/5/6 12299/5/6 12306/5/6
f 12306/5/6 12299/5/6 12307/5/6
f 12307/5/6 12299/5/6 12308/5/6
f 12305/5/6 12306/5/6 12309/5/6
f 12306/5/6 12307/5/6 12309/5/6
f 12309/5/6 12307/5/6 12310/5/6
f 12311/1/6 12312/1/6 12315/1/6
f 12315/1/6 12312/1/6 12316/1/6
f 12313/1/6 12314/1/6 12318/1/6
f 12316/1/6 12312/1/6 12319/1/6
f 12319/1/6 12312/1/6 12320/1/6
f 12317/6/6 12318/6/6 12321/6/6
f 12318/1/6 12314/1/6 12322/1/6
f 12321/6/6 12318/6/6 12322/6/6
f 12322/1/6 12314/1/6 12323/1/6
f 12323/6/6 12324/6/6 12326/6/6
f 12326/6/6 12324/6/6 12327/6/6
f 12325/6/6 12326/6/6 12330/6/6
f 12330/6/6 12326/6/6 12331/6/6
f 12331/6/6 12326/6/6 12332/6/6
f 12327/6/6 12324/6/6 12333/6/6
f 12333/6/6 12324/6/6 12334/6/6
f 12328/6/6 12329/6/6 12335/6/6
f 12335/6/6 12336/6/6 12337/6/6
f 12328/6/6 12335/6/6 12337/6/6
f 12337/6/6 12336/6/6 12338/6/6
f 12338/6/6 12336/6/6 12339/6/6
f 12340/5/6 12341/5/6 12342/5/6
f 12342/5/6 12341/5/6 12343/5/6
f 12344/5/6 12345/5/6 12346/5/6
f 12346/5/6 12345/5/6 12347/5/6
f 12350/5/6 12351/5/6 12354/5/6
f 12354/5/6 12351/5/6 12355/5/6
f 12348/5/6 12349/5/6 12356/5/6
f 12356/5/6 12349/5/6 12357/5/6
f 12352/5/6 12353/5/6 12358/5/6
f 12358/5/6 12353/5/6 12359/5/6
f 12352/5/6 12358/5/6 12364/5/6
f 12364/5/6 12358/5/6 12365/5/6
f 12360/2/6 12361/2/6 12366/2/6
f 12366/2/6 12361/2/6 12367/2/6
f 12362/2/6 12363/2/6 12368/2/6
f 12368/2/6 12363/2/6 12369/2/6
f 12366/5/6 12367/5/6 12373/5/6
f 12371/5/6 12372/5/6 12374/5/6
f 12372/5/6 12373/5/6 12374/5/6
f 12373/5/6 12367/5/6 12375/5/6
f 12374/5/6 12373/5/6 12375/5/6
f 12375/5/6 12367/5/6 12376/5/6
f 12369/5/6 12370/5/6 12377/5/6
f 12368/5/6 12369/5/6 12377/5/6
f 12377/5/6 12370/5/6 12378/5/6
f 12371/5/6 12374/5/6 12379/5/6
f 12379/5/6 12374/5/6 12380/5/6
f 12375/5/6 12376/5/6 12381/5/6
f 12381/5/6 12376/5/6 12382/5/6
f 12383/1/6 12384/1/6 12387/1/6
f 12387/1/6 12384/1/6 12388/1/6
f 12385/1/6 12386/1/6 12389/1/6
f 12389/1/6 12390/1/6 12391/1/6
f 12385/1/6 12389/1/6 12391/1/6
f 12391/1/6 12390/1/6 12392/1/6
f 12393/6/6 12394/6/6 12395/6/6
f 12395/6/6 12394/6/6 12396/6/6
f 12393/6/6 12395/6/6 12397/6/6
f 12397/6/6 12395/6/6 12398/6/6
f 12399/6/6 12400/6/6 12401/6/6
f 12401/6/6 12400/6/6 12402/6/6
f 12403/6/6 12404/6/6 12405/6/6
f 12405/6/6 12404/6/6 12406/6/6
f 12407/4/6 12408/4/6 12413/4/6
f 12413/4/6 12408/4/6 12414/4/6
f 12411/5/6 12412/5/6 12416/5/6
f 12416/5/6 12412/5/6 12417/5/6
f 12415/5/6 12416/5/6 12418/5/6
f 12418/5/6 12416/5/6 12419/5/6
f 12409/5/6 12410/5/6 12420/5/6
f 12420/5/6 12410/5/6 12421/5/6
f 12422/5/6 12423/5/6 12424/5/6
f 12424/5/6 12423/5/6 12425/5/6
f 12426/5/6 12427/5/6 12430/5/6
f 12430/5/6 12427/5/6 12431/5/6
f 12428/5/6 12429/5/6 12432/5/6
f 12432/5/6 12429/5/6 12433/5/6
f 12434/6/6 12435/6/6 12436/6/6
f 12436/6/6 12435/6/6 12437/6/6
f 12437/6/6 12435/6/6 12438/6/6
f 12438/6/6 12435/6/6 12439/6/6
f 12440/1/6 12441/1/6 12444/1/6
f 12444/1/6 12441/1/6 12445/1/6
f 12442/1/6 12443/1/6 12446/1/6
f 12446/1/6 12443/1/6 12447/1/6
f 12448/6/6 12449/6/6 12450/6/6
f 12450/6/6 12449/6/6 12451/6/6
f 12451/6/6 12449/6/6 12453/6/6
f 12453/6/6 12449/6/6 12454/6/6
f 12452/6/6 12453/6/6 12455/6/6
f 12455/6/6 12453/6/6 12456/6/6
f 12457/6/6 12458/6/6 12459/6/6
f 12459/6/6 12458/6/6 12460/6/6
f 12460/6/6 12458/6/6 12461/6/6
f 12462/5/6 12463/5/6 12465/5/6
f 12465/5/6 12463/5/6 12466/5/6
f 12464/5/6 12465/5/6 12466/5/6
f 12466/5/6 12463/5/6 12467/5/6
f 12464/5/6 12466/5/6 12468/5/6
f 12468/5/6 12466/5/6 12469/5/6
f 12470/5/6 12471/5/6 12472/5/6
f 12472/5/6 12471/5/6 12473/5/6
f 12472/2/6 12473/2/6 12474/2/6
f 12474/2/6 12473/2/6 12475/2/6
f 12476/5/6 12477/5/6 12478/5/6
f 12478/5/6 12477/5/6 12479/5/6
f 12480/1/6 12481/1/6 12482/1/6
f 12482/1/6 12481/1/6 12483/1/6
f 12484/1/6 12485/1/6 12486/1/6
f 12486/1/6 12485/1/6 12487/1/6
f 12488/6/6 12489/6/6 12490/6/6
f 12490/6/6 12489/6/6 12491/6/6
f 12492/6/6 12493/6/6 12494/6/6
f 12494/6/6 12493/6/6 12495/6/6
f 12492/6/6 12494/6/6 12496/6/6
f 12496/6/6 12494/6/6 12497/6/6
f 12498/5/6 12499/5/6 12500/5/6
f 12500/5/6 12499/5/6 12501/5/6
f 12502/6/6 12503/6/6 12504/6/6
f 12504/6/6 12503/6/6 12505/6/6
f 12506/6/6 12507/6/6 12510/6/6
f 12510/6/6 12507/6/6 12511/6/6
f 12508/5/6 12509/5/6 12514/5/6
f 12514/5/6 12509/5/6 12515/5/6
f 12512/6/6 12513/6/6 12516/6/6
f 12516/6/6 12513/6/6 12517/6/6
f 12518/6/6 12519/6/6 12520/6/6
f 12520/6/6 12519/6/6 12521/6/6
f 12522/2/6 12523/2/6 12526/2/6
f 12526/2/6 12523/2/6 12527/2/6
f 12524/5/6 12525/5/6 12529/5/6
f 12528/5/6 12529/5/6 12530/5/6
f 12529/5/6 12525/5/6 12531/5/6
f 12530/5/6 12529/5/6 12531/5/6
f 12531/5/6 12525/5/6 12533/5/6
f 12533/5/6 12525/5/6 12534/5/6
f 12532/5/6 12533/5/6 12534/5/6
f 12534/5/6 12525/5/6 12535/5/6
f 12532/5/6 12534/5/6 12536/5/6
f 12536/5/6 12534/5/6 12537/5/6
f 12538/6/6 12539/6/6 12540/6/6
f 12540/6/6 12539/6/6 12541/6/6
f 12541/6/6 12539/6/6 12542/6/6
f 12542/6/6 12539/6/6 12543/6/6
f 12543/6/6 12544/6/6 12547/6/6
f 12547/6/6 12544/6/6 12548/6/6
f 12545/5/6 12546/5/6 12549/5/6
f 12549/5/6 12546/5/6 12550/5/6
f 12551/5/6 12552/5/6 12553/5/6
f 12553/5/6 12552/5/6 12554/5/6
f 12557/6/6 12558/6/6 12559/6/6
f 12559/6/6 12558/6/6 12560/6/6
f 12555/5/6 12556/5/6 12561/5/6
f 12561/5/6 12556/5/6 12562/5/6
f 12557/6/6 12559/6/6 12563/6/6
f 12563/6/6 12559/6/6 12564/6/6
f 12565/6/6 12566/6/6 12567/6/6
f 12567/6/6 12566/6/6 12568/6/6
f 12568/6/6 12566/6/6 12569/6/6
f 12570/5/6 12571/5/6 12573/5/6
f 12571/2/6 12572/2/6 12574/2/6
f 12573/5/6 12571/5/6 12574/5/6
f 12574/2/6 12572/2/6 12575/2/6
f 12576/5/6 12577/5/6 12578/5/6
f 12578/5/6 12577/5/6 12579/5/6
f 12579/5/6 12577/5/6 12580/5/6
f 12580/5/6 12577/5/6 12581/5/6
f 12582/3/6 12583/3/6 12584/3/6
f 12584/3/6 12583/3/6 12585/3/6
f 12584/5/6 12585/5/6 12586/5/6
f 12586/5/6 12585/5/6 12587/5/6
f 12588/5/6 12589/5/6 12591/5/6
f 12590/5/6 12591/5/6 12592/5/6
f 12591/5/6 12589/5/6 12593/5/6
f 12592/5/6 12591/5/6 12593/5/6
f 12594/6/6 12595/6/6 12596/6/6
f 12596/6/6 12595/6/6 12597/6/6
f 12598/5/6 12599/5/6 12600/5/6
f 12600/5/6 12599/5/6 12601/5/6
f 12601/5/6 12602/5/6 12603/5/6
f 12603/5/6 12602/5/6 12604/5/6
f 12604/5/6 12602/5/6 12605/5/6
f 12605/5/6 12602/5/6 12606/5/6
f 12607/5/6 12608/5/6 12609/5/6
f 12609/5/6 12608/5/6 12610/5/6
f 12611/5/6 12612/5/6 12613/5/6
f 12613/5/6 12612/5/6 12614/5/6
f 12615/5/6 12616/5/6 12617/5/6
f 12617/5/6 12616/5/6 12618/5/6
f 12619/5/6 12620/5/6 12621/5/6
f 12621/5/6 12620/5/6 12622/5/6
f 12622/5/6 12620/5/6 12623/5/6
f 12623/5/6 12620/5/6 12624/5/6
f 12622/5/6 12623/5/6 12625/5/6
f 12625/5/6 12623/5/6 12626/5/6
f 12627/6/6 12628/6/6 12629/6/6
f 12629/6/6 12628/6/6 12630/6/6
f 12630/6/6 12628/6/6 12631/6/6
f 12632/2/6 12633/2/6 12634/2/6
f 12634/2/6 12633/2/6 12635/2/6
f 12636/5/6 12637/5/6 12641/5/6
f 12639/5/6 12640/5/6 12641/5/6
f 12638/5/6 12639/5/6 12641/5/6
f 12637/5/6 12638/5/6 12641/5/6
f 12641/5/6 12640/5/6 12642/5/6
f 12643/5/6 12644/5/6 12645/5/6
f 12645/5/6 12644/5/6 12646/5/6
f 12643/5/6 12645/5/6 12647/5/6
f 12647/5/6 12645/5/6 12648/5/6
f 12649/2/6 12650/2/6 12652/2/6
f 12650/5/6 12651/5/6 12653/5/6
f 12652/2/6 12650/2/6 12653/2/6
f 12653/5/6 12651/5/6 12654/5/6
f 12652/5/6 12653/5/6 12655/5/6
f 12653/5/6 12654/5/6 12655/5/6
f 12652/5/6 12655/5/6 12658/5/6
f 12658/5/6 12655/5/6 12659/5/6
f 12656/5/6 12657/5/6 12660/5/6
f 12656/5/6 12660/5/6 12662/5/6
f 12660/5/6 12661/5/6 12662/5/6
f 12662/5/6 12661/5/6 12663/5/6
f 12656/5/6 12662/5/6 12665/5/6
f 12664/5/6 12665/5/6 12668/5/6
f 12665/5/6 12662/5/6 12669/5/6
f 12668/5/6 12665/5/6 12669/5/6
f 12666/5/6 12667/5/6 12670/5/6
f 12670/5/6 12667/5/6 12671/5/6
f 12672/5/6 12673/5/6 12674/5/6
f 12674/5/6 12673/5/6 12675/5/6
f 12676/5/6 12677/5/6 12678/5/6
f 12678/5/6 12677/5/6 12679/5/6
f 12680/5/6 12681/5/6 12684/5/6
f 12682/5/6 12683/5/6 12685/5/6
f 12685/5/6 12683/5/6 12686/5/6
f 12680/5/6 12684/5/6 12687/5/6
f 12687/5/6 12684/5/6 12688/5/6
f 12686/5/6 12683/5/6 12689/5/6
f 12689/5/6 12690/5/6 12691/5/6
f 12691/5/6 12690/5/6 12692/5/6
f 12689/5/6 12691/5/6 12693/5/6
f 12691/3/6 12692/3/6 12693/3/6
f 12693/3/6 12692/3/6 12694/3/6
f 12686/5/6 12689/5/6 12695/5/6
f 12689/5/6 12693/5/6 12695/5/6
f 12693/5/6 12694/5/6 12695/5/6
f 12695/5/6 12694/5/6 12696/5/6
f 12697/5/6 12698/5/6 12699/5/6
f 12699/5/6 12698/5/6 12700/5/6
f 12700/5/6 12701/5/6 12702/5/6
f 12702/5/6 12701/5/6 12703/5/6
f 12704/5/6 12705/5/6 12707/5/6
f 12705/5/6 12706/5/6 12707/5/6
f 12707/5/6 12706/5/6 12708/5/6
f 12709/2/6 12710/2/6 12712/2/6
f 12710/5/6 12711/5/6 12713/5/6
f 12712/2/6 12710/2/6 12713/2/6
f 12713/5/6 12711/5/6 12714/5/6
f 12715/5/6 12716/5/6 12717/5/6
f 12717/5/6 12716/5/6 12718/5/6
f 12719/5/6 12720/5/6 12722/5/6
f 12722/5/6 12720/5/6 12723/5/6
f 12721/5/6 12722/5/6 12725/5/6
f 12723/5/6 12724/5/6 12725/5/6
f 12722/5/6 12723/5/6 12725/5/6
f 12725/5/6 12724/5/6 12726/5/6
f 12726/5/6 12724/5/6 12727/5/6
f 12727/5/6 12724/5/6 12728/5/6
f 12728/5/6 12724/5/6 12729/5/6
f 12730/5/6 12731/5/6 12732/5/6
f 12732/5/6 12731/5/6 12733/5/6
f 12734/5/6 12735/5/6 12736/5/6
f 12734/5/6 12736/5/6 12739/5/6
f 12739/5/6 12736/5/6 12740/5/6
f 12737/2/6 12738/2/6 12741/2/6
f 12741/2/6 12742/2/6 12743/2/6
f 12743/2/6 12742/2/6 12744/2/6
f 12737/2/6 12741/2/6 12748/2/6
f 12741/2/6 12743/2/6 12748/2/6
f 12748/2/6 12743/2/6 12749/2/6
f 12749/2/6 12743/2/6 12750/2/6
f 12747/2/6 12748/2/6 12751/2/6
f 12748/2/6 12749/2/6 12751/2/6
f 12751/2/6 12749/2/6 12752/2/6
f 12745/5/6 12746/5/6 12753/5/6
f 12753/5/6 12746/5/6 12754/5/6
f 12753/2/6 12754/2/6 12755/2/6
f 12755/2/6 12754/2/6 12756/2/6
f 12747/2/6 12751/2/6 12765/2/6
f 12755/5/6 12756/5/6 12766/5/6
f 12756/5/6 12757/5/6 12766/5/6
f 12757/5/6 12758/5/6 12766/5/6
f 12759/5/6 12760/5/6 12767/5/6
f 12761/4/6 12762/4/6 12771/4/6
f 12762/4/6 12763/4/6 12771/4/6
f 12755/5/6 12766/5/6 12772/5/6
f 12766/5/6 12767/5/6 12772/5/6
f 12767/5/6 12760/5/6 12773/5/6
f 12772/5/6 12767/5/6 12773/5/6
f 12768/4/6 12769/4/6 12774/4/6
f 12774/4/6 12769/4/6 12775/4/6
f 12770/4/6 12771/4/6 12776/4/6
f 12763/5/6 12764/5/6 12777/5/6
f 12776/4/6 12771/4/6 12777/4/6
f 12764/5/6 12765/5/6 12777/5/6
f 12771/4/6 12763/4/6 12777/4/6
f 12765/2/6 12751/2/6 12778/2/6
f 12777/5/6 12765/5/6 12778/5/6
f 12778/2/6 12751/2/6 12779/2/6
f 12780/5/6 12781/5/6 12782/5/6
f 12782/5/6 12781/5/6 12783/5/6
f 12783/5/6 12781/5/6 12784/5/6
f 12784/5/6 12781/5/6 12785/5/6
f 12782/4/6 12783/4/6 12788/4/6
f 12788/4/6 12783/4/6 12789/4/6
f 12785/4/6 12786/4/6 12790/4/6
f 12784/4/6 12785/4/6 12790/4/6
f 12790/4/6 12786/4/6 12791/4/6
f 12792/4/6 12793/4/6 12794/4/6
f 12794/4/6 12793/4/6 12795/4/6
f 12791/4/6 12786/4/6 12797/4/6
f 12796/4/6 12797/4/6 12798/4/6
f 12786/5/6 12787/5/6 12799/5/6
f 12798/4/6 12797/4/6 12799/4/6
f 12797/4/6 12786/4/6 12799/4/6
f 12799/5/6 12787/5/6 12800/5/6
f 12800/5/6 12787/5/6 12801/5/6
f 12801/5/6 12787/5/6 12802/5/6
f 12802/5/6 12787/5/6 12803/5/6
f 12804/5/6 12805/5/6 12806/5/6
f 12806/5/6 12805/5/6 12807/5/6
f 12804/5/6 12806/5/6 12808/5/6
f 12808/5/6 12806/5/6 12809/5/6
f 12807/5/6 12805/5/6 12812/5/6
f 12810/2/6 12811/2/6 12813/2/6
f 12811/5/6 12812/5/6 12814/5/6
f 12813/2/6 12811/2/6 12814/2/6
f 12812/5/6 12805/5/6 12815/5/6
f 12814/5/6 12812/5/6 12815/5/6
f 12813/5/6 12814/5/6 12815/5/6
f 12813/5/6 12815/5/6 12817/5/6
f 12815/5/6 12816/5/6 12817/5/6
f 12817/5/6 12816/5/6 12818/5/6
f 12819/5/6 12820/5/6 12821/5/6
f 12821/5/6 12820/5/6 12822/5/6
f 12823/2/6 12824/2/6 12826/2/6
f 12824/5/6 12825/5/6 12827/5/6
f 12826/2/6 12824/2/6 12827/2/6
f 12827/5/6 12825/5/6 12828/5/6
f 12829/4/6 12830/4/6 12831/4/6
f 12829/4/6 12831/4/6 12834/4/6
f 12831/4/6 12832/4/6 12834/4/6
f 12833/4/6 12834/4/6 12836/4/6
f 12834/4/6 12832/4/6 12837/4/6
f 12836/4/6 12834/4/6 12837/4/6
f 12837/4/6 12832/4/6 12838/4/6
f 12838/4/6 12832/4/6 12839/4/6
f 12835/4/6 12836/4/6 12840/4/6
f 12840/4/6 12836/4/6 12841/4/6
f 12842/4/6 12843/4/6 12845/4/6
f 12845/4/6 12843/4/6 12846/4/6
f 12846/4/6 12843/4/6 12847/4/6
f 12843/5/6 12844/5/6 12848/5/6
f 12847/4/6 12843/4/6 12848/4/6
f 12847/5/6 12848/5/6 12849/5/6
f 12848/5/6 12844/5/6 12850/5/6
f 12849/5/6 12848/5/6 12850/5/6
f 12849/4/6 12850/4/6 12852/4/6
f 12851/4/6 12852/4/6 12853/4/6
f 12852/4/6 12850/4/6 12854/4/6
f 12853/4/6 12852/4/6 12854/4/6
f 12853/5/6 12854/5/6 12855/5/6
f 12855/5/6 12854/5/6 12856/5/6
f 12857/5/6 12858/5/6 12861/5/6
f 12861/5/6 12858/5/6 12862/5/6
f 12859/5/6 12860/5/6 12863/5/6
f 12863/5/6 12860/5/6 12864/5/6
f 12857/5/6 12861/5/6 12865/5/6
f 12861/2/6 12862/2/6 12865/2/6
f 12865/2/6 12862/2/6 12866/2/6
f 12857/5/6 12865/5/6 12867/5/6
f 12865/5/6 12866/5/6 12867/5/6
f 12867/5/6 12866/5/6 12868/5/6
f 12868/5/6 12866/5/6 12869/5/6
f 12868/2/6 12869/2/6 12872/2/6
f 12869/2/6 12870/2/6 12872/2/6
f 12872/2/6 12870/2/6 12873/2/6
f 12871/5/6 12872/5/6 12877/5/6
f 12872/2/6 12873/2/6 12877/2/6
f 12873/2/6 12874/2/6 12877/2/6
f 12877/2/6 12874/2/6 12878/2/6
f 12875/2/6 12876/2/6 12879/2/6
f 12879/2/6 12876/2/6 12880/2/6
f 12877/5/6 12878/5/6 12881/5/6
f 12881/5/6 12878/5/6 12882/5/6
f 12882/5/6 12878/5/6 12883/5/6
f 12871/5/6 12877/5/6 12884/5/6
f 12877/5/6 12881/5/6 12884/5/6
f 12881/4/6 12882/4/6 12885/4/6
f 12884/5/6 12881/5/6 12885/5/6
f 12885/4/6 12882/4/6 12886/4/6
f 12887/5/6 12888/5/6 12890/5/6
f 12888/5/6 12889/5/6 12890/5/6
f 12890/5/6 12889/5/6 12891/5/6
f 12892/4/6 12893/4/6 12894/4/6
f 12894/4/6 12893/4/6 12895/4/6
f 12896/4/6 12897/4/6 12898/4/6
f 12898/4/6 12897/4/6 12899/4/6
f 12900/5/6 12901/5/6 12903/5/6
f 12901/4/6 12902/4/6 12904/4/6
f 12903/5/6 12901/5/6 12904/5/6
f 12904/4/6 12902/4/6 12905/4/6
f 12906/5/6 12907/5/6 12911/5/6
f 12911/5/6 12907/5/6 12912/5/6
f 12908/2/6 12909/2/6 12913/2/6
f 12909/5/6 12910/5/6 12914/5/6
f 12913/2/6 12909/2/6 12914/2/6
f 12914/5/6 12910/5/6 12915/5/6
f 12915/5/6 12910/5/6 12916/5/6
f 12917/2/6 12918/2/6 12919/2/6
f 12919/2/6 12918/2/6 12920/2/6
f 12920/2/6 12918/2/6 12921/2/6
f 12920/2/6 12921/2/6 12925/2/6
f 12923/5/6 12924/5/6 12926/5/6
f 12925/2/6 12921/2/6 12926/2/6
f 12922/5/6 12923/5/6 12926/5/6
f 12921/5/6 12922/5/6 12926/5/6
f 12925/5/6 12926/5/6 12927/5/6
f 12926/5/6 12924/5/6 12928/5/6
f 12927/5/6 12926/5/6 12928/5/6
f 12928/5/6 12924/5/6 12929/5/6
f 12928/5/6 12929/5/6 12932/5/6
f 12929/5/6 12930/5/6 12932/5/6
f 12932/5/6 12930/5/6 12933/5/6
f 12934/5/6 12935/5/6 12938/5/6
f 12931/5/6 12932/5/6 12938/5/6
f 12935/5/6 12936/5/6 12938/5/6
f 12933/5/6 12934/5/6 12938/5/6
f 12932/5/6 12933/5/6 12938/5/6
f 12938/5/6 12936/5/6 12939/5/6
f 12939/5/6 12936/5/6 12940/5/6
f 12940/5/6 12936/5/6 12941/5/6
f 12941/5/6 12936/5/6 12942/5/6
f 12942/5/6 12936/5/6 12943/5/6
f 12936/4/6 12937/4/6 12944/4/6
f 12943/5/6 12936/5/6 12944/5/6
f 12944/4/6 12937/4/6 12945/4/6
f 12931/5/6 12938/5/6 12946/5/6
f 12938/4/6 12939/4/6 12947/4/6
f 12946/5/6 12938/5/6 12947/5/6
f 12939/5/6 12940/5/6 12948/5/6
f 12947/4/6 12939/4/6 12948/4/6
f 12948/5/6 12940/5/6 12949/5/6
f 12944/5/6 12945/5/6 12950/5/6
f 12943/5/6 12944/5/6 12950/5/6
f 12950/5/6 12945/5/6 12951/5/6
f 12952/4/6 12953/4/6 12954/4/6
f 12954/4/6 12953/4/6 12955/4/6
f 12955/4/6 12953/4/6 12956/4/6
f 12957/4/6 12958/4/6 12961/4/6
f 12961/4/6 12958/4/6 12962/4/6
f 12959/4/6 12960/4/6 12963/4/6
f 12960/4/6 12961/4/6 12963/4/6
f 12961/5/6 12962/5/6 12964/5/6
f 12963/4/6 12961/4/6 12964/4/6
f 12963/5/6 12964/5/6 12965/5/6
f 12964/5/6 12962/5/6 12966/5/6
f 12965/5/6 12964/5/6 12966/5/6
f 12967/5/6 12968/5/6 12969/5/6
f 12969/5/6 12968/5/6 12970/5/6
f 12971/5/6 12972/5/6 12973/5/6
f 12973/5/6 12972/5/6 12974/5/6
f 12975/5/6 12976/5/6 12977/5/6
f 12975/5/6 12977/5/6 12979/5/6
f 12977/5/6 12978/5/6 12979/5/6
f 12979/5/6 12978/5/6 12980/5/6
f 12980/5/6 12978/5/6 12981/5/6
f 12984/5/6 12985/5/6 12986/5/6
f 12986/5/6 12985/5/6 12987/5/6
f 12982/5/6 12983/5/6 12988/5/6
f 12988/5/6 12989/5/6 12990/5/6
f 12982/5/6 12988/5/6 12993/5/6
f 12988/5/6 12990/5/6 12993/5/6
f 12993/5/6 12990/5/6 12994/5/6
f 12990/2/6 12991/2/6 12995/2/6
f 12994/5/6 12990/5/6 12995/5/6
f 12991/5/6 12992/5/6 12996/5/6
f 12995/2/6 12991/2/6 12996/2/6
f 12993/2/6 12994/2/6 12997/2/6
f 12994/5/6 12995/5/6 12998/5/6
f 12997/2/6 12994/2/6 12998/2/6
f 12995/5/6 12996/5/6 12998/5/6
f 12997/5/6 12998/5/6 12999/5/6
f 12998/5/6 12996/5/6 13000/5/6
f 12999/5/6 12998/5/6 13000/5/6
f 13000/5/6 12996/5/6 13001/5/6
f 12996/5/6 12992/5/6 13002/5/6
f 13001/5/6 12996/5/6 13002/5/6
f 13000/5/6 13001/5/6 13003/5/6
f 13001/2/6 13002/2/6 13004/2/6
f 13003/5/6 13001/5/6 13004/5/6
f 13002/5/6 12992/5/6 13005/5/6
f 13004/2/6 13002/2/6 13005/2/6
f 13005/5/6 12992/5/6 13006/5/6
f 13009/5/6 13010/5/6 13011/5/6
f 13011/5/6 13010/5/6 13012/5/6
f 13007/5/6 13008/5/6 13013/5/6
f 13013/5/6 13008/5/6 13014/5/6
f 13015/5/6 13016/5/6 13019/5/6
f 13016/4/6 13017/4/6 13020/4/6
f 13019/5/6 13016/5/6 13020/5/6
f 13017/2/6 13018/2/6 13021/2/6
f 13020/4/6 13017/4/6 13021/4/6
f 13021/2/6 13018/2/6 13022/2/6
f 13023/5/6 13024/5/6 13027/5/6
f 13026/5/6 13027/5/6 13028/5/6
f 13027/5/6 13024/5/6 13029/5/6
f 13028/5/6 13027/5/6 13029/5/6
f 13029/5/6 13024/5/6 13030/5/6
f 13024/4/6 13025/4/6 13031/4/6
f 13030/5/6 13024/5/6 13031/5/6
f 13031/4/6 13025/4/6 13032/4/6
f 13033/5/6 13034/5/6 13035/5/6
f 13035/5/6 13034/5/6 13036/5/6
f 13037/4/6 13038/4/6 13040/4/6
f 13038/5/6 13039/5/6 13041/5/6
f 13040/4/6 13038/4/6 13041/4/6
f 13040/5/6 13041/5/6 13042/5/6
f 13041/5/6 13039/5/6 13043/5/6
f 13042/5/6 13041/5/6 13043/5/6
f 13044/5/6 13045/5/6 13049/5/6
f 13045/5/6 13046/5/6 13049/5/6
f 13047/5/6 13048/5/6 13052/5/6
f 13052/5/6 13048/5/6 13053/5/6
f 13049/5/6 13050/5/6 13054/5/6
f 13044/5/6 13049/5/6 13054/5/6
f 13054/5/6 13050/5/6 13055/5/6
f 13052/5/6 13053/5/6 13056/5/6
f 13051/5/6 13052/5/6 13056/5/6
f 13056/5/6 13053/5/6 13057/5/6
f 13054/2/6 13055/2/6 13058/2/6
f 13044/5/6 13054/5/6 13058/5/6
f 13058/2/6 13055/2/6 13059/2/6
f 13044/5/6 13058/5/6 13060/5/6
f 13058/5/6 13059/5/6 13060/5/6
f 13060/5/6 13059/5/6 13061/5/6
f 13062/5/6 13063/5/6 13064/5/6
f 13064/5/6 13063/5/6 13065/5/6
f 13062/5/6 13064/5/6 13066/5/6
f 13066/5/6 13064/5/6 13067/5/6
f 13068/5/6 13069/5/6 13071/5/6
f 13069/4/6 13070/4/6 13071/4/6
f 13071/4/6 13070/4/6 13072/4/6
f 13072/4/6 13070/4/6 13073/4/6
f 13068/5/6 13071/5/6 13074/5/6
f 13071/5/6 13072/5/6 13074/5/6
f 13074/5/6 13072/5/6 13075/5/6
f 13075/5/6 13072/5/6 13076/5/6
f 13076/5/6 13072/5/6 13077/5/6
f 13078/5/6 13079/5/6 13080/5/6
f 13080/5/6 13081/5/6 13084/5/6
f 13078/5/6 13080/5/6 13084/5/6
f 13084/5/6 13081/5/6 13085/5/6
f 13082/4/6 13083/4/6 13086/4/6
f 13086/4/6 13083/4/6 13087/4/6
f 13088/5/6 13089/5/6 13090/5/6
f 13088/5/6 13090/5/6 13094/5/6
f 13090/5/6 13091/5/6 13094/5/6
f 13094/5/6 13091/5/6 13095/5/6
f 13092/5/6 13093/5/6 13096/5/6
f 13092/5/6 13096/5/6 13097/5/6
f 13097/5/6 13096/5/6 13098/5/6
f 13098/5/6 13096/5/6 13099/5/6
f 13099/5/6 13096/5/6 13100/5/6
f 13088/5/6 13094/5/6 13102/5/6
f 13098/2/6 13099/2/6 13103/2/6
f 13099/4/6 13100/4/6 13104/4/6
f 13103/2/6 13099/2/6 13104/2/6
f 13100/5/6 13096/5/6 13105/5/6
f 13104/4/6 13100/4/6 13105/4/6
f 13105/5/6 13096/5/6 13106/5/6
f 13101/5/6 13102/5/6 13107/5/6
f 13102/5/6 13094/5/6 13107/5/6
f 13101/5/6 13107/5/6 13112/5/6
f 13107/5/6 13108/5/6 13112/5/6
f 13111/5/6 13112/5/6 13113/5/6
f 13112/5/6 13108/5/6 13114/5/6
f 13113/5/6 13112/5/6 13114/5/6
f 13109/4/6 13110/4/6 13121/4/6
f 13115/2/6 13116/2/6 13122/2/6
f 13116/5/6 13117/5/6 13123/5/6
f 13122/2/6 13116/2/6 13123/2/6
f 13123/5/6 13117/5/6 13124/5/6
f 13118/4/6 13119/4/6 13126/4/6
f 13119/2/6 13120/2/6 13127/2/6
f 13125/4/6 13126/4/6 13127/4/6
f 13126/4/6 13119/4/6 13127/4/6
f 13120/4/6 13121/4/6 13128/4/6
f 13127/2/6 13120/2/6 13128/2/6
f 13124/5/6 13125/5/6 13129/5/6
f 13122/5/6 13123/5/6 13129/5/6
f 13123/5/6 13124/5/6 13129/5/6
f 13129/5/6 13125/5/6 13130/5/6
f 13125/4/6 13127/4/6 13131/4/6
f 13130/5/6 13125/5/6 13131/5/6
f 13127/4/6 13128/4/6 13131/4/6
f 13129/4/6 13130/4/6 13132/4/6
f 13130/2/6 13131/2/6 13133/2/6
f 13132/4/6 13130/4/6 13133/4/6
f 13131/4/6 13128/4/6 13134/4/6
f 13133/2/6 13131/2/6 13134/2/6
f 13128/4/6 13121/4/6 13135/4/6
f 13134/4/6 13128/4/6 13135/4/6
f 13121/4/6 13110/4/6 13135/4/6
f 13136/5/6 13137/5/6 13140/5/6
f 13137/4/6 13138/4/6 13141/4/6
f 13141/4/6 13138/4/6 13142/4/6
f 13139/5/6 13140/5/6 13145/5/6
f 13140/5/6 13137/5/6 13146/5/6
f 13145/5/6 13140/5/6 13146/5/6
f 13137/4/6 13141/4/6 13146/4/6
f 13146/4/6 13141/4/6 13147/4/6
f 13143/5/6 13144/5/6 13148/5/6
f 13148/5/6 13144/5/6 13149/5/6
f 13150/5/6 13151/5/6 13152/5/6
f 13152/5/6 13153/5/6 13154/5/6
f 13150/5/6 13152/5/6 13161/5/6
f 13152/5/6 13154/5/6 13161/5/6
f 13154/5/6 13155/5/6 13161/5/6
f 13161/5/6 13155/5/6 13162/5/6
f 13155/4/6 13156/4/6 13163/4/6
f 13157/2/6 13158/2/6 13165/2/6
f 13165/2/6 13158/2/6 13166/2/6
f 13159/2/6 13160/2/6 13168/2/6
f 13162/5/6 13155/5/6 13170/5/6
f 13163/4/6 13164/4/6 13171/4/6
f 13164/2/6 13165/2/6 13171/2/6
f 13165/2/6 13166/2/6 13171/2/6
f 13166/4/6 13167/4/6 13172/4/6
f 13171/2/6 13166/2/6 13172/2/6
f 13169/5/6 13170/5/6 13173/5/6
f 13173/5/6 13170/5/6 13174/5/6
f 13170/5/6 13155/5/6 13175/5/6
f 13174/5/6 13170/5/6 13175/5/6
f 13171/4/6 13172/4/6 13176/4/6
f 13172/4/6 13167/4/6 13177/4/6
f 13176/4/6 13172/4/6 13177/4/6
f 13167/2/6 13168/2/6 13177/2/6
f 13168/2/6 13160/2/6 13178/2/6
f 13177/2/6 13168/2/6 13178/2/6
f 13175/5/6 13155/5/6 13179/5/6
f 13179/5/6 13155/5/6 13180/5/6
f 13179/2/6 13180/2/6 13181/2/6
f 13180/5/6 13155/5/6 13182/5/6
f 13181/2/6 13180/2/6 13182/2/6
f 13163/4/6 13171/4/6 13183/4/6
f 13171/4/6 13176/4/6 13183/4/6
f 13155/4/6 13163/4/6 13183/4/6
f 13183/4/6 13176/4/6 13184/4/6
f 13182/5/6 13155/5/6 13185/5/6
f 13155/4/6 13183/4/6 13186/4/6
f 13185/5/6 13155/5/6 13186/5/6
f 13186/4/6 13183/4/6 13187/4/6
f 13188/5/6 13189/5/6 13190/5/6
f 13190/5/6 13189/5/6 13191/5/6
f 13188/5/6 13190/5/6 13192/5/6
f 13188/5/6 13192/5/6 13194/5/6
f 13192/5/6 13193/5/6 13194/5/6
f 13194/5/6 13193/5/6 13195/5/6
f 13196/4/6 13197/4/6 13201/4/6
f 13197/2/6 13198/2/6 13202/2/6
f 13201/4/6 13197/4/6 13202/4/6
f 13202/2/6 13198/2/6 13203/2/6
f 13199/5/6 13200/5/6 13204/5/6
f 13204/5/6 13200/5/6 13205/5/6
f 13206/5/6 13207/5/6 13208/5/6
f 13208/5/6 13207/5/6 13209/5/6
f 13210/5/6 13211/5/6 13213/5/6
f 13213/5/6 13211/5/6 13214/5/6
f 13212/5/6 13213/5/6 13217/5/6
f 13214/5/6 13215/5/6 13217/5/6
f 13213/5/6 13214/5/6 13217/5/6
f 13216/5/6 13217/5/6 13218/5/6
f 13217/5/6 13215/5/6 13219/5/6
f 13218/5/6 13217/5/6 13219/5/6
f 13219/5/6 13215/5/6 13220/5/6
f 13220/5/6 13215/5/6 13221/5/6
f 13219/5/6 13220/5/6 13222/5/6
f 13222/5/6 13220/5/6 13223/5/6
f 13222/2/6 13223/2/6 13224/2/6
f 13223/5/6 13220/5/6 13224/5/6
f 13220/2/6 13221/2/6 13225/2/6
f 13224/5/6 13220/5/6 13225/5/6
f 13221/5/6 13215/5/6 13226/5/6
f 13225/2/6 13221/2/6 13226/2/6
f 13226/5/6 13215/5/6 13227/5/6
f 13227/5/6 13215/5/6 13228/5/6
f 13219/5/6 13222/5/6 13229/5/6
f 13222/2/6 13224/2/6 13230/2/6
f 13229/5/6 13222/5/6 13230/5/6
f 13224/4/6 13225/4/6 13231/4/6
f 13230/2/6 13224/2/6 13231/2/6
f 13225/2/6 13226/2/6 13232/2/6
f 13226/4/6 13227/4/6 13233/4/6
f 13232/2/6 13226/2/6 13233/2/6
f 13227/2/6 13228/2/6 13234/2/6
f 13233/4/6 13227/4/6 13234/4/6
f 13228/5/6 13215/5/6 13235/5/6
f 13234/2/6 13228/2/6 13235/2/6
f 13235/5/6 13215/5/6 13236/5/6
f 13231/4/6 13225/4/6 13237/4/6
f 13225/2/6 13232/2/6 13238/2/6
f 13237/4/6 13225/4/6 13238/4/6
f 13238/2/6 13232/2/6 13239/2/6
