# MagicaVoxel @ Ephtracy

# group
o 

# material
mtllib voxelchurch.mtl
usemtl palette

# normals
vn -1 0 0
vn 1 0 0
vn 0 0 1
vn 0 0 -1
vn 0 -1 0
vn 0 1 0

# texcoords
vt 0.0605469 0.5
vt 0.166016 0.5
vt 0.189453 0.5
vt 0.306641 0.5
vt 0.326172 0.5
vt 0.333984 0.5
vt 0.341797 0.5
vt 0.349609 0.5
vt 0.361328 0.5
vt 0.365234 0.5
vt 0.388672 0.5
vt 0.412109 0.5
vt 0.486328 0.5
vt 0.490234 0.5
vt 0.501953 0.5
vt 0.509766 0.5
vt 0.513672 0.5
vt 0.697266 0.5
vt 0.962891 0.5
vt 0.966797 0.5
vt 0.978516 0.5
vt 0.982422 0.5
vt 0.986328 0.5
vt 0.990234 0.5

# verts
v -2.9 0 6
v -2.9 0 5.8
v -2.9 0 5.6
v -2.9 0 5.4
v -2.9 0 4.3
v -2.9 0 -2.9
v -2.9 0.1 3.3
v -2.9 0.1 3.2
v -2.9 0.2 6
v -2.9 0.2 5.8
v -2.9 0.2 5.6
v -2.9 0.2 5.4
v -2.9 0.2 4.3
v -2.9 0.2 3.3
v -2.9 0.2 3.2
v -2.9 0.2 -2.9
v -1.3 0.2 1
v -1.3 0.2 0.9
v -1.3 0.3 1
v -1.3 0.3 0.9
v -1.3 0.5 0.8
v -1.3 0.5 0.6
v -1.3 0.5 0.5
v -1.3 0.5 -0.3
v -1.3 0.5 -1.3
v -1.3 0.5 -1.4
v -1.3 0.5 -1.6
v -1.3 0.6 0.6
v -1.3 0.6 0.5
v -1.3 0.6 0.0999999
v -1.3 0.6 0
v -1.3 0.6 -0.8
v -1.3 0.6 -0.9
v -1.3 0.6 -1.3
v -1.3 0.6 -1.4
v -1.3 0.6 -1.5
v -1.3 0.6 -1.6
v -1.3 0.7 0.3
v -1.3 0.7 0.2
v -1.3 0.7 0.0999999
v -1.3 0.7 0
v -1.3 0.7 -0.2
v -1.3 0.7 -0.3
v -1.3 0.7 -0.5
v -1.3 0.7 -0.8
v -1.3 0.7 -0.9
v -1.3 0.7 -1.4
v -1.3 0.7 -1.5
v -1.3 0.7 -1.6
v -1.3 0.8 0.3
v -1.3 0.8 0.2
v -1.3 0.8 -0.1
v -1.3 0.8 -0.2
v -1.3 0.8 -0.5
v -1.3 0.8 -0.8
v -1.3 0.8 -0.9
v -1.3 0.8 -1.3
v -1.3 0.9 0.6
v -1.3 0.9 0.5
v -1.3 0.9 0.0999999
v -1.3 0.9 -0.1
v -1.3 0.9 -0.5
v -1.3 0.9 -0.7
v -1.3 1 0
v -1.3 1 -0.1
v -1.3 1 -0.2
v -1.3 1 -0.5
v -1.3 1 -1.5
v -1.3 1 -1.6
v -1.3 1.1 0.8
v -1.3 1.1 0.7
v -1.3 1.1 0
v -1.3 1.1 -0.1
v -1.3 1.1 -0.5
v -1.3 1.1 -0.7
v -1.3 1.1 -0.9
v -1.3 1.1 -1.3
v -1.3 1.1 -1.5
v -1.3 1.1 -1.6
v -1.3 1.2 0.7
v -1.3 1.2 0.6
v -1.3 1.2 0.0999999
v -1.3 1.2 -0.5
v -1.3 1.2 -1.4
v -1.3 1.2 -1.5
v -1.2 0.2 0.7
v -1.2 0.2 0.4
v -1.2 0.2 0
v -1.2 0.2 -0.2
v -1.2 0.2 -0.3
v -1.2 0.2 -0.7
v -1.2 0.2 -1.2
v -1.2 0.2 -1.5
v -1.2 0.2 -1.6
v -1.2 0.3 -0.1
v -1.2 0.3 -0.2
v -1.2 0.3 -1.1
v -1.2 0.3 -1.2
v -1.2 0.4 0.5
v -1.2 0.4 0.4
v -1.2 0.4 0
v -1.2 0.4 -0.1
v -1.2 0.4 -0.2
v -1.2 0.4 -0.3
v -1.2 0.4 -0.4
v -1.2 0.4 -0.6
v -1.2 0.4 -0.7
v -1.2 0.4 -1.1
v -1.2 0.4 -1.2
v -1.2 0.5 0.7
v -1.2 0.5 0.6
v -1.2 0.5 0.5
v -1.2 0.5 -0.3
v -1.2 0.5 -0.4
v -1.2 0.5 -0.6
v -1.2 0.5 -0.7
v -1.2 0.5 -1.2
v -1.2 0.5 -1.3
v -1.2 0.5 -1.4
v -1.2 0.5 -1.5
v -1.2 0.5 -1.6
v -1.2 1.1 0.8
v -1.2 1.1 0.7
v -1.2 1.1 -1.5
v -1.2 1.1 -1.6
v -1.2 1.2 0.8
v -1.2 1.2 0.7
v -1.2 1.2 -1.5
v -1.2 1.2 -1.6
v -1.1 0.2 1.2
v -1.1 0.2 1.1
v -1.1 0.2 0.7
v -1.1 0.3 1.2
v -1.1 0.3 1.1
v -1.1 0.3 0.7
v -1 0.3 1.1
v -1 0.3 0.9
v -1 0.4 1.1
v -1 0.4 0.9
v -0.9 0.2 2.4
v -0.9 0.2 2.3
v -0.9 0.2 1.5
v -0.9 0.2 1.4
v -0.9 0.2 1.3
v -0.9 0.2 1.2
v -0.9 0.3 1.5
v -0.9 0.3 1.4
v -0.9 0.3 1.3
v -0.9 0.3 1.2
v -0.9 0.3 0.8
v -0.9 0.3 0.7
v -0.9 0.4 2.4
v -0.9 0.4 2.3
v -0.9 0.4 1
v -0.9 0.4 0.9
v -0.9 0.4 0.8
v -0.9 0.4 0.7
v -0.9 0.5 2.4
v -0.9 0.5 2.3
v -0.9 0.5 1
v -0.9 0.5 0.9
v -0.9 0.9 1
v -0.9 0.9 0.8
v -0.9 0.9 -1.6
v -0.9 0.9 -1.9
v -0.9 1.2 0.8
v -0.9 1.2 0.2
v -0.9 1.2 -0.6
v -0.9 1.2 -1.6
v -0.9 1.3 1
v -0.9 1.3 -1.9
v -0.8 0.2 -1.6
v -0.8 0.2 -1.9
v -0.8 0.3 0.9
v -0.8 0.3 0.8
v -0.8 0.3 -1.6
v -0.8 0.3 -1.9
v -0.8 0.4 0.9
v -0.8 0.4 0.8
v -0.8 0.4 0.7
v -0.8 0.5 0.9
v -0.8 0.5 0.8
v -0.8 0.5 0.7
v -0.8 0.5 -1.6
v -0.8 0.5 -1.9
v -0.8 0.6 0.9
v -0.8 0.6 0.8
v -0.8 0.7 0.9
v -0.8 0.7 0.8
v -0.8 0.7 -1.6
v -0.8 0.9 0.9
v -0.8 0.9 0.8
v -0.8 0.9 -1.6
v -0.8 0.9 -1.9
v -0.8 1.3 1
v -0.8 1.3 -1.9
v -0.8 1.5 1
v -0.8 1.5 -1.9
v -0.7 1.5 1
v -0.7 1.5 -1.9
v -0.7 1.8 1
v -0.7 1.8 -1.9
v -0.6 0.1 1.6
v -0.6 0.1 1.3
v -0.6 0.2 1.6
v -0.6 0.2 1.3
v -0.6 0.4 1
v -0.6 0.4 0.9
v -0.6 0.6 1
v -0.6 0.6 0.9
v -0.6 0.7 1
v -0.6 0.7 0.9
v -0.6 0.9 1
v -0.6 0.9 0.9
v -0.6 1.1 1
v -0.6 1.1 0.9
v -0.6 1.2 1
v -0.6 1.2 0.9
v -0.6 1.8 1
v -0.6 1.8 -1.9
v -0.6 2.1 1
v -0.6 2.1 -1.9
v -0.5 1.4 1
v -0.5 1.4 0.9
v -0.5 1.5 1
v -0.5 1.5 0.9
v -0.5 1.6 1
v -0.5 1.6 0.9
v -0.5 2.1 1
v -0.5 2.1 -1.9
v -0.5 2.4 1
v -0.5 2.4 -1.9
v -0.4 1.6 1
v -0.4 1.6 0.9
v -0.4 1.7 1
v -0.4 1.7 0.9
v -0.4 2.4 1
v -0.4 2.4 -1.9
v -0.4 2.7 1
v -0.4 2.7 -1.9
v -0.4 3.9 -0.4
v -0.4 3.9 -0.8
v -0.4 4 -0.5
v -0.4 4 -0.7
v -0.4 4.1 -0.4
v -0.4 4.1 -0.5
v -0.4 4.1 -0.7
v -0.4 4.1 -0.8
v -0.3 1.7 1
v -0.3 1.7 0.9
v -0.3 1.8 1
v -0.3 1.8 0.9
v -0.3 2.7 1
v -0.3 2.7 -1.9
v -0.3 2.9 1.1
v -0.3 2.9 1
v -0.3 3 1.1
v -0.3 3 -0.4
v -0.3 3 -0.8
v -0.3 3 -1.9
v -0.3 3.5 -0.4
v -0.3 3.5 -0.8
v -0.3 3.6 -0.4
v -0.3 3.6 -0.8
v -0.3 3.7 -0.4
v -0.3 3.7 -0.8
v -0.3 3.8 -0.4
v -0.3 3.8 -0.8
v -0.3 3.9 -0.3
v -0.3 3.9 -0.4
v -0.3 3.9 -0.8
v -0.3 3.9 -0.9
v -0.3 4 -0.5
v -0.3 4 -0.7
v -0.3 4.1 -0.3
v -0.3 4.1 -0.4
v -0.3 4.1 -0.5
v -0.3 4.1 -0.7
v -0.3 4.1 -0.8
v -0.3 4.1 -0.9
v -0.3 4.6 -0.4
v -0.3 4.6 -0.8
v -0.3 4.7 -0.4
v -0.3 4.7 -0.8
v -0.2 0.9 0.9
v -0.2 0.9 0.8
v -0.2 1 0.9
v -0.2 1 0.8
v -0.2 3 1.1
v -0.2 3 -0.3
v -0.2 3 -0.4
v -0.2 3 -0.8
v -0.2 3 -0.9
v -0.2 3 -1.9
v -0.2 3.1 1.2
v -0.2 3.1 1.1
v -0.2 3.2 1.2
v -0.2 3.2 -0.3
v -0.2 3.2 -0.9
v -0.2 3.2 -1.9
v -0.2 3.5 -0.3
v -0.2 3.5 -0.4
v -0.2 3.5 -0.8
v -0.2 3.5 -0.9
v -0.2 3.6 -0.3
v -0.2 3.6 -0.4
v -0.2 3.6 -0.8
v -0.2 3.6 -0.9
v -0.2 3.7 -0.3
v -0.2 3.7 -0.4
v -0.2 3.7 -0.8
v -0.2 3.7 -0.9
v -0.2 3.8 -0.3
v -0.2 3.8 -0.4
v -0.2 3.8 -0.8
v -0.2 3.8 -0.9
v -0.2 3.9 -0.2
v -0.2 3.9 -0.3
v -0.2 3.9 -0.4
v -0.2 3.9 -0.8
v -0.2 3.9 -0.9
v -0.2 3.9 -1
v -0.2 4.1 -0.2
v -0.2 4.1 -0.3
v -0.2 4.1 -0.4
v -0.2 4.1 -0.5
v -0.2 4.1 -0.7
v -0.2 4.1 -0.8
v -0.2 4.1 -0.9
v -0.2 4.1 -1
v -0.2 4.5 -0.5
v -0.2 4.5 -0.7
v -0.2 4.6 -0.3
v -0.2 4.6 -0.4
v -0.2 4.6 -0.8
v -0.2 4.6 -0.9
v -0.2 4.7 -0.3
v -0.2 4.7 -0.4
v -0.2 4.7 -0.8
v -0.2 4.7 -0.9
v -0.2 4.8 -0.4
v -0.2 4.8 -0.8
v -0.2 5.4 -0.6
v -0.2 5.4 -0.7
v -0.2 5.6 -0.6
v -0.2 5.6 -0.7
v -0.0999999 3.1 1.3
v -0.0999999 3.1 1.2
v -0.0999999 3.2 1.7
v -0.0999999 3.2 1.3
v -0.0999999 3.2 1.2
v -0.0999999 3.2 -0.3
v -0.0999999 3.2 -0.9
v -0.0999999 3.2 -1.9
v -0.0999999 3.3 1.7
v -0.0999999 3.3 -0.3
v -0.0999999 3.3 -0.9
v -0.0999999 3.3 -1.9
v -0.0999999 4.4 -0.5
v -0.0999999 4.4 -0.7
v -0.0999999 4.5 -0.5
v -0.0999999 4.5 -0.7
v -0.0999999 4.7 -0.3
v -0.0999999 4.7 -0.4
v -0.0999999 4.7 -0.8
v -0.0999999 4.7 -0.9
v -0.0999999 4.8 -0.3
v -0.0999999 4.8 -0.4
v -0.0999999 4.8 -0.8
v -0.0999999 4.8 -0.9
v -0.0999999 4.9 -0.4
v -0.0999999 4.9 -0.6
v -0.0999999 4.9 -0.7
v -0.0999999 4.9 -0.8
v -0.0999999 5.4 -0.6
v -0.0999999 5.4 -0.7
v -0.0999999 5.6 -0.6
v -0.0999999 5.6 -0.7
v -0.0999999 5.8 -0.6
v -0.0999999 5.8 -0.7
v 0.1 2.4 0.9
v 0.1 2.4 0.8
v 0.1 2.5 0.8
v 0.1 2.6 0.9
v 0.1 2.6 0.8
v 0.1 2.7 1
v 0.1 2.7 0.9
v 0.1 2.9 0.9
v 0.1 3 1.1
v 0.1 3 1
v 0.1 3 0.9
v 0.1 3.1 1.1
v 0.1 3.1 1
v 0.1 4 -0.2
v 0.1 4 -0.3
v 0.1 4 -0.9
v 0.1 4 -1
v 0.1 4.1 -0.2
v 0.1 4.1 -0.3
v 0.1 4.1 -0.4
v 0.1 4.1 -0.5
v 0.1 4.1 -0.7
v 0.1 4.1 -0.8
v 0.1 4.1 -0.9
v 0.1 4.1 -1
v 0.1 4.4 -0.5
v 0.1 4.4 -0.7
v 0.1 4.5 -0.4
v 0.1 4.5 -0.5
v 0.1 4.5 -0.7
v 0.1 4.5 -0.8
v 0.1 4.6 -0.3
v 0.1 4.6 -0.4
v 0.1 4.6 -0.5
v 0.1 4.6 -0.7
v 0.1 4.6 -0.8
v 0.1 4.6 -0.9
v 0.1 4.7 -0.3
v 0.1 4.7 -0.4
v 0.1 4.7 -0.5
v 0.1 4.7 -0.7
v 0.1 4.7 -0.8
v 0.1 4.7 -0.9
v 0.2 0.9 0.9
v 0.2 0.9 0.8
v 0.2 1 0.9
v 0.2 1 0.8
v 0.2 2.5 1
v 0.2 2.5 0.9
v 0.2 2.6 0.9
v 0.2 2.7 1
v 0.2 2.7 0.9
v 0.2 2.9 1.1
v 0.2 2.9 1
v 0.2 3 1.1
v 0.2 3 1
v 0.3 1.6 1
v 0.3 1.6 0.9
v 0.3 1.6 0.8
v 0.3 1.7 1
v 0.3 1.7 0.9
v 0.3 1.7 0.8
v 0.3 2.3 1
v 0.3 2.3 0.9
v 0.3 2.5 1
v 0.3 2.5 0.9
v 0.4 1.4 1
v 0.4 1.4 0.8
v 0.4 1.5 1
v 0.4 1.5 0.9
v 0.4 1.6 1
v 0.4 1.6 0.9
v 0.4 1.6 0.8
v 0.4 2 1
v 0.4 2 0.9
v 0.4 2.2 0.9
v 0.4 2.3 1
v 0.4 2.3 0.9
v 0.5 0.4 1
v 0.5 0.4 0.9
v 0.5 0.4 0.8
v 0.5 0.6 1
v 0.5 0.6 0.9
v 0.5 0.7 1
v 0.5 0.7 0.9
v 0.5 0.9 1
v 0.5 0.9 0.9
v 0.5 1.1 1
v 0.5 1.1 0.9
v 0.5 1.2 1
v 0.5 1.2 0.9
v 0.5 1.4 0.9
v 0.5 1.4 0.8
v 0.5 1.7 1
v 0.5 1.7 0.9
v 0.5 1.8 0.9
v 0.5 1.9 0.9
v 0.5 2 1
v 0.5 2 0.9
v 0.6 1.3 1
v 0.6 1.3 0.9
v 0.6 1.7 1
v 0.6 1.7 0.9
v 0.7 0.1 6
v 0.7 0.1 5.4
v 0.7 0.1 5.3
v 0.7 0.1 4.9
v 0.7 0.1 4.8
v 0.7 0.1 4.7
v 0.7 0.1 4.6
v 0.7 0.1 4.4
v 0.7 0.1 4.3
v 0.7 0.1 4.2
v 0.7 0.1 4.1
v 0.7 0.1 4
v 0.7 0.1 3.9
v 0.7 0.1 3.8
v 0.7 0.1 3.3
v 0.7 0.1 3.2
v 0.7 0.1 3.1
v 0.7 0.1 2.7
v 0.7 0.1 2.6
v 0.7 0.1 2.1
v 0.7 0.1 1.7
v 0.7 0.1 1.6
v 0.7 0.2 6
v 0.7 0.2 1.6
v 0.7 0.2 1.2
v 0.7 0.2 1
v 0.7 0.3 1.2
v 0.7 0.3 1
v 0.7 0.9 1
v 0.7 0.9 0.9
v 0.7 1.3 1
v 0.7 1.3 0.9
v 0.8 0.2 2.9
v 0.8 0.2 2.8
v 0.8 0.2 1.8
v 0.8 0.2 1.7
v 0.8 0.3 1.1
v 0.8 0.3 1
v 0.8 0.4 2.9
v 0.8 0.4 2.8
v 0.8 0.4 1.8
v 0.8 0.4 1.7
v 0.8 0.4 1.1
v 0.8 0.4 1
v 0.8 0.5 2.9
v 0.8 0.5 2.8
v 0.8 0.5 1.8
v 0.8 0.5 1.7
v 0.9 0.2 1.6
v 0.9 0.2 1.5
v 0.9 0.3 1.6
v 0.9 0.3 1.5
v 1.2 0.2 1.3
v 1.2 0.2 1.2
v 1.2 0.3 1.3
v 1.2 0.3 1.2
v -1.2 0.2 1
v -1.2 0.2 0.9
v -1.2 0.3 1
v -1.2 0.3 0.9
v -0.8 0.2 2.4
v -0.8 0.2 2.3
v -0.8 0.2 1.5
v -0.8 0.2 1.4
v -0.8 0.3 1.5
v -0.8 0.3 1.4
v -0.8 0.3 1.1
v -0.8 0.3 1
v -0.8 0.4 2.4
v -0.8 0.4 2.3
v -0.8 0.4 1.1
v -0.8 0.4 1
v -0.8 0.4 0.9
v -0.8 0.5 2.4
v -0.8 0.5 2.3
v -0.8 0.5 1
v -0.8 0.5 0.9
v -0.7 0.1 6
v -0.7 0.1 5.5
v -0.7 0.1 5.4
v -0.7 0.1 5.1
v -0.7 0.1 5
v -0.7 0.1 4.4
v -0.7 0.1 4.1
v -0.7 0.1 4
v -0.7 0.1 3.9
v -0.7 0.1 3.7
v -0.7 0.1 3.6
v -0.7 0.1 3.5
v -0.7 0.1 2.9
v -0.7 0.1 2.5
v -0.7 0.1 2.3
v -0.7 0.1 2.2
v -0.7 0.1 1.9
v -0.7 0.1 1.6
v -0.7 0.1 1.3
v -0.7 0.2 6
v -0.7 0.2 1.3
v -0.7 0.9 1
v -0.7 0.9 0.9
v -0.7 1.3 1
v -0.7 1.3 0.9
v -0.6 1.3 1
v -0.6 1.3 0.9
v -0.6 1.7 1
v -0.6 1.7 0.9
v -0.5 0.4 1
v -0.5 0.4 0.9
v -0.5 0.4 0.8
v -0.5 0.6 1
v -0.5 0.6 0.9
v -0.5 0.7 1
v -0.5 0.7 0.9
v -0.5 0.9 1
v -0.5 0.9 0.9
v -0.5 1.1 1
v -0.5 1.1 0.9
v -0.5 1.2 1
v -0.5 1.2 0.9
v -0.5 1.4 0.9
v -0.5 1.4 0.8
v -0.5 1.7 1
v -0.5 1.7 0.9
v -0.5 1.8 0.9
v -0.5 1.9 0.9
v -0.5 2 1
v -0.5 2 0.9
v -0.4 1.4 1
v -0.4 1.4 0.8
v -0.4 1.5 1
v -0.4 1.5 0.9
v -0.4 1.6 1
v -0.4 1.6 0.9
v -0.4 1.6 0.8
v -0.4 2 1
v -0.4 2 0.9
v -0.4 2.2 0.9
v -0.4 2.3 1
v -0.4 2.3 0.9
v -0.3 1.6 1
v -0.3 1.6 0.9
v -0.3 1.6 0.8
v -0.3 1.7 1
v -0.3 1.7 0.9
v -0.3 1.7 0.8
v -0.3 2.3 1
v -0.3 2.3 0.9
v -0.3 2.5 1
v -0.3 2.5 0.9
v -0.2 2.5 1
v -0.2 2.5 0.9
v -0.2 2.6 0.9
v -0.2 2.7 1
v -0.2 2.7 0.9
v -0.2 2.9 1.1
v -0.2 2.9 1
v -0.2 3 1.1
v -0.2 3 1
v -0.0999999 0.9 0.9
v -0.0999999 0.9 0.8
v -0.0999999 1 0.9
v -0.0999999 1 0.8
v -0.0999999 2.4 0.9
v -0.0999999 2.4 0.8
v -0.0999999 2.5 0.8
v -0.0999999 2.6 0.9
v -0.0999999 2.6 0.8
v -0.0999999 2.7 1
v -0.0999999 2.7 0.9
v -0.0999999 2.9 0.9
v -0.0999999 3 1.1
v -0.0999999 3 1
v -0.0999999 3 0.9
v -0.0999999 3.1 1.1
v -0.0999999 3.1 1
v -0.0999999 4 -0.2
v -0.0999999 4 -0.3
v -0.0999999 4 -0.9
v -0.0999999 4 -1
v -0.0999999 4.1 -0.2
v -0.0999999 4.1 -0.3
v -0.0999999 4.1 -0.4
v -0.0999999 4.1 -0.5
v -0.0999999 4.1 -0.7
v -0.0999999 4.1 -0.8
v -0.0999999 4.1 -0.9
v -0.0999999 4.1 -1
v -0.0999999 4.4 -0.5
v -0.0999999 4.4 -0.7
v -0.0999999 4.5 -0.4
v -0.0999999 4.5 -0.5
v -0.0999999 4.5 -0.7
v -0.0999999 4.5 -0.8
v -0.0999999 4.6 -0.3
v -0.0999999 4.6 -0.4
v -0.0999999 4.6 -0.5
v -0.0999999 4.6 -0.7
v -0.0999999 4.6 -0.8
v -0.0999999 4.6 -0.9
v -0.0999999 4.7 -0.3
v -0.0999999 4.7 -0.4
v -0.0999999 4.7 -0.5
v -0.0999999 4.7 -0.7
v -0.0999999 4.7 -0.8
v -0.0999999 4.7 -0.9
v 0.1 3.1 1.3
v 0.1 3.1 1.2
v 0.1 3.2 1.7
v 0.1 3.2 1.3
v 0.1 3.2 1.2
v 0.1 3.2 -0.3
v 0.1 3.2 -0.9
v 0.1 3.2 -1.9
v 0.1 3.3 1.7
v 0.1 3.3 -0.3
v 0.1 3.3 -0.9
v 0.1 3.3 -1.9
v 0.1 4.4 -0.5
v 0.1 4.4 -0.7
v 0.1 4.5 -0.5
v 0.1 4.5 -0.7
v 0.1 4.7 -0.3
v 0.1 4.7 -0.4
v 0.1 4.7 -0.8
v 0.1 4.7 -0.9
v 0.1 4.8 -0.3
v 0.1 4.8 -0.4
v 0.1 4.8 -0.8
v 0.1 4.8 -0.9
v 0.1 4.9 -0.4
v 0.1 4.9 -0.6
v 0.1 4.9 -0.7
v 0.1 4.9 -0.8
v 0.1 5.4 -0.6
v 0.1 5.4 -0.7
v 0.1 5.6 -0.6
v 0.1 5.6 -0.7
v 0.1 5.8 -0.6
v 0.1 5.8 -0.7
v 0.2 3 1.1
v 0.2 3 -0.3
v 0.2 3 -0.4
v 0.2 3 -0.8
v 0.2 3 -0.9
v 0.2 3 -1.9
v 0.2 3.1 1.2
v 0.2 3.1 1.1
v 0.2 3.2 1.2
v 0.2 3.2 -0.3
v 0.2 3.2 -0.9
v 0.2 3.2 -1.9
v 0.2 3.5 -0.3
v 0.2 3.5 -0.4
v 0.2 3.5 -0.8
v 0.2 3.5 -0.9
v 0.2 3.6 -0.3
v 0.2 3.6 -0.4
v 0.2 3.6 -0.8
v 0.2 3.6 -0.9
v 0.2 3.7 -0.3
v 0.2 3.7 -0.4
v 0.2 3.7 -0.8
v 0.2 3.7 -0.9
v 0.2 3.8 -0.3
v 0.2 3.8 -0.4
v 0.2 3.8 -0.8
v 0.2 3.8 -0.9
v 0.2 3.9 -0.2
v 0.2 3.9 -0.3
v 0.2 3.9 -0.4
v 0.2 3.9 -0.8
v 0.2 3.9 -0.9
v 0.2 3.9 -1
v 0.2 4.1 -0.2
v 0.2 4.1 -0.3
v 0.2 4.1 -0.4
v 0.2 4.1 -0.5
v 0.2 4.1 -0.7
v 0.2 4.1 -0.8
v 0.2 4.1 -0.9
v 0.2 4.1 -1
v 0.2 4.5 -0.5
v 0.2 4.5 -0.7
v 0.2 4.6 -0.3
v 0.2 4.6 -0.4
v 0.2 4.6 -0.8
v 0.2 4.6 -0.9
v 0.2 4.7 -0.3
v 0.2 4.7 -0.4
v 0.2 4.7 -0.8
v 0.2 4.7 -0.9
v 0.2 4.8 -0.4
v 0.2 4.8 -0.8
v 0.2 5.4 -0.6
v 0.2 5.4 -0.7
v 0.2 5.6 -0.6
v 0.2 5.6 -0.7
v 0.3 0.9 0.9
v 0.3 0.9 0.8
v 0.3 1 0.9
v 0.3 1 0.8
v 0.3 1.7 1
v 0.3 1.7 0.9
v 0.3 1.8 1
v 0.3 1.8 0.9
v 0.3 2.7 1
v 0.3 2.7 -1.9
v 0.3 2.9 1.1
v 0.3 2.9 1
v 0.3 3 1.1
v 0.3 3 -0.4
v 0.3 3 -0.8
v 0.3 3 -1.9
v 0.3 3.5 -0.4
v 0.3 3.5 -0.8
v 0.3 3.6 -0.4
v 0.3 3.6 -0.8
v 0.3 3.7 -0.4
v 0.3 3.7 -0.8
v 0.3 3.8 -0.4
v 0.3 3.8 -0.8
v 0.3 3.9 -0.3
v 0.3 3.9 -0.4
v 0.3 3.9 -0.8
v 0.3 3.9 -0.9
v 0.3 4 -0.5
v 0.3 4 -0.7
v 0.3 4.1 -0.3
v 0.3 4.1 -0.4
v 0.3 4.1 -0.5
v 0.3 4.1 -0.7
v 0.3 4.1 -0.8
v 0.3 4.1 -0.9
v 0.3 4.6 -0.4
v 0.3 4.6 -0.8
v 0.3 4.7 -0.4
v 0.3 4.7 -0.8
v 0.4 1.6 1
v 0.4 1.6 0.9
v 0.4 1.7 1
v 0.4 1.7 0.9
v 0.4 2.4 1
v 0.4 2.4 -1.9
v 0.4 2.7 1
v 0.4 2.7 -1.9
v 0.4 3.9 -0.4
v 0.4 3.9 -0.8
v 0.4 4 -0.5
v 0.4 4 -0.7
v 0.4 4.1 -0.4
v 0.4 4.1 -0.5
v 0.4 4.1 -0.7
v 0.4 4.1 -0.8
v 0.5 1.4 1
v 0.5 1.4 0.9
v 0.5 1.5 1
v 0.5 1.5 0.9
v 0.5 1.6 1
v 0.5 1.6 0.9
v 0.5 2.1 1
v 0.5 2.1 -1.9
v 0.5 2.4 1
v 0.5 2.4 -1.9
v 0.6 0.2 1.3
v 0.6 0.2 1.2
v 0.6 0.2 1
v 0.6 0.3 1.3
v 0.6 0.3 1.2
v 0.6 0.3 1
v 0.6 0.4 1
v 0.6 0.4 0.9
v 0.6 0.6 1
v 0.6 0.6 0.9
v 0.6 0.7 1
v 0.6 0.7 0.9
v 0.6 0.9 1
v 0.6 0.9 0.9
v 0.6 1.1 1
v 0.6 1.1 0.9
v 0.6 1.2 1
v 0.6 1.2 0.9
v 0.6 1.8 1
v 0.6 1.8 -1.9
v 0.6 2.1 1
v 0.6 2.1 -1.9
v 0.7 1.5 1
v 0.7 1.5 -1.9
v 0.7 1.8 1
v 0.7 1.8 -1.9
v 0.8 0.2 0.8
v 0.8 0.2 -1.9
v 0.8 0.3 -0.9
v 0.8 0.3 -1.9
v 0.8 0.4 0.9
v 0.8 0.4 0.8
v 0.8 0.5 -0.2
v 0.8 0.5 -0.9
v 0.8 0.5 -1.4
v 0.8 0.5 -1.5
v 0.8 0.5 -1.9
v 0.8 0.6 0.9
v 0.8 0.6 0
v 0.8 0.6 -0.2
v 0.8 0.6 -1.4
v 0.8 0.6 -1.5
v 0.8 0.7 0.9
v 0.8 0.7 0
v 0.8 0.7 -0.8
v 0.8 0.7 -1.1
v 0.8 0.8 0
v 0.8 0.8 -0.2
v 0.8 0.8 -0.3
v 0.8 0.8 -0.8
v 0.8 0.8 -1.1
v 0.8 0.9 0.9
v 0.8 0.9 -0.2
v 0.8 0.9 -0.3
v 0.8 0.9 -1.9
v 0.8 1.3 1
v 0.8 1.3 -1.9
v 0.8 1.5 1
v 0.8 1.5 -1.9
v 0.9 0.2 2.9
v 0.9 0.2 2.8
v 0.9 0.2 1.8
v 0.9 0.2 1.7
v 0.9 0.4 2.9
v 0.9 0.4 2.8
v 0.9 0.4 1.8
v 0.9 0.4 1.7
v 0.9 0.5 2.9
v 0.9 0.5 2.8
v 0.9 0.5 1.8
v 0.9 0.5 1.7
v 0.9 0.9 1
v 0.9 0.9 -1.9
v 0.9 1.3 1
v 0.9 1.3 -1.9
v 1 0.2 1.6
v 1 0.2 1.5
v 1 0.2 1.2
v 1 0.2 1.1
v 1 0.2 0.9
v 1 0.2 0.8
v 1 0.3 1.6
v 1 0.3 1.5
v 1 0.3 1.2
v 1 0.3 1.1
v 1 0.3 0.9
v 1 0.4 1.1
v 1 0.4 0.8
v 1.1 0.2 1.1
v 1.1 0.2 0.9
v 1.1 0.3 1.1
v 1.1 0.3 0.9
v 1.3 0.2 1.3
v 1.3 0.2 1.2
v 1.3 0.3 1.3
v 1.3 0.3 1.2
v 2.9 0 6
v 2.9 0 5.3
v 2.9 0 -2.9
v 2.9 0.1 3.4
v 2.9 0.1 3.1
v 2.9 0.1 1.3
v 2.9 0.1 -2.5
v 2.9 0.2 6
v 2.9 0.2 5.3
v 2.9 0.2 3.4
v 2.9 0.2 3.1
v 2.9 0.2 1.3
v 2.9 0.2 -2.5
v 2.9 0.2 -2.9
v -2.9 0 6
v -2.9 0.2 6
v -0.7 0 6
v -0.7 0.1 6
v -0.7 0.2 6
v -0.5 0 6
v -0.5 0.1 6
v -0.0999999 0 6
v -0.0999999 0.1 6
v 0.2 0 6
v 0.2 0.1 6
v 0.7 0 6
v 0.7 0.1 6
v 0.7 0.2 6
v 1.9 0 6
v 1.9 0.2 6
v 2.9 0 6
v 2.9 0.2 6
v 0.8 0.2 2.9
v 0.8 0.4 2.9
v 0.8 0.5 2.9
v 0.9 0.2 2.9
v 0.9 0.4 2.9
v 0.9 0.5 2.9
v -0.9 0.2 2.4
v -0.9 0.4 2.4
v -0.9 0.5 2.4
v -0.8 0.2 2.4
v -0.8 0.4 2.4
v -0.8 0.5 2.4
v 0.8 0.2 1.8
v 0.8 0.4 1.8
v 0.8 0.5 1.8
v 0.9 0.2 1.8
v 0.9 0.4 1.8
v 0.9 0.5 1.8
v -0.0999999 3.2 1.7
v -0.0999999 3.3 1.7
v 0.1 3.2 1.7
v 0.1 3.3 1.7
v -0.6 0.1 1.6
v -0.6 0.2 1.6
v -0.2 0.1 1.6
v -0.2 0.2 1.6
v -0.0999999 0.1 1.6
v -0.0999999 0.2 1.6
v 0.3 0.1 1.6
v 0.3 0.2 1.6
v 0.4 0.1 1.6
v 0.4 0.2 1.6
v 0.5 0.1 1.6
v 0.7 0.1 1.6
v 0.7 0.2 1.6
v 0.9 0.2 1.6
v 0.9 0.3 1.6
v 1 0.2 1.6
v 1 0.3 1.6
v -0.9 0.2 1.5
v -0.9 0.3 1.5
v -0.8 0.2 1.5
v -0.8 0.3 1.5
v -0.9 0.2 1.3
v -0.9 0.3 1.3
v -0.7 0.1 1.3
v -0.7 0.2 1.3
v -0.6 0.1 1.3
v -0.6 0.2 1.3
v -0.6 0.3 1.3
v -0.5 0.2 1.3
v -0.4 0.2 1.3
v -0.4 0.3 1.3
v -0.0999999 0.2 1.3
v -0.0999999 0.3 1.3
v -0.0999999 3.1 1.3
v -0.0999999 3.2 1.3
v 0.1 0.2 1.3
v 0.1 0.3 1.3
v 0.1 3.1 1.3
v 0.1 3.2 1.3
v 0.3 0.2 1.3
v 0.3 0.3 1.3
v 0.4 0.2 1.3
v 0.4 0.3 1.3
v 0.6 0.2 1.3
v 0.6 0.3 1.3
v 1.2 0.2 1.3
v 1.2 0.3 1.3
v 1.3 0.2 1.3
v 1.3 0.3 1.3
v -1.1 0.2 1.2
v -1.1 0.3 1.2
v -0.9 0.2 1.2
v -0.9 0.3 1.2
v -0.2 3.1 1.2
v -0.2 3.2 1.2
v -0.0999999 3.1 1.2
v -0.0999999 3.2 1.2
v 0.1 3.1 1.2
v 0.1 3.2 1.2
v 0.2 3.1 1.2
v 0.2 3.2 1.2
v 0.7 0.2 1.2
v 0.7 0.3 1.2
v 1 0.2 1.2
v 1 0.3 1.2
v -1 0.3 1.1
v -1 0.4 1.1
v -0.9 0.3 1.1
v -0.9 0.4 1.1
v -0.8 0.3 1.1
v -0.8 0.4 1.1
v -0.3 2.9 1.1
v -0.3 3 1.1
v -0.2 2.9 1.1
v -0.2 3 1.1
v -0.2 3.1 1.1
v -0.0999999 3 1.1
v -0.0999999 3.1 1.1
v 0.1 3 1.1
v 0.1 3.1 1.1
v 0.2 2.9 1.1
v 0.2 3 1.1
v 0.2 3.1 1.1
v 0.3 2.9 1.1
v 0.3 3 1.1
v 0.8 0.3 1.1
v 0.8 0.4 1.1
v 0.9 0.3 1.1
v 0.9 0.4 1.1
v 1 0.2 1.1
v 1 0.3 1.1
v 1 0.4 1.1
v 1.1 0.2 1.1
v 1.1 0.3 1.1
v -1.3 0.2 1
v -1.3 0.3 1
v -1.2 0.2 1
v -1.2 0.3 1
v -0.9 0.4 1
v -0.9 0.5 1
v -0.9 0.9 1
v -0.9 1.3 1
v -0.8 0.3 1
v -0.8 0.4 1
v -0.8 0.5 1
v -0.8 1.3 1
v -0.8 1.5 1
v -0.7 0.3 1
v -0.7 0.9 1
v -0.7 1.3 1
v -0.7 1.5 1
v -0.7 1.8 1
v -0.6 0.4 1
v -0.6 0.6 1
v -0.6 0.7 1
v -0.6 0.9 1
v -0.6 1.1 1
v -0.6 1.2 1
v -0.6 1.3 1
v -0.6 1.7 1
v -0.6 1.8 1
v -0.6 2.1 1
v -0.5 0.3 1
v -0.5 0.4 1
v -0.5 0.6 1
v -0.5 0.7 1
v -0.5 0.9 1
v -0.5 1.1 1
v -0.5 1.2 1
v -0.5 1.4 1
v -0.5 1.5 1
v -0.5 1.6 1
v -0.5 1.7 1
v -0.5 2 1
v -0.5 2.1 1
v -0.5 2.4 1
v -0.4 1.4 1
v -0.4 1.5 1
v -0.4 1.6 1
v -0.4 1.7 1
v -0.4 2 1
v -0.4 2.3 1
v -0.4 2.4 1
v -0.4 2.7 1
v -0.3 0.3 1
v -0.3 0.4 1
v -0.3 1.6 1
v -0.3 1.7 1
v -0.3 1.8 1
v -0.3 2.3 1
v -0.3 2.5 1
v -0.3 2.7 1
v -0.3 2.9 1
v -0.2 1.7 1
v -0.2 1.8 1
v -0.2 2.5 1
v -0.2 2.7 1
v -0.2 2.9 1
v -0.2 3 1
v -0.0999999 1.7 1
v -0.0999999 1.8 1
v -0.0999999 2.7 1
v -0.0999999 3 1
v -0.0999999 3.1 1
v 0 0.3 1
v 0 0.4 1
v 0.1 0.3 1
v 0.1 0.4 1
v 0.1 1.7 1
v 0.1 1.8 1
v 0.1 2.7 1
v 0.1 3 1
v 0.1 3.1 1
v 0.2 0.3 1
v 0.2 0.4 1
v 0.2 1.7 1
v 0.2 1.8 1
v 0.2 2.5 1
v 0.2 2.7 1
v 0.2 2.9 1
v 0.2 3 1
v 0.3 0.3 1
v 0.3 0.4 1
v 0.3 1.6 1
v 0.3 1.7 1
v 0.3 1.8 1
v 0.3 2.3 1
v 0.3 2.5 1
v 0.3 2.7 1
v 0.3 2.9 1
v 0.4 1.4 1
v 0.4 1.5 1
v 0.4 1.6 1
v 0.4 1.7 1
v 0.4 2 1
v 0.4 2.3 1
v 0.4 2.4 1
v 0.4 2.7 1
v 0.5 0.4 1
v 0.5 0.6 1
v 0.5 0.7 1
v 0.5 0.9 1
v 0.5 1.1 1
v 0.5 1.2 1
v 0.5 1.4 1
v 0.5 1.5 1
v 0.5 1.6 1
v 0.5 1.7 1
v 0.5 2 1
v 0.5 2.1 1
v 0.5 2.4 1
v 0.6 0.2 1
v 0.6 0.3 1
v 0.6 0.4 1
v 0.6 0.6 1
v 0.6 0.7 1
v 0.6 0.9 1
v 0.6 1.1 1
v 0.6 1.2 1
v 0.6 1.3 1
v 0.6 1.7 1
v 0.6 1.8 1
v 0.6 2.1 1
v 0.7 0.2 1
v 0.7 0.3 1
v 0.7 0.4 1
v 0.7 0.9 1
v 0.7 1.3 1
v 0.7 1.5 1
v 0.7 1.8 1
v 0.8 0.3 1
v 0.8 0.4 1
v 0.8 1.3 1
v 0.8 1.5 1
v 0.9 0.9 1
v 0.9 1.3 1
v -0.8 0.4 0.9
v -0.8 0.5 0.9
v -0.8 0.6 0.9
v -0.8 0.7 0.9
v -0.8 0.9 0.9
v -0.7 0.6 0.9
v -0.7 0.7 0.9
v -0.7 0.9 0.9
v -0.7 1.3 0.9
v -0.6 0.4 0.9
v -0.6 0.6 0.9
v -0.6 0.7 0.9
v -0.6 0.9 0.9
v -0.6 1.1 0.9
v -0.6 1.2 0.9
v -0.6 1.3 0.9
v -0.6 1.7 0.9
v -0.5 0.9 0.9
v -0.5 1.1 0.9
v -0.5 1.2 0.9
v -0.5 1.4 0.9
v -0.5 1.5 0.9
v -0.5 1.6 0.9
v -0.5 1.7 0.9
v -0.5 1.8 0.9
v -0.5 1.9 0.9
v -0.5 2 0.9
v -0.4 1.6 0.9
v -0.4 1.7 0.9
v -0.4 1.8 0.9
v -0.4 1.9 0.9
v -0.4 2 0.9
v -0.4 2.2 0.9
v -0.4 2.3 0.9
v -0.3 1.7 0.9
v -0.3 1.8 0.9
v -0.3 1.9 0.9
v -0.3 2 0.9
v -0.3 2.1 0.9
v -0.3 2.3 0.9
v -0.3 2.5 0.9
v -0.2 0.9 0.9
v -0.2 1 0.9
v -0.2 1.8 0.9
v -0.2 2.2 0.9
v -0.2 2.3 0.9
v -0.2 2.5 0.9
v -0.2 2.6 0.9
v -0.2 2.7 0.9
v -0.0999999 0.9 0.9
v -0.0999999 1 0.9
v -0.0999999 1.8 0.9
v -0.0999999 2.2 0.9
v -0.0999999 2.3 0.9
v -0.0999999 2.4 0.9
v -0.0999999 2.6 0.9
v -0.0999999 2.7 0.9
v -0.0999999 2.9 0.9
v -0.0999999 3 0.9
v 0.1 1.8 0.9
v 0.1 2.2 0.9
v 0.1 2.3 0.9
v 0.1 2.4 0.9
v 0.1 2.6 0.9
v 0.1 2.7 0.9
v 0.1 2.9 0.9
v 0.1 3 0.9
v 0.2 0.9 0.9
v 0.2 1 0.9
v 0.2 1.8 0.9
v 0.2 2.2 0.9
v 0.2 2.3 0.9
v 0.2 2.5 0.9
v 0.2 2.6 0.9
v 0.2 2.7 0.9
v 0.3 0.9 0.9
v 0.3 1 0.9
v 0.3 1.7 0.9
v 0.3 1.8 0.9
v 0.3 1.9 0.9
v 0.3 2 0.9
v 0.3 2.1 0.9
v 0.3 2.3 0.9
v 0.3 2.5 0.9
v 0.4 1.6 0.9
v 0.4 1.7 0.9
v 0.4 1.8 0.9
v 0.4 1.9 0.9
v 0.4 2 0.9
v 0.4 2.2 0.9
v 0.4 2.3 0.9
v 0.5 0.9 0.9
v 0.5 1.1 0.9
v 0.5 1.2 0.9
v 0.5 1.4 0.9
v 0.5 1.5 0.9
v 0.5 1.6 0.9
v 0.5 1.7 0.9
v 0.5 1.8 0.9
v 0.5 1.9 0.9
v 0.5 2 0.9
v 0.6 0.4 0.9
v 0.6 0.6 0.9
v 0.6 0.7 0.9
v 0.6 0.9 0.9
v 0.6 1.1 0.9
v 0.6 1.2 0.9
v 0.6 1.3 0.9
v 0.6 1.7 0.9
v 0.7 0.4 0.9
v 0.7 0.6 0.9
v 0.7 0.7 0.9
v 0.7 0.9 0.9
v 0.7 1.3 0.9
v 0.8 0.4 0.9
v 0.8 0.6 0.9
v 0.8 0.7 0.9
v 0.8 0.9 0.9
v -1.3 0.5 0.8
v -1.3 1.1 0.8
v -1.2 0.9 0.8
v -1.2 1.1 0.8
v -1.2 1.2 0.8
v -1 0.7 0.8
v -1 0.8 0.8
v -1 0.9 0.8
v -1 1.2 0.8
v -0.9 0.3 0.8
v -0.9 0.4 0.8
v -0.9 0.7 0.8
v -0.9 0.8 0.8
v -0.9 0.9 0.8
v -0.9 1.2 0.8
v -0.8 0.3 0.8
v -0.8 0.4 0.8
v -0.8 0.5 0.8
v -0.8 0.6 0.8
v -0.8 0.7 0.8
v -0.8 0.9 0.8
v -0.5 0.4 0.8
v -0.5 1.4 0.8
v -0.4 1.4 0.8
v -0.4 1.6 0.8
v -0.3 1.6 0.8
v -0.3 1.7 0.8
v -0.2 0.4 0.8
v -0.2 0.9 0.8
v -0.2 1 0.8
v -0.0999999 0.9 0.8
v -0.0999999 1 0.8
v -0.0999999 2.4 0.8
v -0.0999999 2.5 0.8
v -0.0999999 2.6 0.8
v 0 0.4 0.8
v 0 1.7 0.8
v 0.1 0.4 0.8
v 0.1 1.7 0.8
v 0.1 2.4 0.8
v 0.1 2.5 0.8
v 0.1 2.6 0.8
v 0.2 0.9 0.8
v 0.2 1 0.8
v 0.3 0.9 0.8
v 0.3 1 0.8
v 0.3 1.6 0.8
v 0.3 1.7 0.8
v 0.4 1.4 0.8
v 0.4 1.6 0.8
v 0.5 0.4 0.8
v 0.5 1.4 0.8
v -1.3 1.1 0.7
v -1.3 1.2 0.7
v -1.2 0.2 0.7
v -1.2 0.5 0.7
v -1.2 1.1 0.7
v -1.2 1.2 0.7
v -1.1 0.2 0.7
v -1.1 0.3 0.7
v -1 0.4 0.7
v -1 0.5 0.7
v -0.9 0.3 0.7
v -0.9 0.4 0.7
v -0.9 0.5 0.7
v -0.8 0.4 0.7
v -0.8 0.5 0.7
v -0.2 3.9 -0.2
v -0.2 4.1 -0.2
v -0.0999999 4 -0.2
v -0.0999999 4.1 -0.2
v 0.1 4 -0.2
v 0.1 4.1 -0.2
v 0.2 3.9 -0.2
v 0.2 4.1 -0.2
v -0.3 3.9 -0.3
v -0.3 4.1 -0.3
v -0.2 3.2 -0.3
v -0.2 3.5 -0.3
v -0.2 3.6 -0.3
v -0.2 3.7 -0.3
v -0.2 3.8 -0.3
v -0.2 3.9 -0.3
v -0.2 4.1 -0.3
v -0.2 4.6 -0.3
v -0.2 4.7 -0.3
v -0.0999999 3.2 -0.3
v -0.0999999 3.3 -0.3
v -0.0999999 4 -0.3
v -0.0999999 4.1 -0.3
v -0.0999999 4.6 -0.3
v -0.0999999 4.7 -0.3
v -0.0999999 4.8 -0.3
v 0.1 3.2 -0.3
v 0.1 3.3 -0.3
v 0.1 4 -0.3
v 0.1 4.1 -0.3
v 0.1 4.6 -0.3
v 0.1 4.7 -0.3
v 0.1 4.8 -0.3
v 0.2 3.2 -0.3
v 0.2 3.5 -0.3
v 0.2 3.6 -0.3
v 0.2 3.7 -0.3
v 0.2 3.8 -0.3
v 0.2 3.9 -0.3
v 0.2 4.1 -0.3
v 0.2 4.6 -0.3
v 0.2 4.7 -0.3
v 0.3 3.9 -0.3
v 0.3 4.1 -0.3
v -0.4 3.9 -0.4
v -0.4 4.1 -0.4
v -0.3 3 -0.4
v -0.3 3.5 -0.4
v -0.3 3.6 -0.4
v -0.3 3.7 -0.4
v -0.3 3.8 -0.4
v -0.3 3.9 -0.4
v -0.3 4.1 -0.4
v -0.3 4.6 -0.4
v -0.3 4.7 -0.4
v -0.2 3 -0.4
v -0.2 3.5 -0.4
v -0.2 3.6 -0.4
v -0.2 3.7 -0.4
v -0.2 3.8 -0.4
v -0.2 3.9 -0.4
v -0.2 4.1 -0.4
v -0.2 4.6 -0.4
v -0.2 4.7 -0.4
v -0.2 4.8 -0.4
v -0.0999999 4.1 -0.4
v -0.0999999 4.5 -0.4
v -0.0999999 4.6 -0.4
v -0.0999999 4.7 -0.4
v -0.0999999 4.8 -0.4
v -0.0999999 4.9 -0.4
v 0.1 4.1 -0.4
v 0.1 4.5 -0.4
v 0.1 4.6 -0.4
v 0.1 4.7 -0.4
v 0.1 4.8 -0.4
v 0.1 4.9 -0.4
v 0.2 3 -0.4
v 0.2 3.5 -0.4
v 0.2 3.6 -0.4
v 0.2 3.7 -0.4
v 0.2 3.8 -0.4
v 0.2 3.9 -0.4
v 0.2 4.1 -0.4
v 0.2 4.6 -0.4
v 0.2 4.7 -0.4
v 0.2 4.8 -0.4
v 0.3 3 -0.4
v 0.3 3.5 -0.4
v 0.3 3.6 -0.4
v 0.3 3.7 -0.4
v 0.3 3.8 -0.4
v 0.3 3.9 -0.4
v 0.3 4.1 -0.4
v 0.3 4.6 -0.4
v 0.3 4.7 -0.4
v 0.4 3.9 -0.4
v 0.4 4.1 -0.4
v -0.0999999 4.4 -0.5
v -0.0999999 4.5 -0.5
v -0.0999999 4.6 -0.5
v -0.0999999 4.7 -0.5
v 0.1 4.4 -0.5
v 0.1 4.5 -0.5
v 0.1 4.6 -0.5
v 0.1 4.7 -0.5
v -0.2 5.4 -0.6
v -0.2 5.6 -0.6
v -0.0999999 4.9 -0.6
v -0.0999999 5.4 -0.6
v -0.0999999 5.6 -0.6
v -0.0999999 5.8 -0.6
v 0.1 4.9 -0.6
v 0.1 5.4 -0.6
v 0.1 5.6 -0.6
v 0.1 5.8 -0.6
v 0.2 5.4 -0.6
v 0.2 5.6 -0.6
v -0.4 4 -0.7
v -0.4 4.1 -0.7
v -0.3 4 -0.7
v -0.3 4.1 -0.7
v -0.2 4.1 -0.7
v -0.2 4.5 -0.7
v -0.0999999 4.1 -0.7
v -0.0999999 4.4 -0.7
v -0.0999999 4.5 -0.7
v 0.1 4.1 -0.7
v 0.1 4.4 -0.7
v 0.1 4.5 -0.7
v 0.2 4.1 -0.7
v 0.2 4.5 -0.7
v 0.3 4 -0.7
v 0.3 4.1 -0.7
v 0.4 4 -0.7
v 0.4 4.1 -0.7
v 0.8 0.2 2.8
v 0.8 0.4 2.8
v 0.8 0.5 2.8
v 0.9 0.2 2.8
v 0.9 0.4 2.8
v 0.9 0.5 2.8
v -0.9 0.2 2.3
v -0.9 0.4 2.3
v -0.9 0.5 2.3
v -0.8 0.2 2.3
v -0.8 0.4 2.3
v -0.8 0.5 2.3
v 0.8 0.2 1.7
v 0.8 0.4 1.7
v 0.8 0.5 1.7
v 0.9 0.2 1.7
v 0.9 0.4 1.7
v 0.9 0.5 1.7
v 0.9 0.2 1.5
v 0.9 0.3 1.5
v 1 0.2 1.5
v 1 0.3 1.5
v -0.9 0.2 1.4
v -0.9 0.3 1.4
v -0.8 0.2 1.4
v -0.8 0.3 1.4
v 1.2 0.2 1.2
v 1.2 0.3 1.2
v 1.3 0.2 1.2
v 1.3 0.3 1.2
v -1.3 0.2 0.9
v -1.3 0.3 0.9
v -1.2 0.2 0.9
v -1.2 0.3 0.9
v -1 0.3 0.9
v -1 0.4 0.9
v -0.9 0.3 0.9
v -0.9 0.4 0.9
v -0.9 0.5 0.9
v -0.8 0.3 0.9
v -0.8 0.4 0.9
v -0.8 0.5 0.9
v 1 0.2 0.9
v 1 0.3 0.9
v 1.1 0.2 0.9
v 1.1 0.3 0.9
v 0.8 0.2 0.8
v 0.8 0.4 0.8
v 1 0.2 0.8
v 1 0.4 0.8
v -0.4 4 -0.5
v -0.4 4.1 -0.5
v -0.3 4 -0.5
v -0.3 4.1 -0.5
v -0.2 4.1 -0.5
v -0.2 4.5 -0.5
v -0.0999999 4.1 -0.5
v -0.0999999 4.4 -0.5
v -0.0999999 4.5 -0.5
v 0.1 4.1 -0.5
v 0.1 4.4 -0.5
v 0.1 4.5 -0.5
v 0.2 4.1 -0.5
v 0.2 4.5 -0.5
v 0.3 4 -0.5
v 0.3 4.1 -0.5
v 0.4 4 -0.5
v 0.4 4.1 -0.5
v -0.2 5.4 -0.7
v -0.2 5.6 -0.7
v -0.0999999 4.4 -0.7
v -0.0999999 4.5 -0.7
v -0.0999999 4.6 -0.7
v -0.0999999 4.7 -0.7
v -0.0999999 4.9 -0.7
v -0.0999999 5.4 -0.7
v -0.0999999 5.6 -0.7
v -0.0999999 5.8 -0.7
v 0.1 4.4 -0.7
v 0.1 4.5 -0.7
v 0.1 4.6 -0.7
v 0.1 4.7 -0.7
v 0.1 4.9 -0.7
v 0.1 5.4 -0.7
v 0.1 5.6 -0.7
v 0.1 5.8 -0.7
v 0.2 5.4 -0.7
v 0.2 5.6 -0.7
v -0.4 3.9 -0.8
v -0.4 4.1 -0.8
v -0.3 3 -0.8
v -0.3 3.5 -0.8
v -0.3 3.6 -0.8
v -0.3 3.7 -0.8
v -0.3 3.8 -0.8
v -0.3 3.9 -0.8
v -0.3 4.1 -0.8
v -0.3 4.6 -0.8
v -0.3 4.7 -0.8
v -0.2 3 -0.8
v -0.2 3.5 -0.8
v -0.2 3.6 -0.8
v -0.2 3.7 -0.8
v -0.2 3.8 -0.8
v -0.2 3.9 -0.8
v -0.2 4.1 -0.8
v -0.2 4.6 -0.8
v -0.2 4.7 -0.8
v -0.2 4.8 -0.8
v -0.0999999 4.1 -0.8
v -0.0999999 4.5 -0.8
v -0.0999999 4.6 -0.8
v -0.0999999 4.7 -0.8
v -0.0999999 4.8 -0.8
v -0.0999999 4.9 -0.8
v 0.1 4.1 -0.8
v 0.1 4.5 -0.8
v 0.1 4.6 -0.8
v 0.1 4.7 -0.8
v 0.1 4.8 -0.8
v 0.1 4.9 -0.8
v 0.2 3 -0.8
v 0.2 3.5 -0.8
v 0.2 3.6 -0.8
v 0.2 3.7 -0.8
v 0.2 3.8 -0.8
v 0.2 3.9 -0.8
v 0.2 4.1 -0.8
v 0.2 4.6 -0.8
v 0.2 4.7 -0.8
v 0.2 4.8 -0.8
v 0.3 3 -0.8
v 0.3 3.5 -0.8
v 0.3 3.6 -0.8
v 0.3 3.7 -0.8
v 0.3 3.8 -0.8
v 0.3 3.9 -0.8
v 0.3 4.1 -0.8
v 0.3 4.6 -0.8
v 0.3 4.7 -0.8
v 0.4 3.9 -0.8
v 0.4 4.1 -0.8
v -0.3 3.9 -0.9
v -0.3 4.1 -0.9
v -0.2 3.2 -0.9
v -0.2 3.5 -0.9
v -0.2 3.6 -0.9
v -0.2 3.7 -0.9
v -0.2 3.8 -0.9
v -0.2 3.9 -0.9
v -0.2 4.1 -0.9
v -0.2 4.6 -0.9
v -0.2 4.7 -0.9
v -0.0999999 3.2 -0.9
v -0.0999999 3.3 -0.9
v -0.0999999 4 -0.9
v -0.0999999 4.1 -0.9
v -0.0999999 4.6 -0.9
v -0.0999999 4.7 -0.9
v -0.0999999 4.8 -0.9
v 0.1 3.2 -0.9
v 0.1 3.3 -0.9
v 0.1 4 -0.9
v 0.1 4.1 -0.9
v 0.1 4.6 -0.9
v 0.1 4.7 -0.9
v 0.1 4.8 -0.9
v 0.2 3.2 -0.9
v 0.2 3.5 -0.9
v 0.2 3.6 -0.9
v 0.2 3.7 -0.9
v 0.2 3.8 -0.9
v 0.2 3.9 -0.9
v 0.2 4.1 -0.9
v 0.2 4.6 -0.9
v 0.2 4.7 -0.9
v 0.3 3.9 -0.9
v 0.3 4.1 -0.9
v -0.2 3.9 -1
v -0.2 4.1 -1
v -0.0999999 4 -1
v -0.0999999 4.1 -1
v 0.1 4 -1
v 0.1 4.1 -1
v 0.2 3.9 -1
v 0.2 4.1 -1
v -1.3 1.1 -1.5
v -1.3 1.2 -1.5
v -1.2 1.1 -1.5
v -1.2 1.2 -1.5
v -1.3 0.5 -1.6
v -1.3 0.6 -1.6
v -1.3 0.7 -1.6
v -1.3 1 -1.6
v -1.3 1.1 -1.6
v -1.2 0.2 -1.6
v -1.2 0.5 -1.6
v -1.2 0.6 -1.6
v -1.2 0.7 -1.6
v -1.2 0.9 -1.6
v -1.2 1 -1.6
v -1.2 1.1 -1.6
v -1.2 1.2 -1.6
v -1 0.4 -1.6
v -1 0.5 -1.6
v -0.9 0.4 -1.6
v -0.9 0.5 -1.6
v -0.9 0.9 -1.6
v -0.9 1.2 -1.6
v -0.8 0.2 -1.6
v -0.8 0.3 -1.6
v -0.8 0.5 -1.6
v -0.8 0.7 -1.6
v -0.8 0.9 -1.6
v -0.9 0.9 -1.9
v -0.9 1.3 -1.9
v -0.8 0.2 -1.9
v -0.8 0.3 -1.9
v -0.8 0.5 -1.9
v -0.8 0.9 -1.9
v -0.8 1.2 -1.9
v -0.8 1.3 -1.9
v -0.8 1.5 -1.9
v -0.7 0.3 -1.9
v -0.7 0.5 -1.9
v -0.7 1.2 -1.9
v -0.7 1.4 -1.9
v -0.7 1.5 -1.9
v -0.7 1.8 -1.9
v -0.6 1.4 -1.9
v -0.6 1.7 -1.9
v -0.6 1.8 -1.9
v -0.6 2.1 -1.9
v -0.5 1.7 -1.9
v -0.5 2 -1.9
v -0.5 2.1 -1.9
v -0.5 2.4 -1.9
v -0.4 2 -1.9
v -0.4 2.3 -1.9
v -0.4 2.4 -1.9
v -0.4 2.7 -1.9
v -0.3 2.3 -1.9
v -0.3 2.6 -1.9
v -0.3 2.7 -1.9
v -0.3 3 -1.9
v -0.2 2.6 -1.9
v -0.2 2.9 -1.9
v -0.2 3 -1.9
v -0.2 3.2 -1.9
v -0.0999999 2.9 -1.9
v -0.0999999 3 -1.9
v -0.0999999 3.2 -1.9
v -0.0999999 3.3 -1.9
v 0.1 2.9 -1.9
v 0.1 3 -1.9
v 0.1 3.2 -1.9
v 0.1 3.3 -1.9
v 0.2 2.6 -1.9
v 0.2 2.9 -1.9
v 0.2 3 -1.9
v 0.2 3.2 -1.9
v 0.3 2.3 -1.9
v 0.3 2.6 -1.9
v 0.3 2.7 -1.9
v 0.3 3 -1.9
v 0.4 2 -1.9
v 0.4 2.3 -1.9
v 0.4 2.4 -1.9
v 0.4 2.7 -1.9
v 0.5 1.7 -1.9
v 0.5 2 -1.9
v 0.5 2.1 -1.9
v 0.5 2.4 -1.9
v 0.6 1.4 -1.9
v 0.6 1.7 -1.9
v 0.6 1.8 -1.9
v 0.6 2.1 -1.9
v 0.7 0.3 -1.9
v 0.7 0.5 -1.9
v 0.7 1.2 -1.9
v 0.7 1.4 -1.9
v 0.7 1.5 -1.9
v 0.7 1.8 -1.9
v 0.8 0.2 -1.9
v 0.8 0.3 -1.9
v 0.8 0.5 -1.9
v 0.8 0.9 -1.9
v 0.8 1.2 -1.9
v 0.8 1.3 -1.9
v 0.8 1.5 -1.9
v 0.9 0.9 -1.9
v 0.9 1.3 -1.9
v -2.9 0 -2.9
v -2.9 0.2 -2.9
v -1.4 0.1 -2.9
v -1.4 0.2 -2.9
v -1.3 0.1 -2.9
v -1.3 0.2 -2.9
v 1 0 -2.9
v 1 0.2 -2.9
v 2.7 0 -2.9
v 2.7 0.2 -2.9
v 2.9 0 -2.9
v 2.9 0.2 -2.9
v -2.9 0 6
v -0.7 0 6
v -0.5 0 6
v -0.0999999 0 6
v 0.2 0 6
v 0.7 0 6
v 1.9 0 6
v 2.9 0 6
v -2.8 0 5.9
v -0.7 0 5.9
v -0.6 0 5.9
v -0.5 0 5.9
v -0.0999999 0 5.9
v 0 0 5.9
v 0.7 0 5.9
v 1.9 0 5.9
v -2.9 0 5.8
v -2.8 0 5.8
v -1.5 0 5.8
v -0.6 0 5.8
v -0.5 0 5.8
v 0 0 5.8
v 0.1 0 5.8
v 0.2 0 5.8
v 0.3 0 5.8
v -0.6 0 5.7
v -0.5 0 5.7
v 0.2 0 5.7
v 0.3 0 5.7
v -2.9 0 5.6
v -2.7 0 5.6
v -0.6 0 5.6
v -0.5 0 5.6
v -0.2 0 5.6
v -0.0999999 0 5.6
v 0.2 0 5.6
v 0.3 0 5.6
v -0.7 0 5.5
v -0.5 0 5.5
v -0.3 0 5.5
v -0.2 0 5.5
v 0.1 0 5.5
v 0.3 0 5.5
v 0.6 0 5.5
v -2.9 0 5.4
v -2.7 0 5.4
v -0.7 0 5.4
v -0.5 0 5.4
v -0.3 0 5.4
v -0.0999999 0 5.4
v 0 0 5.4
v 0.2 0 5.4
v 0.3 0 5.4
v 0.5 0 5.4
v 0.6 0 5.4
v 0.7 0 5.4
v -0.5 0 5.3
v -0.4 0 5.3
v -0.0999999 0 5.3
v 0 0 5.3
v 0.4 0 5.3
v 0.5 0 5.3
v 0.7 0 5.3
v 1.9 0 5.3
v 2.8 0 5.3
v 2.9 0 5.3
v 0.3 0 5.2
v 0.4 0 5.2
v 0.5 0 5.2
v -0.7 0 5.1
v -0.6 0 5.1
v 0.2 0 5.1
v 0.4 0 5.1
v -0.7 0 5
v -0.6 0 5
v -0.5 0 5
v -0.4 0 5
v 0.4 0 5
v 0.5 0 5
v -0.3 0 4.9
v 0 0 4.9
v 0.5 0 4.9
v 0.7 0 4.9
v -0.6 0 4.8
v -0.5 0 4.8
v -0.4 0 4.8
v -0.3 0 4.8
v -0.0999999 0 4.8
v 0 0 4.8
v 0.1 0 4.8
v 0.2 0 4.8
v 0.4 0 4.8
v 0.5 0 4.8
v 0.7 0 4.8
v 2.7 0 4.8
v 2.8 0 4.8
v -0.4 0 4.7
v -0.3 0 4.7
v -0.0999999 0 4.7
v 0 0 4.7
v 0.1 0 4.7
v 0.3 0 4.7
v 0.5 0 4.7
v 0.6 0 4.7
v 0.7 0 4.7
v -0.6 0 4.6
v -0.4 0 4.6
v 0.1 0 4.6
v 0.2 0 4.6
v 0.5 0 4.6
v 0.6 0 4.6
v 0.7 0 4.6
v -0.5 0 4.5
v -0.4 0 4.5
v -0.3 0 4.5
v -0.0999999 0 4.5
v 0 0 4.5
v 0.1 0 4.5
v 0.2 0 4.5
v 0.3 0 4.5
v -0.7 0 4.4
v -0.6 0 4.4
v -0.5 0 4.4
v 0.5 0 4.4
v 0.7 0 4.4
v -2.9 0 4.3
v -2.8 0 4.3
v -1.5 0 4.3
v -0.0999999 0 4.3
v 0 0 4.3
v 0.1 0 4.3
v 0.2 0 4.3
v 0.4 0 4.3
v 0.7 0 4.3
v -0.6 0 4.2
v -0.4 0 4.2
v 0 0 4.2
v 0.1 0 4.2
v 0.2 0 4.2
v 0.4 0 4.2
v 0.5 0 4.2
v 0.7 0 4.2
v -0.7 0 4.1
v -0.6 0 4.1
v -0.5 0 4.1
v -0.3 0 4.1
v -0.2 0 4.1
v 0.4 0 4.1
v 0.5 0 4.1
v 0.7 0 4.1
v -0.7 0 4
v -0.6 0 4
v -0.5 0 4
v -0.4 0 4
v -0.3 0 4
v 0.1 0 4
v 0.2 0 4
v 0.4 0 4
v 0.6 0 4
v 0.7 0 4
v -0.7 0 3.9
v -0.6 0 3.9
v -0.5 0 3.9
v -0.3 0 3.9
v -0.2 0 3.9
v -0.0999999 0 3.9
v 0.1 0 3.9
v 0.3 0 3.9
v 0.4 0 3.9
v 0.6 0 3.9
v 0.7 0 3.9
v -0.3 0 3.8
v -0.2 0 3.8
v -0.0999999 0 3.8
v 0 0 3.8
v 0.2 0 3.8
v 0.6 0 3.8
v 0.7 0 3.8
v -0.7 0 3.7
v -0.6 0 3.7
v -0.5 0 3.7
v -0.3 0 3.7
v 0.1 0 3.7
v 0.2 0 3.7
v -0.7 0 3.6
v -0.6 0 3.6
v -0.4 0 3.6
v -0.2 0 3.6
v 0.1 0 3.6
v 0.2 0 3.6
v 0.3 0 3.6
v 0.6 0 3.6
v -0.7 0 3.5
v -0.4 0 3.5
v 0.2 0 3.5
v 0.3 0 3.5
v 0.4 0 3.5
v 0.6 0 3.5
v -0.3 0 3.4
v -0.2 0 3.4
v 0.1 0 3.4
v 0.2 0 3.4
v 0.3 0 3.4
v -0.5 0 3.3
v -0.4 0 3.3
v 0.1 0 3.3
v 0.2 0 3.3
v 0.4 0 3.3
v 0.6 0 3.3
v 0.7 0 3.3
v -0.3 0 3.2
v -0.2 0 3.2
v -0.0999999 0 3.2
v 0.5 0 3.2
v 0.6 0 3.2
v 0.7 0 3.2
v -0.5 0 3.1
v -0.4 0 3.1
v -0.2 0 3.1
v -0.0999999 0 3.1
v 0 0 3.1
v 0.1 0 3.1
v 0.3 0 3.1
v 0.5 0 3.1
v 0.7 0 3.1
v -0.3 0 3
v 0 0 3
v 0.1 0 3
v 0.3 0 3
v -0.7 0 2.9
v -0.5 0 2.9
v -0.3 0 2.9
v 0.4 0 2.9
v 0.5 0 2.9
v -0.5 0 2.8
v -0.4 0 2.8
v 0.1 0 2.8
v 0.2 0 2.8
v -0.5 0 2.7
v -0.4 0 2.7
v -0.2 0 2.7
v -0.0999999 0 2.7
v 0 0 2.7
v 0.1 0 2.7
v 0.2 0 2.7
v 0.3 0 2.7
v 0.5 0 2.7
v 0.7 0 2.7
v 0.3 0 2.6
v 0.4 0 2.6
v 0.5 0 2.6
v 0.7 0 2.6
v -0.7 0 2.5
v -0.6 0 2.5
v -0.5 0 2.5
v -0.2 0 2.5
v -0.0999999 0 2.5
v -0.6 0 2.4
v -0.4 0 2.4
v -0.2 0 2.4
v -0.0999999 0 2.4
v 0 0 2.4
v 0.5 0 2.4
v 0.6 0 2.4
v -0.7 0 2.3
v -0.6 0 2.3
v -0.0999999 0 2.3
v 0 0 2.3
v 0.5 0 2.3
v 0.6 0 2.3
v -0.7 0 2.2
v -0.6 0 2.2
v -0.5 0 2.2
v -0.4 0 2.2
v -0.2 0 2.2
v -0.0999999 0 2.2
v -0.5 0 2.1
v -0.2 0 2.1
v -0.0999999 0 2.1
v 0 0 2.1
v 0.1 0 2.1
v 0.3 0 2.1
v 0.5 0 2.1
v 0.7 0 2.1
v -0.4 0 2
v -0.2 0 2
v 0.1 0 2
v 0.2 0 2
v 0.3 0 2
v 0.4 0 2
v 0.5 0 2
v -0.7 0 1.9
v -0.6 0 1.9
v -0.5 0 1.9
v -0.4 0 1.9
v -0.2 0 1.9
v 0.2 0 1.9
v 0.3 0 1.9
v 0.4 0 1.9
v -0.6 0 1.8
v -0.5 0 1.8
v -0.4 0 1.8
v -0.3 0 1.8
v -0.0999999 0 1.8
v 0 0 1.8
v 0.1 0 1.8
v 0.3 0 1.8
v -0.3 0 1.7
v -0.2 0 1.7
v -0.0999999 0 1.7
v 0.3 0 1.7
v 0.4 0 1.7
v 0.5 0 1.7
v 0.7 0 1.7
v -0.7 0 1.6
v -0.2 0 1.6
v 0.5 0 1.6
v 0.7 0 1.6
v -0.0999999 0 1.4
v 0.3 0 1.4
v -0.7 0 1.3
v 0.7 0 1.3
v 1 0 -1.6
v 2.7 0 -1.6
v -2.8 0 -1.9
v 1 0 -1.9
v -2.9 0 -2.9
v 1 0 -2.9
v 2.7 0 -2.9
v 2.9 0 -2.9
v -1.3 0.5 0.8
v -0.8 0.5 0.8
v -1.2 0.5 0.7
v -1 0.5 0.7
v -0.9 0.5 0.7
v -0.8 0.5 0.7
v -1.3 0.5 0.6
v -1.2 0.5 0.6
v -1.3 0.5 0.5
v -1.2 0.5 0.5
v -1.3 0.5 -0.3
v -1.2 0.5 -0.3
v -1.2 0.5 -0.4
v -1.2 0.5 -0.6
v -1.2 0.5 -0.7
v -1.2 0.5 -1.2
v -1.3 0.5 -1.3
v -1.2 0.5 -1.3
v -1.3 0.5 -1.4
v -1.2 0.5 -1.4
v -1.2 0.5 -1.5
v -1.3 0.5 -1.6
v -1.2 0.5 -1.6
v -0.9 0.9 1
v -0.7 0.9 1
v 0.7 0.9 1
v 0.9 0.9 1
v -0.8 0.9 0.9
v -0.7 0.9 0.9
v -0.2 0.9 0.9
v -0.0999999 0.9 0.9
v 0.2 0.9 0.9
v 0.3 0.9 0.9
v 0.7 0.9 0.9
v 0.8 0.9 0.9
v -0.9 0.9 0.8
v -0.8 0.9 0.8
v -0.2 0.9 0.8
v -0.0999999 0.9 0.8
v 0.2 0.9 0.8
v 0.3 0.9 0.8
v 0.8 0.9 -0.2
v 0.8 0.9 -0.3
v -0.9 0.9 -1.6
v -0.8 0.9 -1.6
v -0.9 0.9 -1.9
v -0.8 0.9 -1.9
v 0.8 0.9 -1.9
v 0.9 0.9 -1.9
v -0.6 1.1 1
v -0.5 1.1 1
v 0.5 1.1 1
v 0.6 1.1 1
v -0.6 1.1 0.9
v -0.5 1.1 0.9
v 0.5 1.1 0.9
v 0.6 1.1 0.9
v -0.7 1.3 1
v -0.6 1.3 1
v 0.6 1.3 1
v 0.7 1.3 1
v -0.7 1.3 0.9
v -0.6 1.3 0.9
v 0.6 1.3 0.9
v 0.7 1.3 0.9
v -0.5 1.4 1
v -0.4 1.4 1
v 0.4 1.4 1
v 0.5 1.4 1
v -0.5 1.4 0.9
v 0.5 1.4 0.9
v -0.5 1.4 0.8
v -0.4 1.4 0.8
v 0.4 1.4 0.8
v 0.5 1.4 0.8
v -0.4 1.6 1
v -0.3 1.6 1
v 0.3 1.6 1
v 0.4 1.6 1
v -0.4 1.6 0.9
v -0.3 1.6 0.9
v 0.3 1.6 0.9
v 0.4 1.6 0.9
v -0.4 1.6 0.8
v -0.3 1.6 0.8
v 0.3 1.6 0.8
v 0.4 1.6 0.8
v -0.6 1.7 1
v -0.5 1.7 1
v -0.3 1.7 1
v -0.2 1.7 1
v -0.0999999 1.7 1
v 0.1 1.7 1
v 0.2 1.7 1
v 0.3 1.7 1
v 0.5 1.7 1
v 0.6 1.7 1
v -0.6 1.7 0.9
v -0.5 1.7 0.9
v -0.3 1.7 0.9
v -0.2 1.7 0.9
v -0.0999999 1.7 0.9
v 0.1 1.7 0.9
v 0.2 1.7 0.9
v 0.3 1.7 0.9
v 0.5 1.7 0.9
v 0.6 1.7 0.9
v -0.3 1.7 0.8
v 0 1.7 0.8
v 0.1 1.7 0.8
v 0.3 1.7 0.8
v -0.5 2 1
v -0.4 2 1
v 0.4 2 1
v 0.5 2 1
v -0.5 2 0.9
v -0.4 2 0.9
v 0.4 2 0.9
v 0.5 2 0.9
v -0.4 2.3 1
v -0.3 2.3 1
v 0.3 2.3 1
v 0.4 2.3 1
v -0.4 2.3 0.9
v -0.3 2.3 0.9
v 0.3 2.3 0.9
v 0.4 2.3 0.9
v -0.3 2.5 1
v -0.2 2.5 1
v 0.2 2.5 1
v 0.3 2.5 1
v -0.3 2.5 0.9
v -0.2 2.5 0.9
v 0.2 2.5 0.9
v 0.3 2.5 0.9
v -0.0999999 2.6 0.9
v 0.1 2.6 0.9
v -0.0999999 2.6 0.8
v 0.1 2.6 0.8
v -0.2 2.7 1
v -0.0999999 2.7 1
v 0.1 2.7 1
v 0.2 2.7 1
v -0.2 2.7 0.9
v -0.0999999 2.7 0.9
v 0.1 2.7 0.9
v 0.2 2.7 0.9
v -0.3 2.9 1.1
v -0.2 2.9 1.1
v 0.2 2.9 1.1
v 0.3 2.9 1.1
v -0.3 2.9 1
v -0.2 2.9 1
v 0.2 2.9 1
v 0.3 2.9 1
v -0.2 3 1.1
v -0.0999999 3 1.1
v 0.1 3 1.1
v 0.2 3 1.1
v -0.2 3 1
v -0.0999999 3 1
v 0.1 3 1
v 0.2 3 1
v -0.0999999 3 0.9
v 0.1 3 0.9
v -0.0999999 3.1 1.3
v 0.1 3.1 1.3
v -0.2 3.1 1.2
v -0.0999999 3.1 1.2
v 0.1 3.1 1.2
v 0.2 3.1 1.2
v -0.2 3.1 1.1
v -0.0999999 3.1 1.1
v 0.1 3.1 1.1
v 0.2 3.1 1.1
v -0.0999999 3.1 1
v 0.1 3.1 1
v -0.0999999 3.2 1.7
v 0.1 3.2 1.7
v -0.0999999 3.2 1.3
v 0.1 3.2 1.3
v -0.2 3.9 -0.2
v 0.2 3.9 -0.2
v -0.3 3.9 -0.3
v -0.2 3.9 -0.3
v 0.2 3.9 -0.3
v 0.3 3.9 -0.3
v -0.4 3.9 -0.4
v -0.3 3.9 -0.4
v -0.2 3.9 -0.4
v 0.2 3.9 -0.4
v 0.3 3.9 -0.4
v 0.4 3.9 -0.4
v -0.4 3.9 -0.8
v -0.3 3.9 -0.8
v -0.2 3.9 -0.8
v 0.2 3.9 -0.8
v 0.3 3.9 -0.8
v 0.4 3.9 -0.8
v -0.3 3.9 -0.9
v -0.2 3.9 -0.9
v 0.2 3.9 -0.9
v 0.3 3.9 -0.9
v -0.2 3.9 -1
v 0.2 3.9 -1
v -0.0999999 4.4 -0.5
v 0.1 4.4 -0.5
v -0.0999999 4.4 -0.7
v 0.1 4.4 -0.7
v -0.0999999 4.5 -0.4
v 0.1 4.5 -0.4
v -0.2 4.5 -0.5
v -0.0999999 4.5 -0.5
v 0.1 4.5 -0.5
v 0.2 4.5 -0.5
v -0.2 4.5 -0.7
v -0.0999999 4.5 -0.7
v 0.1 4.5 -0.7
v 0.2 4.5 -0.7
v -0.0999999 4.5 -0.8
v 0.1 4.5 -0.8
v -0.2 4.6 -0.3
v -0.0999999 4.6 -0.3
v 0.1 4.6 -0.3
v 0.2 4.6 -0.3
v -0.3 4.6 -0.4
v -0.2 4.6 -0.4
v -0.0999999 4.6 -0.4
v 0.1 4.6 -0.4
v 0.2 4.6 -0.4
v 0.3 4.6 -0.4
v -0.3 4.6 -0.8
v -0.2 4.6 -0.8
v -0.0999999 4.6 -0.8
v 0.1 4.6 -0.8
v 0.2 4.6 -0.8
v 0.3 4.6 -0.8
v -0.2 4.6 -0.9
v -0.0999999 4.6 -0.9
v 0.1 4.6 -0.9
v 0.2 4.6 -0.9
v -0.0999999 4.7 -0.3
v 0.1 4.7 -0.3
v -0.0999999 4.7 -0.4
v 0.1 4.7 -0.4
v -0.0999999 4.7 -0.5
v 0.1 4.7 -0.5
v -0.0999999 4.7 -0.7
v 0.1 4.7 -0.7
v -0.0999999 4.7 -0.8
v 0.1 4.7 -0.8
v -0.0999999 4.7 -0.9
v 0.1 4.7 -0.9
v -0.2 5.4 -0.6
v -0.0999999 5.4 -0.6
v 0.1 5.4 -0.6
v 0.2 5.4 -0.6
v -0.2 5.4 -0.7
v -0.0999999 5.4 -0.7
v 0.1 5.4 -0.7
v 0.2 5.4 -0.7
v -0.7 0.1 6
v -0.5 0.1 6
v -0.0999999 0.1 6
v 0.2 0.1 6
v 0.7 0.1 6
v -0.6 0.1 5.9
v -0.5 0.1 5.9
v -0.0999999 0.1 5.9
v 0 0.1 5.9
v -0.6 0.1 5.8
v -0.5 0.1 5.8
v 0 0.1 5.8
v 0.1 0.1 5.8
v 0.2 0.1 5.8
v 0.3 0.1 5.8
v -0.6 0.1 5.7
v -0.5 0.1 5.7
v 0.2 0.1 5.7
v 0.3 0.1 5.7
v -0.6 0.1 5.6
v -0.5 0.1 5.6
v -0.2 0.1 5.6
v -0.0999999 0.1 5.6
v 0.2 0.1 5.6
v 0.3 0.1 5.6
v -0.7 0.1 5.5
v -0.5 0.1 5.5
v -0.3 0.1 5.5
v -0.2 0.1 5.5
v 0.1 0.1 5.5
v 0.3 0.1 5.5
v 0.6 0.1 5.5
v -0.7 0.1 5.4
v -0.5 0.1 5.4
v -0.3 0.1 5.4
v -0.0999999 0.1 5.4
v 0 0.1 5.4
v 0.2 0.1 5.4
v 0.3 0.1 5.4
v 0.5 0.1 5.4
v 0.6 0.1 5.4
v 0.7 0.1 5.4
v -0.5 0.1 5.3
v -0.4 0.1 5.3
v -0.0999999 0.1 5.3
v 0 0.1 5.3
v 0.4 0.1 5.3
v 0.5 0.1 5.3
v 0.7 0.1 5.3
v 0.3 0.1 5.2
v 0.4 0.1 5.2
v 0.5 0.1 5.2
v -0.7 0.1 5.1
v -0.6 0.1 5.1
v 0.2 0.1 5.1
v 0.4 0.1 5.1
v -0.7 0.1 5
v -0.6 0.1 5
v -0.5 0.1 5
v -0.4 0.1 5
v 0.4 0.1 5
v 0.5 0.1 5
v -0.3 0.1 4.9
v 0 0.1 4.9
v 0.5 0.1 4.9
v 0.7 0.1 4.9
v -0.6 0.1 4.8
v -0.5 0.1 4.8
v -0.4 0.1 4.8
v -0.3 0.1 4.8
v -0.0999999 0.1 4.8
v 0 0.1 4.8
v 0.1 0.1 4.8
v 0.2 0.1 4.8
v 0.4 0.1 4.8
v 0.5 0.1 4.8
v 0.7 0.1 4.8
v -0.4 0.1 4.7
v -0.3 0.1 4.7
v -0.0999999 0.1 4.7
v 0 0.1 4.7
v 0.1 0.1 4.7
v 0.3 0.1 4.7
v 0.5 0.1 4.7
v 0.6 0.1 4.7
v 0.7 0.1 4.7
v -0.6 0.1 4.6
v -0.4 0.1 4.6
v 0.1 0.1 4.6
v 0.2 0.1 4.6
v 0.5 0.1 4.6
v 0.6 0.1 4.6
v 0.7 0.1 4.6
v -0.5 0.1 4.5
v -0.4 0.1 4.5
v -0.3 0.1 4.5
v -0.0999999 0.1 4.5
v 0 0.1 4.5
v 0.1 0.1 4.5
v 0.2 0.1 4.5
v 0.3 0.1 4.5
v -0.7 0.1 4.4
v -0.6 0.1 4.4
v -0.5 0.1 4.4
v 0.5 0.1 4.4
v 0.7 0.1 4.4
v -0.0999999 0.1 4.3
v 0 0.1 4.3
v 0.1 0.1 4.3
v 0.2 0.1 4.3
v 0.4 0.1 4.3
v 0.7 0.1 4.3
v -0.6 0.1 4.2
v -0.4 0.1 4.2
v 0 0.1 4.2
v 0.1 0.1 4.2
v 0.2 0.1 4.2
v 0.4 0.1 4.2
v 0.5 0.1 4.2
v 0.7 0.1 4.2
v -0.7 0.1 4.1
v -0.6 0.1 4.1
v -0.5 0.1 4.1
v -0.3 0.1 4.1
v -0.2 0.1 4.1
v 0.4 0.1 4.1
v 0.5 0.1 4.1
v 0.7 0.1 4.1
v -0.7 0.1 4
v -0.6 0.1 4
v -0.5 0.1 4
v -0.4 0.1 4
v -0.3 0.1 4
v 0.1 0.1 4
v 0.2 0.1 4
v 0.4 0.1 4
v 0.6 0.1 4
v 0.7 0.1 4
v -0.7 0.1 3.9
v -0.6 0.1 3.9
v -0.5 0.1 3.9
v -0.3 0.1 3.9
v -0.2 0.1 3.9
v -0.0999999 0.1 3.9
v 0.1 0.1 3.9
v 0.3 0.1 3.9
v 0.4 0.1 3.9
v 0.6 0.1 3.9
v 0.7 0.1 3.9
v -0.3 0.1 3.8
v -0.2 0.1 3.8
v -0.0999999 0.1 3.8
v 0 0.1 3.8
v 0.2 0.1 3.8
v 0.6 0.1 3.8
v 0.7 0.1 3.8
v -0.7 0.1 3.7
v -0.6 0.1 3.7
v -0.5 0.1 3.7
v -0.3 0.1 3.7
v 0.1 0.1 3.7
v 0.2 0.1 3.7
v -0.7 0.1 3.6
v -0.6 0.1 3.6
v -0.4 0.1 3.6
v -0.2 0.1 3.6
v 0.1 0.1 3.6
v 0.2 0.1 3.6
v 0.3 0.1 3.6
v 0.6 0.1 3.6
v -0.7 0.1 3.5
v -0.4 0.1 3.5
v 0.2 0.1 3.5
v 0.3 0.1 3.5
v 0.4 0.1 3.5
v 0.6 0.1 3.5
v -0.3 0.1 3.4
v -0.2 0.1 3.4
v 0.1 0.1 3.4
v 0.2 0.1 3.4
v 0.3 0.1 3.4
v -0.5 0.1 3.3
v -0.4 0.1 3.3
v 0.1 0.1 3.3
v 0.2 0.1 3.3
v 0.4 0.1 3.3
v 0.6 0.1 3.3
v 0.7 0.1 3.3
v -0.3 0.1 3.2
v -0.2 0.1 3.2
v -0.0999999 0.1 3.2
v 0.5 0.1 3.2
v 0.6 0.1 3.2
v 0.7 0.1 3.2
v -0.5 0.1 3.1
v -0.4 0.1 3.1
v -0.2 0.1 3.1
v -0.0999999 0.1 3.1
v 0 0.1 3.1
v 0.1 0.1 3.1
v 0.3 0.1 3.1
v 0.5 0.1 3.1
v 0.7 0.1 3.1
v -0.3 0.1 3
v 0 0.1 3
v 0.1 0.1 3
v 0.3 0.1 3
v -0.7 0.1 2.9
v -0.5 0.1 2.9
v -0.3 0.1 2.9
v 0.4 0.1 2.9
v 0.5 0.1 2.9
v -0.5 0.1 2.8
v -0.4 0.1 2.8
v 0.1 0.1 2.8
v 0.2 0.1 2.8
v -0.5 0.1 2.7
v -0.4 0.1 2.7
v -0.2 0.1 2.7
v -0.0999999 0.1 2.7
v 0 0.1 2.7
v 0.1 0.1 2.7
v 0.2 0.1 2.7
v 0.3 0.1 2.7
v 0.5 0.1 2.7
v 0.7 0.1 2.7
v 0.3 0.1 2.6
v 0.4 0.1 2.6
v 0.5 0.1 2.6
v 0.7 0.1 2.6
v -0.7 0.1 2.5
v -0.6 0.1 2.5
v -0.5 0.1 2.5
v -0.2 0.1 2.5
v -0.0999999 0.1 2.5
v -0.6 0.1 2.4
v -0.4 0.1 2.4
v -0.2 0.1 2.4
v -0.0999999 0.1 2.4
v 0 0.1 2.4
v 0.5 0.1 2.4
v 0.6 0.1 2.4
v -0.7 0.1 2.3
v -0.6 0.1 2.3
v -0.0999999 0.1 2.3
v 0 0.1 2.3
v 0.5 0.1 2.3
v 0.6 0.1 2.3
v -0.7 0.1 2.2
v -0.6 0.1 2.2
v -0.5 0.1 2.2
v -0.4 0.1 2.2
v -0.2 0.1 2.2
v -0.0999999 0.1 2.2
v -0.5 0.1 2.1
v -0.2 0.1 2.1
v -0.0999999 0.1 2.1
v 0 0.1 2.1
v 0.1 0.1 2.1
v 0.3 0.1 2.1
v 0.5 0.1 2.1
v 0.7 0.1 2.1
v -0.4 0.1 2
v -0.2 0.1 2
v 0.1 0.1 2
v 0.2 0.1 2
v 0.3 0.1 2
v 0.4 0.1 2
v 0.5 0.1 2
v -0.7 0.1 1.9
v -0.6 0.1 1.9
v -0.5 0.1 1.9
v -0.4 0.1 1.9
v -0.2 0.1 1.9
v 0.2 0.1 1.9
v 0.3 0.1 1.9
v 0.4 0.1 1.9
v -0.6 0.1 1.8
v -0.5 0.1 1.8
v -0.4 0.1 1.8
v -0.3 0.1 1.8
v -0.0999999 0.1 1.8
v 0 0.1 1.8
v 0.1 0.1 1.8
v 0.3 0.1 1.8
v -0.3 0.1 1.7
v -0.2 0.1 1.7
v -0.0999999 0.1 1.7
v 0.3 0.1 1.7
v 0.4 0.1 1.7
v 0.5 0.1 1.7
v 0.7 0.1 1.7
v -0.7 0.1 1.6
v -0.6 0.1 1.6
v -0.2 0.1 1.6
v -0.0999999 0.1 1.6
v 0.3 0.1 1.6
v 0.4 0.1 1.6
v 0.5 0.1 1.6
v 0.7 0.1 1.6
v -0.7 0.1 1.3
v -0.6 0.1 1.3
v -2.9 0.2 6
v -0.7 0.2 6
v 0.7 0.2 6
v 1.9 0.2 6
v 2.9 0.2 6
v -2.9 0.2 5.8
v -1.8 0.2 5.8
v -1.7 0.2 5.8
v -1.5 0.2 5.8
v 1.7 0.2 5.8
v 1.8 0.2 5.8
v -1.8 0.2 5.7
v -1.7 0.2 5.7
v 1.5 0.2 5.7
v 1.7 0.2 5.7
v 1.8 0.2 5.7
v 2.2 0.2 5.7
v 2.3 0.2 5.7
v -2.9 0.2 5.6
v -2.7 0.2 5.6
v -1 0.2 5.6
v -0.8 0.2 5.6
v 2.2 0.2 5.6
v 2.3 0.2 5.6
v -2.1 0.2 5.5
v -2 0.2 5.5
v -1.3 0.2 5.5
v -1.2 0.2 5.5
v 1.5 0.2 5.5
v 1.7 0.2 5.5
v -2.9 0.2 5.4
v -2.7 0.2 5.4
v -2.1 0.2 5.4
v -2 0.2 5.4
v -1.3 0.2 5.4
v -1.2 0.2 5.4
v -1 0.2 5.4
v -0.8 0.2 5.4
v 2.6 0.2 5.4
v 2.8 0.2 5.4
v -2.6 0.2 5.3
v -2.4 0.2 5.3
v 1.9 0.2 5.3
v 2.6 0.2 5.3
v 2.8 0.2 5.3
v 2.9 0.2 5.3
v -2.8 0.2 5.2
v -2.7 0.2 5.2
v 1.9 0.2 5.2
v 2 0.2 5.2
v -2.8 0.2 5.1
v -2.7 0.2 5.1
v -2.4 0.2 5.1
v -2.3 0.2 5.1
v -1.2 0.2 5.1
v -1.1 0.2 5.1
v 1.9 0.2 5.1
v 2 0.2 5.1
v 2.6 0.2 5.1
v 2.8 0.2 5.1
v -2.6 0.2 5
v -2.5 0.2 5
v -1.2 0.2 5
v -1.1 0.2 5
v 1.5 0.2 5
v 1.7 0.2 5
v 2.5 0.2 5
v 2.6 0.2 5
v -2.2 0.2 4.9
v -2.1 0.2 4.9
v -1.6 0.2 4.9
v -1.5 0.2 4.9
v -1.4 0.2 4.9
v 1.5 0.2 4.9
v 1.7 0.2 4.9
v 2.5 0.2 4.9
v 2.6 0.2 4.9
v -2.5 0.2 4.8
v -2.3 0.2 4.8
v -2.2 0.2 4.8
v -2.1 0.2 4.8
v -1.2 0.2 4.8
v -1.1 0.2 4.8
v -2.5 0.2 4.7
v -2.4 0.2 4.7
v -1.9 0.2 4.7
v -1.8 0.2 4.7
v -2.5 0.2 4.6
v -2.4 0.2 4.6
v -1.9 0.2 4.6
v -1.8 0.2 4.6
v -1.6 0.2 4.6
v -1.5 0.2 4.6
v -1.4 0.2 4.6
v -0.9 0.2 4.6
v -0.8 0.2 4.6
v 1.3 0.2 4.6
v 1.4 0.2 4.6
v -1.2 0.2 4.5
v -1.1 0.2 4.5
v -0.9 0.2 4.5
v -0.8 0.2 4.5
v 1.3 0.2 4.5
v 1.4 0.2 4.5
v -1.5 0.2 4.4
v -1.3 0.2 4.4
v 1.1 0.2 4.4
v 1.2 0.2 4.4
v 1.6 0.2 4.4
v 1.7 0.2 4.4
v -2.9 0.2 4.3
v -1.7 0.2 4.3
v -1.4 0.2 4.3
v -1.3 0.2 4.3
v 1.1 0.2 4.3
v 1.2 0.2 4.3
v 1.6 0.2 4.3
v 1.7 0.2 4.3
v 2.2 0.2 4.3
v -1.4 0.2 4.2
v -1.3 0.2 4.2
v -1.1 0.2 4.2
v -1 0.2 4.2
v -1.1 0.2 4.1
v -1 0.2 4.1
v -2.4 0.2 4
v -2.2 0.2 4
v 1.9 0.2 4
v 2.1 0.2 4
v 2.4 0.2 4
v 2.5 0.2 4
v -1.6 0.2 3.9
v -1.4 0.2 3.9
v 2.1 0.2 3.9
v 2.2 0.2 3.9
v 2.4 0.2 3.9
v 2.5 0.2 3.9
v -2.4 0.2 3.8
v -2.2 0.2 3.8
v -1.7 0.2 3.8
v -1.6 0.2 3.8
v -1.4 0.2 3.8
v -1.3 0.2 3.8
v 1.9 0.2 3.8
v 2 0.2 3.8
v -2.4 0.2 3.7
v -2.2 0.2 3.7
v -1.6 0.2 3.7
v -1.4 0.2 3.7
v -2.2 0.2 3.6
v -2.1 0.2 3.6
v -1.6 0.2 3.6
v -1.5 0.2 3.6
v -1.4 0.2 3.6
v 2 0.2 3.6
v 2.2 0.2 3.6
v -2.4 0.2 3.5
v -2.3 0.2 3.5
v -1.6 0.2 3.5
v -1.5 0.2 3.5
v -1.4 0.2 3.5
v -2.5 0.2 3.4
v -2.3 0.2 3.4
v -2.1 0.2 3.4
v 1.3 0.2 3.4
v 1.5 0.2 3.4
v 2.8 0.2 3.4
v 2.9 0.2 3.4
v -2.9 0.2 3.3
v -2.8 0.2 3.3
v 1.4 0.2 3.3
v 1.5 0.2 3.3
v -2.9 0.2 3.2
v -2.8 0.2 3.2
v 1.3 0.2 3.2
v 1.4 0.2 3.2
v -2.5 0.2 3.1
v -2.3 0.2 3.1
v -1 0.2 3.1
v -0.8 0.2 3.1
v 1.2 0.2 3.1
v 1.9 0.2 3.1
v 2.1 0.2 3.1
v 2.2 0.2 3.1
v 2.8 0.2 3.1
v 2.9 0.2 3.1
v -1.9 0.2 3
v -1.8 0.2 3
v -1.5 0.2 3
v 1.1 0.2 3
v 1.2 0.2 3
v -1.9 0.2 2.9
v -1.8 0.2 2.9
v -1.2 0.2 2.9
v -1.1 0.2 2.9
v -1 0.2 2.9
v 0.8 0.2 2.9
v 0.9 0.2 2.9
v 1.1 0.2 2.9
v 1.2 0.2 2.9
v 1.8 0.2 2.9
v 1.9 0.2 2.9
v -1.2 0.2 2.8
v -1.1 0.2 2.8
v -1 0.2 2.8
v -0.8 0.2 2.8
v 0.8 0.2 2.8
v 0.9 0.2 2.8
v 1.7 0.2 2.8
v 1.8 0.2 2.8
v 1.9 0.2 2.8
v 2.1 0.2 2.8
v 2.2 0.2 2.8
v 2.3 0.2 2.8
v -1.2 0.2 2.7
v -1 0.2 2.7
v 1.7 0.2 2.7
v 1.8 0.2 2.7
v 2.2 0.2 2.7
v 2.3 0.2 2.7
v 2.5 0.2 2.7
v -1.9 0.2 2.5
v -1.8 0.2 2.5
v -1.7 0.2 2.5
v -1.5 0.2 2.5
v -1.1 0.2 2.5
v -1 0.2 2.5
v 2.2 0.2 2.5
v 2.3 0.2 2.5
v -1.1 0.2 2.4
v -1 0.2 2.4
v -0.9 0.2 2.4
v -0.8 0.2 2.4
v 2.2 0.2 2.4
v 2.3 0.2 2.4
v 2.5 0.2 2.4
v -0.9 0.2 2.3
v -0.8 0.2 2.3
v -1.9 0.2 2.2
v -1.7 0.2 2.2
v 2.3 0.2 2.1
v 2.4 0.2 2.1
v 2.3 0.2 2
v 2.4 0.2 2
v -2.3 0.2 1.8
v -2.2 0.2 1.8
v 0.8 0.2 1.8
v 0.9 0.2 1.8
v -2.7 0.2 1.7
v -2.5 0.2 1.7
v -2.3 0.2 1.7
v -2.2 0.2 1.7
v 0.8 0.2 1.7
v 0.9 0.2 1.7
v 2.5 0.2 1.7
v 2.7 0.2 1.7
v -2.5 0.2 1.6
v -2.4 0.2 1.6
v -0.6 0.2 1.6
v -0.2 0.2 1.6
v -0.0999999 0.2 1.6
v 0.3 0.2 1.6
v 0.4 0.2 1.6
v 0.7 0.2 1.6
v 0.9 0.2 1.6
v 1 0.2 1.6
v 2.1 0.2 1.6
v 2.4 0.2 1.6
v -2.8 0.2 1.5
v -2.7 0.2 1.5
v -2.5 0.2 1.5
v -2.4 0.2 1.5
v -0.9 0.2 1.5
v -0.8 0.2 1.5
v -0.3 0.2 1.5
v -0.2 0.2 1.5
v -0.0999999 0.2 1.5
v 0.1 0.2 1.5
v 0.6 0.2 1.5
v 0.7 0.2 1.5
v 0.9 0.2 1.5
v 1 0.2 1.5
v -2.6 0.2 1.4
v -2.5 0.2 1.4
v -2.4 0.2 1.4
v -1.6 0.2 1.4
v -0.9 0.2 1.4
v -0.8 0.2 1.4
v -0.5 0.2 1.4
v -0.4 0.2 1.4
v -0.3 0.2 1.4
v -0.2 0.2 1.4
v -0.0999999 0.2 1.4
v 0.1 0.2 1.4
v 0.3 0.2 1.4
v 0.4 0.2 1.4
v 0.6 0.2 1.4
v 0.7 0.2 1.4
v 1.9 0.2 1.4
v 2 0.2 1.4
v 2.5 0.2 1.4
v 2.7 0.2 1.4
v -0.9 0.2 1.3
v -0.7 0.2 1.3
v -0.6 0.2 1.3
v -0.5 0.2 1.3
v -0.4 0.2 1.3
v -0.0999999 0.2 1.3
v 0.1 0.2 1.3
v 0.3 0.2 1.3
v 0.4 0.2 1.3
v 0.6 0.2 1.3
v 1.2 0.2 1.3
v 1.3 0.2 1.3
v 1.9 0.2 1.3
v 2 0.2 1.3
v 2.1 0.2 1.3
v 2.2 0.2 1.3
v 2.4 0.2 1.3
v 2.9 0.2 1.3
v -2.8 0.2 1.2
v -2.6 0.2 1.2
v -1.1 0.2 1.2
v -0.9 0.2 1.2
v 0.6 0.2 1.2
v 0.7 0.2 1.2
v 1 0.2 1.2
v 1.2 0.2 1.2
v 1.3 0.2 1.2
v -1.9 0.2 1.1
v -1.8 0.2 1.1
v -1.1 0.2 1.1
v 1 0.2 1.1
v 1.1 0.2 1.1
v -2.2 0.2 1
v -2.1 0.2 1
v -1.9 0.2 1
v -1.8 0.2 1
v -1.3 0.2 1
v -1.2 0.2 1
v 0.6 0.2 1
v 0.7 0.2 1
v -2.2 0.2 0.9
v -2.1 0.2 0.9
v -1.3 0.2 0.9
v -1.2 0.2 0.9
v 1 0.2 0.9
v 1.1 0.2 0.9
v 0.8 0.2 0.8
v 1 0.2 0.8
v -2.2 0.2 0.7
v -2.1 0.2 0.7
v -1.2 0.2 0.7
v -1.1 0.2 0.7
v 1.9 0.2 0.7
v 2 0.2 0.7
v -2.2 0.2 0.6
v -2.1 0.2 0.6
v 1.9 0.2 0.6
v 2 0.2 0.6
v 2.3 0.2 0.5
v 2.4 0.2 0.5
v -2.8 0.2 0.4
v -2.7 0.2 0.4
v -1.2 0.2 0.4
v 2.3 0.2 0.4
v 2.4 0.2 0.4
v -2.8 0.2 0.3
v -2.7 0.2 0.3
v -2.4 0.2 0.3
v 1.4 0.2 0.2
v 1.7 0.2 0.2
v 2 0.2 0.2
v 2.2 0.2 0.2
v 1.9 0.2 0.0999999
v 2 0.2 0.0999999
v 2.2 0.2 0.0999999
v 2.4 0.2 0.0999999
v -1.2 0.2 0
v 1.7 0.2 0
v 1.9 0.2 0
v 2.7 0.2 0
v 2.8 0.2 0
v 1.7 0.2 -0.1
v 1.8 0.2 -0.1
v 2.4 0.2 -0.1
v 2.5 0.2 -0.1
v 2.7 0.2 -0.1
v 2.8 0.2 -0.1
v -1.4 0.2 -0.2
v -1.2 0.2 -0.2
v 1 0.2 -0.2
v 1.1 0.2 -0.2
v 1.7 0.2 -0.2
v 1.8 0.2 -0.2
v 2 0.2 -0.2
v 2.6 0.2 -0.2
v 2.7 0.2 -0.2
v -2.3 0.2 -0.3
v -2.2 0.2 -0.3
v -1.2 0.2 -0.3
v 2.4 0.2 -0.3
v 2.5 0.2 -0.3
v 2.6 0.2 -0.3
v 2.7 0.2 -0.3
v -2.3 0.2 -0.4
v -2.2 0.2 -0.4
v -1.5 0.2 -0.4
v -1.4 0.2 -0.4
v 1 0.2 -0.4
v 1.1 0.2 -0.4
v 2 0.2 -0.4
v 2.2 0.2 -0.4
v -1.7 0.2 -0.5
v -1.6 0.2 -0.5
v 1.8 0.2 -0.5
v 1.9 0.2 -0.5
v 2.2 0.2 -0.5
v 2.3 0.2 -0.5
v 1.6 0.2 -0.6
v 1.7 0.2 -0.6
v 2.2 0.2 -0.6
v 2.3 0.2 -0.6
v -1.5 0.2 -0.7
v -1.2 0.2 -0.7
v 2.2 0.2 -0.7
v 2.6 0.2 -0.7
v 1.9 0.2 -0.8
v 2.2 0.2 -0.8
v -2.6 0.2 -0.9
v -2.4 0.2 -0.9
v -2 0.2 -0.9
v -1.9 0.2 -0.9
v 1.6 0.2 -0.9
v 1.7 0.2 -0.9
v 2.5 0.2 -0.9
v 2.7 0.2 -0.9
v -2 0.2 -1
v -1.9 0.2 -1
v -2.6 0.2 -1.1
v -2.4 0.2 -1.1
v 2.1 0.2 -1.1
v 2.2 0.2 -1.1
v 2.5 0.2 -1.1
v 2.7 0.2 -1.1
v -1.2 0.2 -1.2
v 1.7 0.2 -1.2
v 1.8 0.2 -1.2
v 1.7 0.2 -1.3
v 1.8 0.2 -1.3
v 2.1 0.2 -1.3
v 2.2 0.2 -1.3
v 2.4 0.2 -1.3
v 2.5 0.2 -1.3
v 1.7 0.2 -1.4
v 1.8 0.2 -1.4
v 2.4 0.2 -1.4
v 2.5 0.2 -1.4
v -1.2 0.2 -1.5
v -2.4 0.2 -1.6
v -2.3 0.2 -1.6
v -1.2 0.2 -1.6
v -0.8 0.2 -1.6
v 1 0.2 -1.6
v 1.4 0.2 -1.6
v 1.5 0.2 -1.6
v -2.4 0.2 -1.7
v -2.3 0.2 -1.7
v -1.6 0.2 -1.7
v -1.5 0.2 -1.7
v 1.4 0.2 -1.7
v 1.5 0.2 -1.7
v 1.7 0.2 -1.7
v 1.8 0.2 -1.7
v -1.7 0.2 -1.8
v -1.6 0.2 -1.8
v 2.2 0.2 -1.8
v 2.3 0.2 -1.8
v -1.5 0.2 -1.9
v -1.3 0.2 -1.9
v -0.8 0.2 -1.9
v 0.8 0.2 -1.9
v 2.2 0.2 -1.9
v 2.3 0.2 -1.9
v 2.7 0.2 -1.9
v 2.8 0.2 -1.9
v -1.7 0.2 -2
v -1.6 0.2 -2
v 2.7 0.2 -2
v 2.8 0.2 -2
v -1.6 0.2 -2.1
v -1.3 0.2 -2.1
v 2.3 0.2 -2.1
v 2.4 0.2 -2.1
v 2.3 0.2 -2.2
v 2.4 0.2 -2.2
v -2.8 0.2 -2.3
v -1.7 0.2 -2.3
v -0.2 0.2 -2.3
v -0.0999999 0.2 -2.3
v 1.1 0.2 -2.3
v 1.4 0.2 -2.3
v -2.4 0.2 -2.4
v -2.3 0.2 -2.4
v -0.2 0.2 -2.4
v -0.0999999 0.2 -2.4
v 1.3 0.2 -2.4
v 1.4 0.2 -2.4
v -2.4 0.2 -2.5
v -2.3 0.2 -2.5
v -0.5 0.2 -2.5
v -0.3 0.2 -2.5
v 1.1 0.2 -2.5
v 1.3 0.2 -2.5
v 2.7 0.2 -2.5
v 2.9 0.2 -2.5
v -0.3 0.2 -2.6
v -0.0999999 0.2 -2.6
v -0.5 0.2 -2.7
v -0.4 0.2 -2.7
v 0.5 0.2 -2.7
v 0.6 0.2 -2.7
v -1.4 0.2 -2.8
v -1.3 0.2 -2.8
v -0.4 0.2 -2.8
v -0.0999999 0.2 -2.8
v 0.5 0.2 -2.8
v 0.6 0.2 -2.8
v -2.9 0.2 -2.9
v -1.4 0.2 -2.9
v -1.3 0.2 -2.9
v 1 0.2 -2.9
v 2.7 0.2 -2.9
v 2.9 0.2 -2.9
v 0.9 0.3 1.6
v 1 0.3 1.6
v -0.9 0.3 1.5
v -0.8 0.3 1.5
v 0.9 0.3 1.5
v 1 0.3 1.5
v -0.9 0.3 1.4
v -0.8 0.3 1.4
v -0.9 0.3 1.3
v -0.6 0.3 1.3
v -0.4 0.3 1.3
v -0.0999999 0.3 1.3
v 0.1 0.3 1.3
v 0.3 0.3 1.3
v 0.4 0.3 1.3
v 0.6 0.3 1.3
v 1.2 0.3 1.3
v 1.3 0.3 1.3
v -1.1 0.3 1.2
v -0.9 0.3 1.2
v -0.7 0.3 1.2
v -0.6 0.3 1.2
v -0.4 0.3 1.2
v -0.0999999 0.3 1.2
v 0 0.3 1.2
v 0.4 0.3 1.2
v 0.5 0.3 1.2
v 0.6 0.3 1.2
v 0.7 0.3 1.2
v 1 0.3 1.2
v 1.2 0.3 1.2
v 1.3 0.3 1.2
v -1.1 0.3 1.1
v -1 0.3 1.1
v -0.9 0.3 1.1
v -0.8 0.3 1.1
v -0.5 0.3 1.1
v -0.4 0.3 1.1
v -0.3 0.3 1.1
v -0.0999999 0.3 1.1
v 0.1 0.3 1.1
v 0.2 0.3 1.1
v 0.3 0.3 1.1
v 0.4 0.3 1.1
v 0.5 0.3 1.1
v 0.8 0.3 1.1
v 0.9 0.3 1.1
v 1 0.3 1.1
v 1.1 0.3 1.1
v -1.3 0.3 1
v -1.2 0.3 1
v -0.8 0.3 1
v -0.7 0.3 1
v -0.5 0.3 1
v -0.3 0.3 1
v 0 0.3 1
v 0.1 0.3 1
v 0.2 0.3 1
v 0.3 0.3 1
v 0.6 0.3 1
v 0.7 0.3 1
v 0.8 0.3 1
v -1.3 0.3 0.9
v -1.2 0.3 0.9
v -1 0.3 0.9
v -0.9 0.3 0.9
v -0.8 0.3 0.9
v 1 0.3 0.9
v 1.1 0.3 0.9
v -0.9 0.3 0.8
v -0.8 0.3 0.8
v -1.1 0.3 0.7
v -0.9 0.3 0.7
v -1 0.4 1.1
v -0.9 0.4 1.1
v -0.8 0.4 1.1
v 0.8 0.4 1.1
v 0.9 0.4 1.1
v 1 0.4 1.1
v -0.9 0.4 1
v -0.8 0.4 1
v -0.6 0.4 1
v -0.5 0.4 1
v -0.3 0.4 1
v 0 0.4 1
v 0.1 0.4 1
v 0.2 0.4 1
v 0.3 0.4 1
v 0.5 0.4 1
v 0.6 0.4 1
v 0.7 0.4 1
v 0.8 0.4 1
v -1 0.4 0.9
v -0.9 0.4 0.9
v -0.8 0.4 0.9
v -0.6 0.4 0.9
v -0.5 0.4 0.9
v -0.3 0.4 0.9
v -0.2 0.4 0.9
v 0 0.4 0.9
v 0.1 0.4 0.9
v 0.2 0.4 0.9
v 0.3 0.4 0.9
v 0.5 0.4 0.9
v 0.6 0.4 0.9
v 0.7 0.4 0.9
v 0.8 0.4 0.9
v 0.9 0.4 0.9
v -0.9 0.4 0.8
v -0.8 0.4 0.8
v -0.5 0.4 0.8
v -0.2 0.4 0.8
v 0 0.4 0.8
v 0.1 0.4 0.8
v 0.5 0.4 0.8
v 0.8 0.4 0.8
v 1 0.4 0.8
v -0.9 0.4 0.7
v -0.8 0.4 0.7
v 0.8 0.5 2.9
v 0.9 0.5 2.9
v 0.8 0.5 2.8
v 0.9 0.5 2.8
v -0.9 0.5 2.4
v -0.8 0.5 2.4
v -0.9 0.5 2.3
v -0.8 0.5 2.3
v 0.8 0.5 1.8
v 0.9 0.5 1.8
v 0.8 0.5 1.7
v 0.9 0.5 1.7
v -0.9 0.5 1
v -0.8 0.5 1
v -0.9 0.5 0.9
v -0.8 0.5 0.9
v -0.6 0.9 1
v -0.5 0.9 1
v 0.5 0.9 1
v 0.6 0.9 1
v -0.6 0.9 0.9
v -0.5 0.9 0.9
v 0.5 0.9 0.9
v 0.6 0.9 0.9
v -0.2 1 0.9
v -0.0999999 1 0.9
v 0.2 1 0.9
v 0.3 1 0.9
v -0.2 1 0.8
v -0.0999999 1 0.8
v 0.2 1 0.8
v 0.3 1 0.8
v -1.3 1.1 0.8
v -1.2 1.1 0.8
v -1.3 1.1 0.7
v -1.2 1.1 0.7
v -1.3 1.1 -1.5
v -1.2 1.1 -1.5
v -1.3 1.1 -1.6
v -1.2 1.1 -1.6
v -0.6 1.2 1
v -0.5 1.2 1
v 0.5 1.2 1
v 0.6 1.2 1
v -0.6 1.2 0.9
v -0.5 1.2 0.9
v 0.5 1.2 0.9
v 0.6 1.2 0.9
v -1.2 1.2 0.8
v -1 1.2 0.8
v -0.9 1.2 0.8
v -1.3 1.2 0.7
v -1.2 1.2 0.7
v -1 1.2 0.7
v -1.3 1.2 0.6
v -1.2 1.2 0.6
v -1.1 1.2 0.2
v -0.9 1.2 0.2
v -1.3 1.2 0.0999999
v -1.2 1.2 0.0999999
v -1.1 1.2 -0.4
v -1 1.2 -0.4
v -1.3 1.2 -0.5
v -1.2 1.2 -0.5
v -1 1.2 -0.6
v -0.9 1.2 -0.6
v -1.2 1.2 -1.1
v -1.1 1.2 -1.1
v -1.2 1.2 -1.2
v -1.1 1.2 -1.2
v -1.3 1.2 -1.4
v -1.2 1.2 -1.4
v -1.3 1.2 -1.5
v -1.2 1.2 -1.5
v -1.2 1.2 -1.6
v -0.9 1.2 -1.6
v -0.9 1.3 1
v -0.8 1.3 1
v 0.8 1.3 1
v 0.9 1.3 1
v -0.9 1.3 -1.9
v -0.8 1.3 -1.9
v 0.8 1.3 -1.9
v 0.9 1.3 -1.9
v -0.8 1.5 1
v -0.7 1.5 1
v 0.7 1.5 1
v 0.8 1.5 1
v -0.8 1.5 -1.9
v -0.7 1.5 -1.9
v 0.7 1.5 -1.9
v 0.8 1.5 -1.9
v -0.5 1.6 1
v -0.4 1.6 1
v 0.4 1.6 1
v 0.5 1.6 1
v -0.5 1.6 0.9
v -0.4 1.6 0.9
v 0.4 1.6 0.9
v 0.5 1.6 0.9
v -0.4 1.7 1
v -0.3 1.7 1
v 0.3 1.7 1
v 0.4 1.7 1
v -0.4 1.7 0.9
v -0.3 1.7 0.9
v 0.3 1.7 0.9
v 0.4 1.7 0.9
v -0.7 1.8 1
v -0.6 1.8 1
v -0.3 1.8 1
v -0.2 1.8 1
v -0.0999999 1.8 1
v 0.1 1.8 1
v 0.2 1.8 1
v 0.3 1.8 1
v 0.6 1.8 1
v 0.7 1.8 1
v -0.3 1.8 0.9
v -0.2 1.8 0.9
v -0.0999999 1.8 0.9
v 0.1 1.8 0.9
v 0.2 1.8 0.9
v 0.3 1.8 0.9
v -0.7 1.8 -1.9
v -0.6 1.8 -1.9
v 0.6 1.8 -1.9
v 0.7 1.8 -1.9
v -0.6 2.1 1
v -0.5 2.1 1
v 0.5 2.1 1
v 0.6 2.1 1
v -0.6 2.1 -1.9
v -0.5 2.1 -1.9
v 0.5 2.1 -1.9
v 0.6 2.1 -1.9
v -0.5 2.4 1
v -0.4 2.4 1
v 0.4 2.4 1
v 0.5 2.4 1
v -0.0999999 2.4 0.9
v 0.1 2.4 0.9
v -0.0999999 2.4 0.8
v 0.1 2.4 0.8
v -0.5 2.4 -1.9
v -0.4 2.4 -1.9
v 0.4 2.4 -1.9
v 0.5 2.4 -1.9
v -0.4 2.7 1
v -0.3 2.7 1
v 0.3 2.7 1
v 0.4 2.7 1
v -0.4 2.7 -1.9
v -0.3 2.7 -1.9
v 0.3 2.7 -1.9
v 0.4 2.7 -1.9
v -0.3 3 1.1
v -0.2 3 1.1
v 0.2 3 1.1
v 0.3 3 1.1
v -0.2 3 -0.3
v 0.2 3 -0.3
v -0.3 3 -0.4
v -0.2 3 -0.4
v 0.2 3 -0.4
v 0.3 3 -0.4
v -0.3 3 -0.8
v -0.2 3 -0.8
v 0.2 3 -0.8
v 0.3 3 -0.8
v -0.2 3 -0.9
v 0.2 3 -0.9
v -0.3 3 -1.9
v -0.2 3 -1.9
v 0.2 3 -1.9
v 0.3 3 -1.9
v -0.2 3.2 1.2
v -0.0999999 3.2 1.2
v 0.1 3.2 1.2
v 0.2 3.2 1.2
v -0.2 3.2 -0.3
v -0.0999999 3.2 -0.3
v 0.1 3.2 -0.3
v 0.2 3.2 -0.3
v -0.2 3.2 -0.9
v -0.0999999 3.2 -0.9
v 0.1 3.2 -0.9
v 0.2 3.2 -0.9
v -0.2 3.2 -1.9
v -0.0999999 3.2 -1.9
v 0.1 3.2 -1.9
v 0.2 3.2 -1.9
v -0.0999999 3.3 1.7
v 0.1 3.3 1.7
v -0.0999999 3.3 -0.3
v 0.1 3.3 -0.3
v -0.0999999 3.3 -0.9
v 0.1 3.3 -0.9
v -0.0999999 3.3 -1.9
v 0.1 3.3 -1.9
v -0.0999999 4 -0.2
v 0.1 4 -0.2
v -0.0999999 4 -0.3
v 0.1 4 -0.3
v -0.4 4 -0.5
v -0.3 4 -0.5
v 0.3 4 -0.5
v 0.4 4 -0.5
v -0.4 4 -0.7
v -0.3 4 -0.7
v 0.3 4 -0.7
v 0.4 4 -0.7
v -0.0999999 4 -0.9
v 0.1 4 -0.9
v -0.0999999 4 -1
v 0.1 4 -1
v -0.2 4.1 -0.2
v -0.0999999 4.1 -0.2
v 0.1 4.1 -0.2
v 0.2 4.1 -0.2
v -0.3 4.1 -0.3
v -0.2 4.1 -0.3
v -0.0999999 4.1 -0.3
v 0.1 4.1 -0.3
v 0.2 4.1 -0.3
v 0.3 4.1 -0.3
v -0.4 4.1 -0.4
v -0.3 4.1 -0.4
v -0.2 4.1 -0.4
v -0.0999999 4.1 -0.4
v 0.1 4.1 -0.4
v 0.2 4.1 -0.4
v 0.3 4.1 -0.4
v 0.4 4.1 -0.4
v -0.4 4.1 -0.5
v -0.3 4.1 -0.5
v -0.2 4.1 -0.5
v -0.0999999 4.1 -0.5
v 0.1 4.1 -0.5
v 0.2 4.1 -0.5
v 0.3 4.1 -0.5
v 0.4 4.1 -0.5
v -0.4 4.1 -0.7
v -0.3 4.1 -0.7
v -0.2 4.1 -0.7
v -0.0999999 4.1 -0.7
v 0.1 4.1 -0.7
v 0.2 4.1 -0.7
v 0.3 4.1 -0.7
v 0.4 4.1 -0.7
v -0.4 4.1 -0.8
v -0.3 4.1 -0.8
v -0.2 4.1 -0.8
v -0.0999999 4.1 -0.8
v 0.1 4.1 -0.8
v 0.2 4.1 -0.8
v 0.3 4.1 -0.8
v 0.4 4.1 -0.8
v -0.3 4.1 -0.9
v -0.2 4.1 -0.9
v -0.0999999 4.1 -0.9
v 0.1 4.1 -0.9
v 0.2 4.1 -0.9
v 0.3 4.1 -0.9
v -0.2 4.1 -1
v -0.0999999 4.1 -1
v 0.1 4.1 -1
v 0.2 4.1 -1
v -0.0999999 4.6 -0.4
v 0.1 4.6 -0.4
v -0.0999999 4.6 -0.5
v 0.1 4.6 -0.5
v -0.0999999 4.6 -0.7
v 0.1 4.6 -0.7
v -0.0999999 4.6 -0.8
v 0.1 4.6 -0.8
v -0.2 4.7 -0.3
v -0.0999999 4.7 -0.3
v 0.1 4.7 -0.3
v 0.2 4.7 -0.3
v -0.3 4.7 -0.4
v -0.2 4.7 -0.4
v -0.0999999 4.7 -0.4
v 0.1 4.7 -0.4
v 0.2 4.7 -0.4
v 0.3 4.7 -0.4
v -0.3 4.7 -0.8
v -0.2 4.7 -0.8
v -0.0999999 4.7 -0.8
v 0.1 4.7 -0.8
v 0.2 4.7 -0.8
v 0.3 4.7 -0.8
v -0.2 4.7 -0.9
v -0.0999999 4.7 -0.9
v 0.1 4.7 -0.9
v 0.2 4.7 -0.9
v -0.0999999 4.8 -0.3
v 0.1 4.8 -0.3
v -0.2 4.8 -0.4
v -0.0999999 4.8 -0.4
v 0.1 4.8 -0.4
v 0.2 4.8 -0.4
v -0.2 4.8 -0.8
v -0.0999999 4.8 -0.8
v 0.1 4.8 -0.8
v 0.2 4.8 -0.8
v -0.0999999 4.8 -0.9
v 0.1 4.8 -0.9
v -0.0999999 4.9 -0.4
v 0.1 4.9 -0.4
v -0.0999999 4.9 -0.6
v 0.1 4.9 -0.6
v -0.0999999 4.9 -0.7
v 0.1 4.9 -0.7
v -0.0999999 4.9 -0.8
v 0.1 4.9 -0.8
v -0.2 5.6 -0.6
v -0.0999999 5.6 -0.6
v 0.1 5.6 -0.6
v 0.2 5.6 -0.6
v -0.2 5.6 -0.7
v -0.0999999 5.6 -0.7
v 0.1 5.6 -0.7
v 0.2 5.6 -0.7
v -0.0999999 5.8 -0.6
v 0.1 5.8 -0.6
v -0.0999999 5.8 -0.7
v 0.1 5.8 -0.7

# faces
f 7/13/1 6/13/1 5/13/1
f 8/13/1 6/13/1 7/13/1
f 9/13/1 2/13/1 1/13/1
f 10/14/1 3/14/1 2/14/1
f 10/13/1 2/13/1 9/13/1
f 11/17/1 4/17/1 3/17/1
f 11/14/1 3/14/1 10/14/1
f 12/14/1 5/14/1 4/14/1
f 12/17/1 4/17/1 11/17/1
f 13/13/1 7/13/1 5/13/1
f 13/14/1 5/14/1 12/14/1
f 14/17/1 8/17/1 7/17/1
f 14/13/1 7/13/1 13/13/1
f 15/13/1 6/13/1 8/13/1
f 15/17/1 8/17/1 14/17/1
f 16/13/1 6/13/1 15/13/1
f 19/6/1 18/6/1 17/6/1
f 20/6/1 18/6/1 19/6/1
f 28/22/1 22/22/1 21/22/1
f 28/24/1 23/24/1 22/24/1
f 29/23/1 24/23/1 23/23/1
f 29/24/1 23/24/1 28/24/1
f 30/23/1 24/23/1 29/23/1
f 31/23/1 24/23/1 30/23/1
f 32/22/1 25/22/1 24/22/1
f 33/22/1 25/22/1 32/22/1
f 34/21/1 26/21/1 25/21/1
f 34/22/1 25/22/1 33/22/1
f 35/22/1 27/22/1 26/22/1
f 35/21/1 26/21/1 34/21/1
f 36/22/1 27/22/1 35/22/1
f 37/22/1 27/22/1 36/22/1
f 38/23/1 30/23/1 29/23/1
f 39/23/1 30/23/1 38/23/1
f 40/21/1 31/21/1 30/21/1
f 40/23/1 30/23/1 39/23/1
f 41/23/1 24/23/1 31/23/1
f 41/21/1 31/21/1 40/21/1
f 42/23/1 24/23/1 41/23/1
f 43/22/1 32/22/1 24/22/1
f 43/23/1 24/23/1 42/23/1
f 44/22/1 32/22/1 43/22/1
f 45/24/1 33/24/1 32/24/1
f 45/22/1 32/22/1 44/22/1
f 46/22/1 34/22/1 33/22/1
f 46/24/1 33/24/1 45/24/1
f 46/22/1 35/22/1 34/22/1
f 46/22/1 36/22/1 35/22/1
f 47/22/1 36/22/1 46/22/1
f 48/21/1 37/21/1 36/21/1
f 48/22/1 36/22/1 47/22/1
f 49/21/1 37/21/1 48/21/1
f 50/24/1 39/24/1 38/24/1
f 50/23/1 38/23/1 29/23/1
f 51/23/1 40/23/1 39/23/1
f 51/24/1 39/24/1 50/24/1
f 51/23/1 42/23/1 41/23/1
f 51/23/1 41/23/1 40/23/1
f 52/23/1 42/23/1 51/23/1
f 53/21/1 44/21/1 43/21/1
f 53/23/1 42/23/1 52/23/1
f 53/21/1 43/21/1 42/21/1
f 54/22/1 45/22/1 44/22/1
f 54/21/1 44/21/1 53/21/1
f 55/23/1 46/23/1 45/23/1
f 55/22/1 45/22/1 54/22/1
f 55/23/1 47/23/1 46/23/1
f 56/23/1 47/23/1 55/23/1
f 57/23/1 47/23/1 56/23/1
f 58/22/1 28/22/1 21/22/1
f 58/22/1 29/22/1 28/22/1
f 59/23/1 52/23/1 51/23/1
f 59/22/1 29/22/1 58/22/1
f 59/23/1 50/23/1 29/23/1
f 59/23/1 51/23/1 50/23/1
f 60/23/1 52/23/1 59/23/1
f 61/22/1 53/22/1 52/22/1
f 61/23/1 52/23/1 60/23/1
f 62/23/1 56/23/1 55/23/1
f 62/23/1 55/23/1 54/23/1
f 62/21/1 54/21/1 53/21/1
f 63/23/1 56/23/1 62/23/1
f 64/22/1 61/22/1 60/22/1
f 65/22/1 53/22/1 61/22/1
f 65/22/1 61/22/1 64/22/1
f 66/21/1 62/21/1 53/21/1
f 66/22/1 53/22/1 65/22/1
f 66/21/1 63/21/1 62/21/1
f 67/21/1 63/21/1 66/21/1
f 68/22/1 48/22/1 47/22/1
f 68/22/1 49/22/1 48/22/1
f 69/22/1 49/22/1 68/22/1
f 70/22/1 58/22/1 21/22/1
f 71/22/1 58/22/1 70/22/1
f 72/22/1 64/22/1 60/22/1
f 72/21/1 65/21/1 64/21/1
f 73/22/1 67/22/1 66/22/1
f 73/21/1 65/21/1 72/21/1
f 73/22/1 66/22/1 65/22/1
f 74/21/1 63/21/1 67/21/1
f 74/22/1 67/22/1 73/22/1
f 75/23/1 56/23/1 63/23/1
f 75/21/1 63/21/1 74/21/1
f 76/24/1 57/24/1 56/24/1
f 76/23/1 56/23/1 75/23/1
f 77/23/1 47/23/1 57/23/1
f 77/24/1 57/24/1 76/24/1
f 78/22/1 68/22/1 47/22/1
f 78/21/1 69/21/1 68/21/1
f 79/21/1 69/21/1 78/21/1
f 80/22/1 58/22/1 71/22/1
f 81/24/1 60/24/1 59/24/1
f 81/22/1 58/22/1 80/22/1
f 81/24/1 59/24/1 58/24/1
f 82/22/1 73/22/1 72/22/1
f 82/24/1 60/24/1 81/24/1
f 82/22/1 74/22/1 73/22/1
f 82/22/1 72/22/1 60/22/1
f 83/23/1 76/23/1 75/23/1
f 83/22/1 74/22/1 82/22/1
f 83/23/1 75/23/1 74/23/1
f 83/23/1 77/23/1 76/23/1
f 84/22/1 78/22/1 47/22/1
f 84/23/1 77/23/1 83/23/1
f 84/23/1 47/23/1 77/23/1
f 85/22/1 78/22/1 84/22/1
f 95/23/1 89/23/1 88/23/1
f 95/23/1 90/23/1 89/23/1
f 96/23/1 90/23/1 95/23/1
f 97/22/1 91/22/1 90/22/1
f 97/22/1 92/22/1 91/22/1
f 98/21/1 93/21/1 92/21/1
f 98/22/1 92/22/1 97/22/1
f 99/22/1 87/22/1 86/22/1
f 100/21/1 88/21/1 87/21/1
f 100/22/1 87/22/1 99/22/1
f 101/23/1 95/23/1 88/23/1
f 101/21/1 88/21/1 100/21/1
f 102/21/1 96/21/1 95/21/1
f 102/23/1 95/23/1 101/23/1
f 103/23/1 90/23/1 96/23/1
f 103/21/1 96/21/1 102/21/1
f 104/22/1 97/22/1 90/22/1
f 104/23/1 90/23/1 103/23/1
f 105/22/1 97/22/1 104/22/1
f 106/22/1 97/22/1 105/22/1
f 107/22/1 97/22/1 106/22/1
f 108/24/1 98/24/1 97/24/1
f 108/22/1 97/22/1 107/22/1
f 109/21/1 93/21/1 98/21/1
f 109/24/1 98/24/1 108/24/1
f 110/22/1 99/22/1 86/22/1
f 111/22/1 99/22/1 110/22/1
f 112/23/1 103/23/1 102/23/1
f 112/22/1 99/22/1 111/22/1
f 112/23/1 102/23/1 101/23/1
f 112/23/1 101/23/1 100/23/1
f 112/23/1 100/23/1 99/23/1
f 112/23/1 104/23/1 103/23/1
f 113/24/1 105/24/1 104/24/1
f 113/23/1 104/23/1 112/23/1
f 114/22/1 106/22/1 105/22/1
f 114/24/1 105/24/1 113/24/1
f 115/23/1 107/23/1 106/23/1
f 115/22/1 106/22/1 114/22/1
f 116/22/1 108/22/1 107/22/1
f 116/23/1 107/23/1 115/23/1
f 116/22/1 109/22/1 108/22/1
f 117/21/1 93/21/1 109/21/1
f 117/22/1 109/22/1 116/22/1
f 118/21/1 93/21/1 117/21/1
f 119/21/1 93/21/1 118/21/1
f 120/22/1 94/22/1 93/22/1
f 120/21/1 93/21/1 119/21/1
f 121/22/1 94/22/1 120/22/1
f 126/21/1 123/21/1 122/21/1
f 127/21/1 123/21/1 126/21/1
f 128/22/1 125/22/1 124/22/1
f 129/22/1 125/22/1 128/22/1
f 133/15/1 131/15/1 130/15/1
f 134/6/1 132/6/1 131/6/1
f 134/15/1 131/15/1 133/15/1
f 135/6/1 132/6/1 134/6/1
f 138/6/1 137/6/1 136/6/1
f 139/6/1 137/6/1 138/6/1
f 146/6/1 143/6/1 142/6/1
f 147/6/1 143/6/1 146/6/1
f 148/15/1 145/15/1 144/15/1
f 149/15/1 145/15/1 148/15/1
f 152/10/1 141/10/1 140/10/1
f 153/10/1 141/10/1 152/10/1
f 156/6/1 151/6/1 150/6/1
f 157/6/1 151/6/1 156/6/1
f 158/1/1 153/1/1 152/1/1
f 159/1/1 153/1/1 158/1/1
f 160/6/1 155/6/1 154/6/1
f 161/6/1 155/6/1 160/6/1
f 166/18/1 163/18/1 162/18/1
f 169/18/1 165/18/1 164/18/1
f 170/18/1 168/18/1 167/18/1
f 170/18/1 169/18/1 168/18/1
f 170/18/1 166/18/1 162/18/1
f 170/18/1 167/18/1 166/18/1
f 171/18/1 165/18/1 169/18/1
f 171/18/1 169/18/1 170/18/1
f 176/19/1 173/19/1 172/19/1
f 177/19/1 173/19/1 176/19/1
f 178/15/1 175/15/1 174/15/1
f 179/15/1 175/15/1 178/15/1
f 181/19/1 179/19/1 178/19/1
f 181/19/1 180/19/1 179/19/1
f 182/19/1 180/19/1 181/19/1
f 183/19/1 180/19/1 182/19/1
f 184/20/1 177/20/1 176/20/1
f 185/20/1 177/20/1 184/20/1
f 186/19/1 182/19/1 181/19/1
f 187/19/1 182/19/1 186/19/1
f 188/20/1 187/20/1 186/20/1
f 189/20/1 187/20/1 188/20/1
f 190/19/1 185/19/1 184/19/1
f 191/19/1 189/19/1 188/19/1
f 192/19/1 189/19/1 191/19/1
f 193/19/1 185/19/1 190/19/1
f 194/19/1 185/19/1 193/19/1
f 197/18/1 196/18/1 195/18/1
f 198/18/1 196/18/1 197/18/1
f 201/18/1 200/18/1 199/18/1
f 202/18/1 200/18/1 201/18/1
f 205/9/1 204/9/1 203/9/1
f 206/9/1 204/9/1 205/9/1
f 209/22/1 208/22/1 207/22/1
f 210/22/1 208/22/1 209/22/1
f 211/20/1 210/20/1 209/20/1
f 212/20/1 210/20/1 211/20/1
f 213/19/1 212/19/1 211/19/1
f 214/19/1 212/19/1 213/19/1
f 217/20/1 216/20/1 215/20/1
f 218/20/1 216/20/1 217/20/1
f 221/18/1 220/18/1 219/18/1
f 222/18/1 220/18/1 221/18/1
f 225/19/1 224/19/1 223/19/1
f 226/19/1 224/19/1 225/19/1
f 227/20/1 226/20/1 225/20/1
f 228/20/1 226/20/1 227/20/1
f 231/18/1 230/18/1 229/18/1
f 232/18/1 230/18/1 231/18/1
f 235/20/1 234/20/1 233/20/1
f 236/20/1 234/20/1 235/20/1
f 239/18/1 238/18/1 237/18/1
f 240/18/1 238/18/1 239/18/1
f 243/18/1 242/18/1 241/18/1
f 244/18/1 242/18/1 243/18/1
f 245/18/1 243/18/1 241/18/1
f 246/18/1 243/18/1 245/18/1
f 247/18/1 242/18/1 244/18/1
f 248/18/1 242/18/1 247/18/1
f 251/22/1 250/22/1 249/22/1
f 252/22/1 250/22/1 251/22/1
f 256/18/1 254/18/1 253/18/1
f 257/18/1 256/18/1 255/18/1
f 258/18/1 254/18/1 256/18/1
f 258/18/1 256/18/1 257/18/1
f 259/18/1 254/18/1 258/18/1
f 260/18/1 254/18/1 259/18/1
f 261/19/1 259/19/1 258/19/1
f 262/19/1 259/19/1 261/19/1
f 263/20/1 262/20/1 261/20/1
f 264/20/1 262/20/1 263/20/1
f 265/19/1 264/19/1 263/19/1
f 266/19/1 264/19/1 265/19/1
f 267/20/1 266/20/1 265/20/1
f 268/20/1 266/20/1 267/20/1
f 270/19/1 268/19/1 267/19/1
f 271/19/1 268/19/1 270/19/1
f 275/18/1 270/18/1 269/18/1
f 276/18/1 270/18/1 275/18/1
f 277/2/1 274/2/1 273/2/1
f 278/2/1 274/2/1 277/2/1
f 279/18/1 272/18/1 271/18/1
f 280/18/1 272/18/1 279/18/1
f 283/18/1 282/18/1 281/18/1
f 284/18/1 282/18/1 283/18/1
f 287/1/1 286/1/1 285/1/1
f 288/1/1 286/1/1 287/1/1
f 296/18/1 290/18/1 289/18/1
f 297/18/1 296/18/1 295/18/1
f 298/19/1 291/19/1 290/19/1
f 298/18/1 296/18/1 297/18/1
f 298/18/1 290/18/1 296/18/1
f 299/18/1 294/18/1 293/18/1
f 299/19/1 293/19/1 292/19/1
f 300/18/1 294/18/1 299/18/1
f 301/19/1 291/19/1 298/19/1
f 302/19/1 291/19/1 301/19/1
f 303/19/1 299/19/1 292/19/1
f 304/19/1 299/19/1 303/19/1
f 305/20/1 302/20/1 301/20/1
f 306/20/1 302/20/1 305/20/1
f 307/20/1 304/20/1 303/20/1
f 308/20/1 304/20/1 307/20/1
f 309/19/1 306/19/1 305/19/1
f 310/19/1 306/19/1 309/19/1
f 311/19/1 308/19/1 307/19/1
f 312/19/1 308/19/1 311/19/1
f 313/20/1 310/20/1 309/20/1
f 314/20/1 310/20/1 313/20/1
f 315/20/1 312/20/1 311/20/1
f 316/20/1 312/20/1 315/20/1
f 318/19/1 314/19/1 313/19/1
f 319/19/1 314/19/1 318/19/1
f 320/19/1 316/19/1 315/19/1
f 321/19/1 316/19/1 320/19/1
f 323/18/1 318/18/1 317/18/1
f 324/18/1 318/18/1 323/18/1
f 329/18/1 322/18/1 321/18/1
f 330/18/1 322/18/1 329/18/1
f 331/19/1 326/19/1 325/19/1
f 332/19/1 328/19/1 327/19/1
f 334/19/1 331/19/1 325/19/1
f 334/19/1 332/19/1 331/19/1
f 335/19/1 328/19/1 332/19/1
f 335/19/1 332/19/1 334/19/1
f 337/18/1 334/18/1 333/18/1
f 338/18/1 334/18/1 337/18/1
f 339/18/1 336/18/1 335/18/1
f 340/18/1 336/18/1 339/18/1
f 341/18/1 339/18/1 338/18/1
f 342/18/1 339/18/1 341/18/1
f 345/1/1 344/1/1 343/1/1
f 346/1/1 344/1/1 345/1/1
f 350/18/1 348/18/1 347/18/1
f 351/18/1 348/18/1 350/18/1
f 355/18/1 350/18/1 349/18/1
f 355/18/1 351/18/1 350/18/1
f 355/18/1 352/18/1 351/18/1
f 356/18/1 352/18/1 355/18/1
f 357/18/1 354/18/1 353/18/1
f 358/18/1 354/18/1 357/18/1
f 361/2/1 360/2/1 359/2/1
f 362/2/1 360/2/1 361/2/1
f 367/18/1 364/18/1 363/18/1
f 368/18/1 364/18/1 367/18/1
f 369/18/1 366/18/1 365/18/1
f 370/18/1 366/18/1 369/18/1
f 371/18/1 369/18/1 368/18/1
f 372/18/1 369/18/1 371/18/1
f 373/18/1 369/18/1 372/18/1
f 374/18/1 369/18/1 373/18/1
f 375/1/1 373/1/1 372/1/1
f 376/1/1 373/1/1 375/1/1
f 379/1/1 378/1/1 377/1/1
f 380/1/1 378/1/1 379/1/1
f 383/19/1 382/19/1 381/19/1
f 384/19/1 383/19/1 381/19/1
f 385/19/1 383/19/1 384/19/1
f 388/18/1 387/18/1 386/18/1
f 390/18/1 388/18/1 386/18/1
f 391/18/1 388/18/1 390/18/1
f 392/18/1 390/18/1 389/18/1
f 393/18/1 390/18/1 392/18/1
f 398/18/1 395/18/1 394/18/1
f 399/18/1 395/18/1 398/18/1
f 404/18/1 397/18/1 396/18/1
f 405/18/1 397/18/1 404/18/1
f 406/19/1 401/19/1 400/19/1
f 407/19/1 403/19/1 402/19/1
f 408/19/1 406/19/1 400/19/1
f 409/19/1 406/19/1 408/19/1
f 410/19/1 403/19/1 407/19/1
f 411/19/1 403/19/1 410/19/1
f 418/18/1 413/18/1 412/18/1
f 418/18/1 414/18/1 413/18/1
f 419/18/1 414/18/1 418/18/1
f 420/18/1 414/18/1 419/18/1
f 421/18/1 416/18/1 415/18/1
f 421/18/1 417/18/1 416/18/1
f 422/18/1 417/18/1 421/18/1
f 423/18/1 417/18/1 422/18/1
f 426/1/1 425/1/1 424/1/1
f 427/1/1 425/1/1 426/1/1
f 430/18/1 429/18/1 428/18/1
f 431/18/1 430/18/1 428/18/1
f 432/18/1 430/18/1 431/18/1
f 435/18/1 434/18/1 433/18/1
f 436/18/1 434/18/1 435/18/1
f 440/20/1 438/20/1 437/20/1
f 441/19/1 439/19/1 438/19/1
f 441/20/1 438/20/1 440/20/1
f 442/19/1 439/19/1 441/19/1
f 445/18/1 444/18/1 443/18/1
f 446/18/1 444/18/1 445/18/1
f 449/19/1 448/19/1 447/19/1
f 450/19/1 448/19/1 449/19/1
f 451/20/1 450/20/1 449/20/1
f 452/19/1 448/19/1 450/19/1
f 452/20/1 450/20/1 451/20/1
f 453/19/1 448/19/1 452/19/1
f 456/18/1 455/18/1 454/18/1
f 457/18/1 456/18/1 454/18/1
f 458/18/1 456/18/1 457/18/1
f 462/22/1 460/22/1 459/22/1
f 463/19/1 461/19/1 460/19/1
f 463/22/1 460/22/1 462/22/1
f 464/20/1 463/20/1 462/20/1
f 465/19/1 461/19/1 463/19/1
f 465/20/1 463/20/1 464/20/1
f 466/19/1 465/19/1 464/19/1
f 467/19/1 461/19/1 465/19/1
f 467/19/1 465/19/1 466/19/1
f 469/19/1 461/19/1 467/19/1
f 470/20/1 469/20/1 468/20/1
f 471/19/1 461/19/1 469/19/1
f 471/20/1 469/20/1 470/20/1
f 472/19/1 461/19/1 471/19/1
f 473/19/1 461/19/1 472/19/1
f 476/18/1 475/18/1 474/18/1
f 477/18/1 476/18/1 474/18/1
f 478/18/1 477/18/1 474/18/1
f 479/18/1 477/18/1 478/18/1
f 482/18/1 481/18/1 480/18/1
f 483/18/1 481/18/1 482/18/1
f 506/13/1 485/13/1 484/13/1
f 506/13/1 505/13/1 504/13/1
f 506/13/1 504/13/1 503/13/1
f 506/13/1 503/13/1 502/13/1
f 506/13/1 502/13/1 501/13/1
f 506/13/1 501/13/1 500/13/1
f 506/13/1 500/13/1 499/13/1
f 506/13/1 499/13/1 498/13/1
f 506/13/1 498/13/1 497/13/1
f 506/13/1 497/13/1 496/13/1
f 506/13/1 496/13/1 495/13/1
f 506/13/1 495/13/1 494/13/1
f 506/13/1 494/13/1 493/13/1
f 506/13/1 493/13/1 492/13/1
f 506/13/1 492/13/1 491/13/1
f 506/13/1 491/13/1 490/13/1
f 506/13/1 490/13/1 489/13/1
f 506/13/1 489/13/1 488/13/1
f 506/13/1 488/13/1 487/13/1
f 506/13/1 487/13/1 486/13/1
f 506/13/1 486/13/1 485/13/1
f 507/13/1 505/13/1 506/13/1
f 510/6/1 509/6/1 508/6/1
f 511/6/1 509/6/1 510/6/1
f 514/18/1 513/18/1 512/18/1
f 515/18/1 513/18/1 514/18/1
f 522/10/1 517/10/1 516/10/1
f 523/10/1 517/10/1 522/10/1
f 524/10/1 519/10/1 518/10/1
f 525/10/1 519/10/1 524/10/1
f 526/9/1 521/9/1 520/9/1
f 527/9/1 521/9/1 526/9/1
f 528/1/1 523/1/1 522/1/1
f 529/1/1 523/1/1 528/1/1
f 530/1/1 525/1/1 524/1/1
f 531/1/1 525/1/1 530/1/1
f 534/15/1 533/15/1 532/15/1
f 535/15/1 533/15/1 534/15/1
f 538/6/1 537/6/1 536/6/1
f 539/6/1 537/6/1 538/6/1
f 540/6/2 541/6/2 542/6/2
f 542/6/2 541/6/2 543/6/2
f 546/6/2 547/6/2 548/6/2
f 548/6/2 547/6/2 549/6/2
f 544/10/2 545/10/2 552/10/2
f 552/10/2 545/10/2 553/10/2
f 550/9/2 551/9/2 554/9/2
f 554/9/2 551/9/2 555/9/2
f 552/1/2 553/1/2 557/1/2
f 557/1/2 553/1/2 558/1/2
f 555/6/2 556/6/2 559/6/2
f 559/6/2 556/6/2 560/6/2
f 561/13/2 562/13/2 580/13/2
f 578/13/2 579/13/2 580/13/2
f 577/13/2 578/13/2 580/13/2
f 576/13/2 577/13/2 580/13/2
f 575/13/2 576/13/2 580/13/2
f 574/13/2 575/13/2 580/13/2
f 573/13/2 574/13/2 580/13/2
f 572/13/2 573/13/2 580/13/2
f 571/13/2 572/13/2 580/13/2
f 570/13/2 571/13/2 580/13/2
f 569/13/2 570/13/2 580/13/2
f 568/13/2 569/13/2 580/13/2
f 567/13/2 568/13/2 580/13/2
f 566/13/2 567/13/2 580/13/2
f 565/13/2 566/13/2 580/13/2
f 564/13/2 565/13/2 580/13/2
f 563/13/2 564/13/2 580/13/2
f 562/13/2 563/13/2 580/13/2
f 580/13/2 579/13/2 581/13/2
f 582/18/2 583/18/2 584/18/2
f 584/18/2 583/18/2 585/18/2
f 586/18/2 587/18/2 588/18/2
f 588/18/2 587/18/2 589/18/2
f 590/22/2 591/22/2 593/22/2
f 591/19/2 592/19/2 594/19/2
f 593/22/2 591/22/2 594/22/2
f 593/20/2 594/20/2 595/20/2
f 594/19/2 592/19/2 596/19/2
f 595/20/2 594/20/2 596/20/2
f 595/19/2 596/19/2 597/19/2
f 596/19/2 592/19/2 598/19/2
f 597/19/2 596/19/2 598/19/2
f 598/19/2 592/19/2 600/19/2
f 599/20/2 600/20/2 601/20/2
f 600/19/2 592/19/2 602/19/2
f 601/20/2 600/20/2 602/20/2
f 602/19/2 592/19/2 603/19/2
f 603/19/2 592/19/2 604/19/2
f 605/18/2 606/18/2 607/18/2
f 605/18/2 607/18/2 608/18/2
f 605/18/2 608/18/2 609/18/2
f 609/18/2 608/18/2 610/18/2
f 611/19/2 612/19/2 613/19/2
f 613/19/2 612/19/2 614/19/2
f 613/20/2 614/20/2 615/20/2
f 614/19/2 612/19/2 616/19/2
f 615/20/2 614/20/2 616/20/2
f 616/19/2 612/19/2 617/19/2
f 618/18/2 619/18/2 620/18/2
f 618/18/2 620/18/2 621/18/2
f 621/18/2 620/18/2 622/18/2
f 623/20/2 624/20/2 626/20/2
f 624/19/2 625/19/2 627/19/2
f 626/20/2 624/20/2 627/20/2
f 627/19/2 625/19/2 628/19/2
f 629/18/2 630/18/2 631/18/2
f 631/18/2 630/18/2 632/18/2
f 633/18/2 634/18/2 635/18/2
f 633/18/2 635/18/2 636/18/2
f 636/18/2 635/18/2 637/18/2
f 638/18/2 639/18/2 640/18/2
f 640/18/2 639/18/2 641/18/2
f 642/1/2 643/1/2 644/1/2
f 644/1/2 643/1/2 645/1/2
f 646/19/2 647/19/2 648/19/2
f 646/19/2 648/19/2 649/19/2
f 649/19/2 648/19/2 650/19/2
f 651/18/2 652/18/2 653/18/2
f 651/18/2 653/18/2 655/18/2
f 655/18/2 653/18/2 656/18/2
f 654/18/2 655/18/2 657/18/2
f 657/18/2 655/18/2 658/18/2
f 659/18/2 660/18/2 663/18/2
f 663/18/2 660/18/2 664/18/2
f 661/18/2 662/18/2 669/18/2
f 669/18/2 662/18/2 670/18/2
f 665/19/2 666/19/2 671/19/2
f 667/19/2 668/19/2 672/19/2
f 665/19/2 671/19/2 673/19/2
f 673/19/2 671/19/2 674/19/2
f 672/19/2 668/19/2 675/19/2
f 675/19/2 668/19/2 676/19/2
f 677/18/2 678/18/2 683/18/2
f 678/18/2 679/18/2 683/18/2
f 683/18/2 679/18/2 684/18/2
f 684/18/2 679/18/2 685/18/2
f 680/18/2 681/18/2 686/18/2
f 681/18/2 682/18/2 686/18/2
f 686/18/2 682/18/2 687/18/2
f 687/18/2 682/18/2 688/18/2
f 689/18/2 690/18/2 692/18/2
f 692/18/2 690/18/2 693/18/2
f 691/18/2 692/18/2 697/18/2
f 692/18/2 693/18/2 697/18/2
f 693/18/2 694/18/2 697/18/2
f 697/18/2 694/18/2 698/18/2
f 695/18/2 696/18/2 699/18/2
f 699/18/2 696/18/2 700/18/2
f 701/2/2 702/2/2 703/2/2
f 703/2/2 702/2/2 704/2/2
f 705/18/2 706/18/2 709/18/2
f 709/18/2 706/18/2 710/18/2
f 707/18/2 708/18/2 711/18/2
f 711/18/2 708/18/2 712/18/2
f 710/18/2 711/18/2 713/18/2
f 713/18/2 711/18/2 714/18/2
f 714/18/2 711/18/2 715/18/2
f 715/18/2 711/18/2 716/18/2
f 714/1/2 715/1/2 717/1/2
f 717/1/2 715/1/2 718/1/2
f 719/1/2 720/1/2 721/1/2
f 721/1/2 720/1/2 722/1/2
f 723/18/2 724/18/2 730/18/2
f 729/18/2 730/18/2 731/18/2
f 724/19/2 725/19/2 732/19/2
f 731/18/2 730/18/2 732/18/2
f 730/18/2 724/18/2 732/18/2
f 727/18/2 728/18/2 733/18/2
f 726/19/2 727/19/2 733/19/2
f 733/18/2 728/18/2 734/18/2
f 732/19/2 725/19/2 735/19/2
f 735/19/2 725/19/2 736/19/2
f 726/19/2 733/19/2 737/19/2
f 737/19/2 733/19/2 738/19/2
f 735/20/2 736/20/2 739/20/2
f 739/20/2 736/20/2 740/20/2
f 737/20/2 738/20/2 741/20/2
f 741/20/2 738/20/2 742/20/2
f 739/19/2 740/19/2 743/19/2
f 743/19/2 740/19/2 744/19/2
f 741/19/2 742/19/2 745/19/2
f 745/19/2 742/19/2 746/19/2
f 743/20/2 744/20/2 747/20/2
f 747/20/2 744/20/2 748/20/2
f 745/20/2 746/20/2 749/20/2
f 749/20/2 746/20/2 750/20/2
f 747/19/2 748/19/2 752/19/2
f 752/19/2 748/19/2 753/19/2
f 749/19/2 750/19/2 754/19/2
f 754/19/2 750/19/2 755/19/2
f 751/18/2 752/18/2 757/18/2
f 757/18/2 752/18/2 758/18/2
f 755/18/2 756/18/2 763/18/2
f 763/18/2 756/18/2 764/18/2
f 759/19/2 760/19/2 765/19/2
f 761/19/2 762/19/2 766/19/2
f 759/19/2 765/19/2 768/19/2
f 765/19/2 766/19/2 768/19/2
f 766/19/2 762/19/2 769/19/2
f 768/19/2 766/19/2 769/19/2
f 767/18/2 768/18/2 771/18/2
f 771/18/2 768/18/2 772/18/2
f 769/18/2 770/18/2 773/18/2
f 773/18/2 770/18/2 774/18/2
f 772/18/2 773/18/2 775/18/2
f 775/18/2 773/18/2 776/18/2
f 777/1/2 778/1/2 779/1/2
f 779/1/2 778/1/2 780/1/2
f 781/1/2 782/1/2 783/1/2
f 783/1/2 782/1/2 784/1/2
f 785/22/2 786/22/2 787/22/2
f 787/22/2 786/22/2 788/22/2
f 789/18/2 790/18/2 792/18/2
f 791/18/2 792/18/2 793/18/2
f 792/18/2 790/18/2 794/18/2
f 793/18/2 792/18/2 794/18/2
f 794/18/2 790/18/2 795/18/2
f 795/18/2 790/18/2 796/18/2
f 794/19/2 795/19/2 797/19/2
f 797/19/2 795/19/2 798/19/2
f 797/20/2 798/20/2 799/20/2
f 799/20/2 798/20/2 800/20/2
f 799/19/2 800/19/2 801/19/2
f 801/19/2 800/19/2 802/19/2
f 801/20/2 802/20/2 803/20/2
f 803/20/2 802/20/2 804/20/2
f 803/19/2 804/19/2 806/19/2
f 806/19/2 804/19/2 807/19/2
f 805/18/2 806/18/2 811/18/2
f 811/18/2 806/18/2 812/18/2
f 809/2/2 810/2/2 813/2/2
f 813/2/2 810/2/2 814/2/2
f 807/18/2 808/18/2 815/18/2
f 815/18/2 808/18/2 816/18/2
f 817/18/2 818/18/2 819/18/2
f 819/18/2 818/18/2 820/18/2
f 821/20/2 822/20/2 823/20/2
f 823/20/2 822/20/2 824/20/2
f 825/18/2 826/18/2 827/18/2
f 827/18/2 826/18/2 828/18/2
f 829/18/2 830/18/2 831/18/2
f 831/18/2 830/18/2 832/18/2
f 829/18/2 831/18/2 833/18/2
f 833/18/2 831/18/2 834/18/2
f 832/18/2 830/18/2 835/18/2
f 835/18/2 830/18/2 836/18/2
f 837/19/2 838/19/2 839/19/2
f 839/19/2 838/19/2 840/19/2
f 839/20/2 840/20/2 841/20/2
f 841/20/2 840/20/2 842/20/2
f 843/18/2 844/18/2 845/18/2
f 845/18/2 844/18/2 846/18/2
f 847/6/2 848/6/2 850/6/2
f 848/15/2 849/15/2 851/15/2
f 850/6/2 848/6/2 851/6/2
f 851/15/2 849/15/2 852/15/2
f 853/22/2 854/22/2 855/22/2
f 855/22/2 854/22/2 856/22/2
f 855/20/2 856/20/2 857/20/2
f 857/20/2 856/20/2 858/20/2
f 857/19/2 858/19/2 859/19/2
f 859/19/2 858/19/2 860/19/2
f 861/20/2 862/20/2 863/20/2
f 863/20/2 862/20/2 864/20/2
f 865/18/2 866/18/2 867/18/2
f 867/18/2 866/18/2 868/18/2
f 869/18/2 870/18/2 871/18/2
f 871/18/2 870/18/2 872/18/2
f 873/19/2 874/19/2 875/19/2
f 875/19/2 874/19/2 876/19/2
f 873/19/2 875/19/2 878/19/2
f 878/19/2 875/19/2 879/19/2
f 877/19/2 878/19/2 879/19/2
f 875/20/2 876/20/2 880/20/2
f 879/19/2 875/19/2 880/19/2
f 880/20/2 876/20/2 881/20/2
f 881/20/2 876/20/2 882/20/2
f 882/20/2 876/20/2 883/20/2
f 877/19/2 879/19/2 884/19/2
f 884/19/2 879/19/2 885/19/2
f 879/20/2 880/20/2 886/20/2
f 885/19/2 879/19/2 886/19/2
f 880/20/2 881/20/2 886/20/2
f 881/22/2 882/22/2 887/22/2
f 886/20/2 881/20/2 887/20/2
f 882/19/2 883/19/2 888/19/2
f 887/22/2 882/22/2 888/22/2
f 884/20/2 885/20/2 889/20/2
f 885/19/2 886/19/2 890/19/2
f 889/20/2 885/20/2 890/20/2
f 886/19/2 887/19/2 890/19/2
f 887/19/2 888/19/2 890/19/2
f 890/19/2 888/19/2 891/19/2
f 891/19/2 888/19/2 892/19/2
f 889/19/2 890/19/2 893/19/2
f 890/20/2 891/20/2 893/20/2
f 893/20/2 891/20/2 894/20/2
f 894/20/2 891/20/2 895/20/2
f 891/22/2 892/22/2 896/22/2
f 895/20/2 891/20/2 896/20/2
f 892/19/2 888/19/2 897/19/2
f 896/22/2 892/22/2 897/22/2
f 889/19/2 893/19/2 898/19/2
f 893/19/2 894/19/2 898/19/2
f 894/20/2 895/20/2 899/20/2
f 898/19/2 894/19/2 899/19/2
f 895/19/2 896/19/2 900/19/2
f 899/20/2 895/20/2 900/20/2
f 896/19/2 897/19/2 900/19/2
f 888/19/2 883/19/2 901/19/2
f 900/19/2 897/19/2 901/19/2
f 897/19/2 888/19/2 901/19/2
f 902/18/2 903/18/2 904/18/2
f 904/18/2 903/18/2 905/18/2
f 906/10/2 907/10/2 910/10/2
f 910/10/2 907/10/2 911/10/2
f 908/10/2 909/10/2 912/10/2
f 912/10/2 909/10/2 913/10/2
f 910/1/2 911/1/2 914/1/2
f 914/1/2 911/1/2 915/1/2
f 912/1/2 913/1/2 916/1/2
f 916/1/2 913/1/2 917/1/2
f 918/18/2 919/18/2 920/18/2
f 920/18/2 919/18/2 921/18/2
f 922/15/2 923/15/2 928/15/2
f 928/15/2 923/15/2 929/15/2
f 924/6/2 925/6/2 930/6/2
f 930/6/2 925/6/2 931/6/2
f 926/6/2 927/6/2 932/6/2
f 931/6/2 932/6/2 933/6/2
f 932/6/2 927/6/2 934/6/2
f 933/6/2 932/6/2 934/6/2
f 935/6/2 936/6/2 937/6/2
f 937/6/2 936/6/2 938/6/2
f 939/6/2 940/6/2 941/6/2
f 941/6/2 940/6/2 942/6/2
f 944/13/2 945/13/2 946/13/2
f 946/13/2 945/13/2 947/13/2
f 947/13/2 945/13/2 948/13/2
f 948/13/2 945/13/2 949/13/2
f 943/14/2 944/14/2 950/14/2
f 944/13/2 946/13/2 951/13/2
f 950/14/2 944/14/2 951/14/2
f 946/16/2 947/16/2 952/16/2
f 951/13/2 946/13/2 952/13/2
f 947/13/2 948/13/2 953/13/2
f 952/16/2 947/16/2 953/16/2
f 948/14/2 949/14/2 954/14/2
f 953/13/2 948/13/2 954/13/2
f 949/13/2 945/13/2 955/13/2
f 954/14/2 949/14/2 955/14/2
f 955/13/2 945/13/2 956/13/2
f 959/13/3 958/13/3 957/13/3
f 960/13/3 958/13/3 959/13/3
f 961/13/3 958/13/3 960/13/3
f 962/6/3 960/6/3 959/6/3
f 963/6/3 960/6/3 962/6/3
f 964/9/3 963/9/3 962/9/3
f 965/9/3 963/9/3 964/9/3
f 966/15/3 965/15/3 964/15/3
f 967/15/3 965/15/3 966/15/3
f 968/6/3 967/6/3 966/6/3
f 969/6/3 967/6/3 968/6/3
f 971/13/3 969/13/3 968/13/3
f 971/13/3 970/13/3 969/13/3
f 972/13/3 970/13/3 971/13/3
f 973/14/3 972/14/3 971/14/3
f 974/14/3 972/14/3 973/14/3
f 978/10/3 976/10/3 975/10/3
f 979/1/3 977/1/3 976/1/3
f 979/10/3 976/10/3 978/10/3
f 980/1/3 977/1/3 979/1/3
f 984/10/3 982/10/3 981/10/3
f 985/1/3 983/1/3 982/1/3
f 985/10/3 982/10/3 984/10/3
f 986/1/3 983/1/3 985/1/3
f 990/10/3 988/10/3 987/10/3
f 991/1/3 989/1/3 988/1/3
f 991/10/3 988/10/3 990/10/3
f 992/1/3 989/1/3 991/1/3
f 995/18/3 994/18/3 993/18/3
f 996/18/3 994/18/3 995/18/3
f 999/9/3 998/9/3 997/9/3
f 1000/9/3 998/9/3 999/9/3
f 1001/15/3 1000/15/3 999/15/3
f 1002/15/3 1000/15/3 1001/15/3
f 1003/6/3 1002/6/3 1001/6/3
f 1004/6/3 1002/6/3 1003/6/3
f 1005/15/3 1004/15/3 1003/15/3
f 1006/15/3 1004/15/3 1005/15/3
f 1007/6/3 1006/6/3 1005/6/3
f 1008/6/3 1006/6/3 1007/6/3
f 1009/6/3 1006/6/3 1008/6/3
f 1012/15/3 1011/15/3 1010/15/3
f 1013/15/3 1011/15/3 1012/15/3
f 1016/6/3 1015/6/3 1014/6/3
f 1017/6/3 1015/6/3 1016/6/3
f 1021/15/3 1019/15/3 1018/15/3
f 1022/9/3 1021/9/3 1020/9/3
f 1023/15/3 1019/15/3 1021/15/3
f 1023/9/3 1021/9/3 1022/9/3
f 1024/15/3 1019/15/3 1023/15/3
f 1025/6/3 1024/6/3 1023/6/3
f 1026/6/3 1024/6/3 1025/6/3
f 1027/6/3 1024/6/3 1026/6/3
f 1028/10/3 1027/10/3 1026/10/3
f 1029/10/3 1027/10/3 1028/10/3
f 1032/15/3 1029/15/3 1028/15/3
f 1033/15/3 1029/15/3 1032/15/3
f 1034/18/3 1031/18/3 1030/18/3
f 1035/18/3 1031/18/3 1034/18/3
f 1036/6/3 1033/6/3 1032/6/3
f 1037/6/3 1033/6/3 1036/6/3
f 1038/15/3 1037/15/3 1036/15/3
f 1039/15/3 1037/15/3 1038/15/3
f 1040/6/3 1039/6/3 1038/6/3
f 1041/6/3 1039/6/3 1040/6/3
f 1044/6/3 1043/6/3 1042/6/3
f 1045/6/3 1043/6/3 1044/6/3
f 1048/15/3 1047/15/3 1046/15/3
f 1049/15/3 1047/15/3 1048/15/3
f 1052/18/3 1051/18/3 1050/18/3
f 1053/18/3 1051/18/3 1052/18/3
f 1056/18/3 1055/18/3 1054/18/3
f 1057/18/3 1055/18/3 1056/18/3
f 1060/6/3 1059/6/3 1058/6/3
f 1061/6/3 1059/6/3 1060/6/3
f 1064/6/3 1063/6/3 1062/6/3
f 1065/6/3 1063/6/3 1064/6/3
f 1066/9/3 1065/9/3 1064/9/3
f 1067/9/3 1065/9/3 1066/9/3
f 1070/18/3 1069/18/3 1068/18/3
f 1071/18/3 1069/18/3 1070/18/3
f 1073/18/3 1072/18/3 1071/18/3
f 1074/18/3 1072/18/3 1073/18/3
f 1078/18/3 1076/18/3 1075/18/3
f 1079/18/3 1076/18/3 1078/18/3
f 1080/18/3 1078/18/3 1077/18/3
f 1081/18/3 1078/18/3 1080/18/3
f 1084/9/3 1083/9/3 1082/9/3
f 1085/9/3 1083/9/3 1084/9/3
f 1087/6/3 1085/6/3 1084/6/3
f 1088/6/3 1085/6/3 1087/6/3
f 1089/6/3 1087/6/3 1086/6/3
f 1090/6/3 1087/6/3 1089/6/3
f 1093/6/3 1092/6/3 1091/6/3
f 1094/6/3 1092/6/3 1093/6/3
f 1100/6/3 1096/6/3 1095/6/3
f 1101/6/3 1096/6/3 1100/6/3
f 1102/18/3 1098/18/3 1097/18/3
f 1104/15/3 1100/15/3 1099/15/3
f 1105/18/3 1103/18/3 1102/18/3
f 1105/18/3 1102/18/3 1097/18/3
f 1106/18/3 1103/18/3 1105/18/3
f 1107/18/3 1103/18/3 1106/18/3
f 1109/15/3 1100/15/3 1104/15/3
f 1115/18/3 1108/18/3 1107/18/3
f 1115/18/3 1107/18/3 1106/18/3
f 1116/18/3 1108/18/3 1115/18/3
f 1117/18/3 1108/18/3 1116/18/3
f 1119/15/3 1109/15/3 1104/15/3
f 1120/22/3 1110/22/3 1109/22/3
f 1120/15/3 1109/15/3 1119/15/3
f 1121/20/3 1111/20/3 1110/20/3
f 1121/22/3 1110/22/3 1120/22/3
f 1122/19/3 1112/19/3 1111/19/3
f 1122/20/3 1111/20/3 1121/20/3
f 1123/19/3 1112/19/3 1122/19/3
f 1124/20/3 1114/20/3 1113/20/3
f 1125/20/3 1114/20/3 1124/20/3
f 1129/18/3 1118/18/3 1117/18/3
f 1129/18/3 1117/18/3 1116/18/3
f 1130/18/3 1118/18/3 1129/18/3
f 1131/18/3 1118/18/3 1130/18/3
f 1133/19/3 1127/19/3 1126/19/3
f 1134/20/3 1128/20/3 1127/20/3
f 1134/19/3 1127/19/3 1133/19/3
f 1135/20/3 1128/20/3 1134/20/3
f 1137/18/3 1132/18/3 1131/18/3
f 1137/18/3 1131/18/3 1130/18/3
f 1138/18/3 1132/18/3 1137/18/3
f 1139/18/3 1132/18/3 1138/18/3
f 1141/9/3 1120/9/3 1119/9/3
f 1142/9/3 1120/9/3 1141/9/3
f 1143/20/3 1136/20/3 1135/20/3
f 1144/20/3 1136/20/3 1143/20/3
f 1146/18/3 1140/18/3 1139/18/3
f 1146/18/3 1139/18/3 1138/18/3
f 1147/18/3 1140/18/3 1146/18/3
f 1148/18/3 1140/18/3 1147/18/3
f 1150/22/3 1145/22/3 1144/22/3
f 1151/22/3 1145/22/3 1150/22/3
f 1152/18/3 1149/18/3 1148/18/3
f 1152/18/3 1148/18/3 1147/18/3
f 1153/18/3 1149/18/3 1152/18/3
f 1154/18/3 1149/18/3 1153/18/3
f 1156/20/3 1151/20/3 1150/20/3
f 1157/20/3 1151/20/3 1156/20/3
f 1158/18/3 1155/18/3 1154/18/3
f 1158/18/3 1154/18/3 1153/18/3
f 1159/18/3 1155/18/3 1158/18/3
f 1161/6/3 1142/6/3 1141/6/3
f 1162/6/3 1142/6/3 1161/6/3
f 1163/15/3 1162/15/3 1161/15/3
f 1164/15/3 1162/15/3 1163/15/3
f 1165/19/3 1157/19/3 1156/19/3
f 1166/19/3 1157/19/3 1165/19/3
f 1168/2/3 1160/2/3 1159/2/3
f 1169/2/3 1160/2/3 1168/2/3
f 1170/6/3 1164/6/3 1163/6/3
f 1171/6/3 1164/6/3 1170/6/3
f 1172/20/3 1166/20/3 1165/20/3
f 1173/20/3 1166/20/3 1172/20/3
f 1175/18/3 1168/18/3 1167/18/3
f 1176/18/3 1168/18/3 1175/18/3
f 1177/18/3 1168/18/3 1176/18/3
f 1178/2/3 1171/2/3 1170/2/3
f 1179/2/3 1171/2/3 1178/2/3
f 1181/22/3 1173/22/3 1172/22/3
f 1182/22/3 1173/22/3 1181/22/3
f 1184/18/3 1175/18/3 1174/18/3
f 1184/18/3 1176/18/3 1175/18/3
f 1185/18/3 1176/18/3 1184/18/3
f 1186/18/3 1176/18/3 1185/18/3
f 1189/20/3 1181/20/3 1180/20/3
f 1190/20/3 1181/20/3 1189/20/3
f 1192/18/3 1184/18/3 1183/18/3
f 1192/18/3 1185/18/3 1184/18/3
f 1193/18/3 1185/18/3 1192/18/3
f 1194/18/3 1185/18/3 1193/18/3
f 1195/6/3 1179/6/3 1178/6/3
f 1201/19/3 1188/19/3 1187/19/3
f 1202/20/3 1189/20/3 1188/20/3
f 1202/19/3 1188/19/3 1201/19/3
f 1203/20/3 1189/20/3 1202/20/3
f 1205/18/3 1193/18/3 1192/18/3
f 1205/18/3 1192/18/3 1191/18/3
f 1206/18/3 1193/18/3 1205/18/3
f 1207/18/3 1193/18/3 1206/18/3
f 1209/6/3 1195/6/3 1178/6/3
f 1210/22/3 1196/22/3 1195/22/3
f 1210/6/3 1195/6/3 1209/6/3
f 1211/20/3 1197/20/3 1196/20/3
f 1211/22/3 1196/22/3 1210/22/3
f 1212/19/3 1198/19/3 1197/19/3
f 1212/20/3 1197/20/3 1211/20/3
f 1213/19/3 1198/19/3 1212/19/3
f 1214/20/3 1200/20/3 1199/20/3
f 1215/20/3 1200/20/3 1214/20/3
f 1217/18/3 1206/18/3 1205/18/3
f 1217/18/3 1205/18/3 1204/18/3
f 1218/18/3 1206/18/3 1217/18/3
f 1219/18/3 1206/18/3 1218/18/3
f 1220/15/3 1209/15/3 1208/15/3
f 1220/15/3 1210/15/3 1209/15/3
f 1221/15/3 1210/15/3 1220/15/3
f 1222/15/3 1210/15/3 1221/15/3
f 1224/18/3 1218/18/3 1217/18/3
f 1224/18/3 1217/18/3 1216/18/3
f 1225/18/3 1218/18/3 1224/18/3
f 1226/18/3 1218/18/3 1225/18/3
f 1227/9/3 1222/9/3 1221/9/3
f 1228/9/3 1222/9/3 1227/9/3
f 1229/18/3 1225/18/3 1224/18/3
f 1229/18/3 1224/18/3 1223/18/3
f 1230/18/3 1225/18/3 1229/18/3
f 1231/18/3 1229/18/3 1223/18/3
f 1232/18/3 1229/18/3 1231/18/3
f 1238/19/3 1234/19/3 1233/19/3
f 1238/19/3 1235/19/3 1234/19/3
f 1238/20/3 1236/20/3 1235/20/3
f 1239/19/3 1237/19/3 1236/19/3
f 1239/20/3 1236/20/3 1238/20/3
f 1240/19/3 1237/19/3 1239/19/3
f 1242/19/3 1238/19/3 1233/19/3
f 1242/19/3 1241/19/3 1240/19/3
f 1242/19/3 1240/19/3 1239/19/3
f 1242/19/3 1239/19/3 1238/19/3
f 1243/19/3 1241/19/3 1242/19/3
f 1244/19/3 1241/19/3 1243/19/3
f 1245/19/3 1241/19/3 1244/19/3
f 1246/19/3 1241/19/3 1245/19/3
f 1247/19/3 1241/19/3 1246/19/3
f 1248/19/3 1241/19/3 1247/19/3
f 1250/19/3 1246/19/3 1245/19/3
f 1251/19/3 1246/19/3 1250/19/3
f 1252/19/3 1249/19/3 1248/19/3
f 1252/19/3 1248/19/3 1247/19/3
f 1253/19/3 1249/19/3 1252/19/3
f 1254/19/3 1249/19/3 1253/19/3
f 1255/19/3 1249/19/3 1254/19/3
f 1256/19/3 1249/19/3 1255/19/3
f 1260/19/3 1257/19/3 1256/19/3
f 1260/19/3 1256/19/3 1255/19/3
f 1261/19/3 1257/19/3 1260/19/3
f 1262/22/3 1258/22/3 1257/22/3
f 1262/19/3 1257/19/3 1261/19/3
f 1263/19/3 1259/19/3 1258/19/3
f 1263/22/3 1258/22/3 1262/22/3
f 1264/19/3 1259/19/3 1263/19/3
f 1267/19/3 1262/19/3 1261/19/3
f 1268/20/3 1263/20/3 1262/20/3
f 1268/19/3 1262/19/3 1267/19/3
f 1269/19/3 1265/19/3 1264/19/3
f 1269/20/3 1263/20/3 1268/20/3
f 1269/19/3 1264/19/3 1263/19/3
f 1270/19/3 1265/19/3 1269/19/3
f 1271/19/3 1265/19/3 1270/19/3
f 1272/20/3 1266/20/3 1265/20/3
f 1276/19/3 1269/19/3 1268/19/3
f 1276/19/3 1270/19/3 1269/19/3
f 1277/19/3 1265/19/3 1271/19/3
f 1277/20/3 1272/20/3 1265/20/3
f 1278/19/3 1273/19/3 1272/19/3
f 1278/20/3 1272/20/3 1277/20/3
f 1279/19/3 1273/19/3 1278/19/3
f 1282/1/3 1275/1/3 1274/1/3
f 1283/1/3 1275/1/3 1282/1/3
f 1284/19/3 1270/19/3 1276/19/3
f 1285/19/3 1277/19/3 1271/19/3
f 1285/22/3 1278/22/3 1277/22/3
f 1286/19/3 1279/19/3 1278/19/3
f 1286/22/3 1278/22/3 1285/22/3
f 1286/19/3 1280/19/3 1279/19/3
f 1287/19/3 1280/19/3 1286/19/3
f 1288/20/3 1281/20/3 1280/20/3
f 1288/19/3 1280/19/3 1287/19/3
f 1289/20/3 1281/20/3 1288/20/3
f 1292/19/3 1270/19/3 1284/19/3
f 1293/19/3 1287/19/3 1286/19/3
f 1293/19/3 1285/19/3 1271/19/3
f 1293/19/3 1286/19/3 1285/19/3
f 1294/19/3 1287/19/3 1293/19/3
f 1295/19/3 1287/19/3 1294/19/3
f 1296/19/3 1290/19/3 1289/19/3
f 1296/19/3 1289/19/3 1288/19/3
f 1297/19/3 1290/19/3 1296/19/3
f 1298/22/3 1291/22/3 1290/22/3
f 1298/19/3 1290/19/3 1297/19/3
f 1299/22/3 1291/22/3 1298/22/3
f 1302/19/3 1270/19/3 1292/19/3
f 1303/22/3 1294/22/3 1293/22/3
f 1303/19/3 1293/19/3 1271/19/3
f 1304/19/3 1295/19/3 1294/19/3
f 1304/22/3 1294/22/3 1303/22/3
f 1304/19/3 1296/19/3 1295/19/3
f 1305/19/3 1296/19/3 1304/19/3
f 1306/20/3 1297/20/3 1296/20/3
f 1306/19/3 1296/19/3 1305/19/3
f 1307/20/3 1297/20/3 1306/20/3
f 1308/1/3 1301/1/3 1300/1/3
f 1309/1/3 1301/1/3 1308/1/3
f 1311/19/3 1270/19/3 1302/19/3
f 1312/19/3 1270/19/3 1311/19/3
f 1313/20/3 1271/20/3 1270/20/3
f 1313/19/3 1270/19/3 1312/19/3
f 1314/19/3 1303/19/3 1271/19/3
f 1314/20/3 1271/20/3 1313/20/3
f 1315/19/3 1305/19/3 1304/19/3
f 1315/20/3 1304/20/3 1303/20/3
f 1316/19/3 1305/19/3 1315/19/3
f 1318/19/3 1311/19/3 1310/19/3
f 1319/20/3 1312/20/3 1311/20/3
f 1319/19/3 1311/19/3 1318/19/3
f 1320/19/3 1313/19/3 1312/19/3
f 1320/20/3 1312/20/3 1319/20/3
f 1320/19/3 1314/19/3 1313/19/3
f 1321/19/3 1314/19/3 1320/19/3
f 1322/19/3 1303/19/3 1314/19/3
f 1322/19/3 1314/19/3 1321/19/3
f 1322/20/3 1315/20/3 1303/20/3
f 1323/20/3 1315/20/3 1322/20/3
f 1329/19/3 1319/19/3 1318/19/3
f 1329/19/3 1318/19/3 1317/19/3
f 1330/19/3 1319/19/3 1329/19/3
f 1331/22/3 1320/22/3 1319/22/3
f 1331/19/3 1319/19/3 1330/19/3
f 1332/19/3 1321/19/3 1320/19/3
f 1332/22/3 1320/22/3 1331/22/3
f 1333/19/3 1321/19/3 1332/19/3
f 1337/19/3 1325/19/3 1324/19/3
f 1338/19/3 1325/19/3 1337/19/3
f 1339/19/3 1328/19/3 1327/19/3
f 1339/19/3 1327/19/3 1326/19/3
f 1339/19/3 1330/19/3 1329/19/3
f 1339/19/3 1329/19/3 1328/19/3
f 1340/19/3 1330/19/3 1339/19/3
f 1341/19/3 1330/19/3 1340/19/3
f 1342/19/3 1338/19/3 1337/19/3
f 1342/19/3 1337/19/3 1336/19/3
f 1342/19/3 1340/19/3 1339/19/3
f 1342/19/3 1339/19/3 1338/19/3
f 1342/19/3 1336/19/3 1335/19/3
f 1342/19/3 1335/19/3 1334/19/3
f 1343/19/3 1340/19/3 1342/19/3
f 1344/19/3 1340/19/3 1343/19/3
f 1345/19/3 1340/19/3 1344/19/3
f 1346/19/3 1340/19/3 1345/19/3
f 1347/19/3 1343/19/3 1342/19/3
f 1348/20/3 1344/20/3 1343/20/3
f 1348/19/3 1343/19/3 1347/19/3
f 1349/19/3 1345/19/3 1344/19/3
f 1349/20/3 1344/20/3 1348/20/3
f 1350/19/3 1345/19/3 1349/19/3
f 1353/22/3 1352/22/3 1351/22/3
f 1354/22/3 1352/22/3 1353/22/3
f 1356/22/3 1353/22/3 1351/22/3
f 1357/22/3 1353/22/3 1356/22/3
f 1358/21/3 1355/21/3 1354/21/3
f 1358/22/3 1353/22/3 1357/22/3
f 1358/21/3 1354/21/3 1353/21/3
f 1359/21/3 1355/21/3 1358/21/3
f 1362/21/3 1357/21/3 1356/21/3
f 1362/22/3 1356/22/3 1351/22/3
f 1363/22/3 1358/22/3 1357/22/3
f 1363/21/3 1357/21/3 1362/21/3
f 1363/22/3 1359/22/3 1358/22/3
f 1364/22/3 1359/22/3 1363/22/3
f 1365/22/3 1359/22/3 1364/22/3
f 1366/6/3 1361/6/3 1360/6/3
f 1367/6/3 1361/6/3 1366/6/3
f 1368/22/3 1362/22/3 1351/22/3
f 1368/22/3 1363/22/3 1362/22/3
f 1368/22/3 1364/22/3 1363/22/3
f 1369/22/3 1364/22/3 1368/22/3
f 1370/22/3 1364/22/3 1369/22/3
f 1371/22/3 1364/22/3 1370/22/3
f 1374/11/3 1373/11/3 1372/11/3
f 1376/11/3 1375/11/3 1374/11/3
f 1378/11/3 1374/11/3 1372/11/3
f 1378/11/3 1377/11/3 1376/11/3
f 1378/11/3 1376/11/3 1374/11/3
f 1379/11/3 1377/11/3 1378/11/3
f 1380/11/3 1377/11/3 1379/11/3
f 1381/11/3 1379/11/3 1378/11/3
f 1382/11/3 1377/11/3 1380/11/3
f 1386/11/3 1381/11/3 1378/11/3
f 1386/11/3 1382/11/3 1381/11/3
f 1387/11/3 1377/11/3 1382/11/3
f 1387/11/3 1382/11/3 1386/11/3
f 1388/12/3 1387/12/3 1386/12/3
f 1389/12/3 1387/12/3 1388/12/3
f 1390/2/3 1384/2/3 1383/2/3
f 1391/3/3 1385/3/3 1384/3/3
f 1391/2/3 1384/2/3 1390/2/3
f 1392/3/3 1385/3/3 1391/3/3
f 1393/11/3 1389/11/3 1388/11/3
f 1394/11/3 1389/11/3 1393/11/3
f 1395/11/3 1393/11/3 1388/11/3
f 1396/11/3 1389/11/3 1394/11/3
f 1397/11/3 1389/11/3 1396/11/3
f 1398/11/3 1389/11/3 1397/11/3
f 1399/11/3 1396/11/3 1395/11/3
f 1399/11/3 1397/11/3 1396/11/3
f 1400/11/3 1397/11/3 1399/11/3
f 1401/11/3 1395/11/3 1388/11/3
f 1401/11/3 1399/11/3 1395/11/3
f 1402/11/3 1399/11/3 1401/11/3
f 1407/22/3 1404/22/3 1403/22/3
f 1408/22/3 1404/22/3 1407/22/3
f 1409/22/3 1406/22/3 1405/22/3
f 1410/22/3 1406/22/3 1409/22/3
f 1411/22/3 1406/22/3 1410/22/3
f 1412/22/3 1406/22/3 1411/22/3
f 1413/22/3 1411/22/3 1410/22/3
f 1414/21/3 1412/21/3 1411/21/3
f 1414/22/3 1411/22/3 1413/22/3
f 1415/21/3 1412/21/3 1414/21/3
f 1416/22/3 1415/22/3 1414/22/3
f 1417/22/3 1415/22/3 1416/22/3
f 1420/18/3 1419/18/3 1418/18/3
f 1421/18/3 1419/18/3 1420/18/3
f 1422/18/3 1420/18/3 1418/18/3
f 1424/18/3 1422/18/3 1418/18/3
f 1424/18/3 1423/18/3 1422/18/3
f 1425/18/3 1423/18/3 1424/18/3
f 1433/18/3 1427/18/3 1426/18/3
f 1434/18/3 1427/18/3 1433/18/3
f 1437/19/3 1429/19/3 1428/19/3
f 1438/19/3 1429/19/3 1437/19/3
f 1441/18/3 1436/18/3 1435/18/3
f 1442/18/3 1436/18/3 1441/18/3
f 1445/19/3 1429/19/3 1438/19/3
f 1446/2/3 1440/2/3 1439/2/3
f 1447/2/3 1440/2/3 1446/2/3
f 1449/18/3 1443/18/3 1442/18/3
f 1450/18/3 1443/18/3 1449/18/3
f 1451/19/3 1445/19/3 1444/19/3
f 1452/20/3 1430/20/3 1429/20/3
f 1452/19/3 1445/19/3 1451/19/3
f 1452/19/3 1429/19/3 1445/19/3
f 1453/19/3 1431/19/3 1430/19/3
f 1453/20/3 1430/20/3 1452/20/3
f 1454/20/3 1432/20/3 1431/20/3
f 1454/19/3 1431/19/3 1453/19/3
f 1455/19/3 1433/19/3 1432/19/3
f 1455/20/3 1432/20/3 1454/20/3
f 1456/19/3 1433/19/3 1455/19/3
f 1458/18/3 1449/18/3 1448/18/3
f 1459/18/3 1449/18/3 1458/18/3
f 1460/18/3 1457/18/3 1456/18/3
f 1461/18/3 1457/18/3 1460/18/3
f 1469/18/3 1463/18/3 1462/18/3
f 1470/18/3 1463/18/3 1469/18/3
f 1473/19/3 1465/19/3 1464/19/3
f 1474/20/3 1466/20/3 1465/20/3
f 1474/19/3 1465/19/3 1473/19/3
f 1475/19/3 1467/19/3 1466/19/3
f 1475/20/3 1466/20/3 1474/20/3
f 1476/20/3 1468/20/3 1467/20/3
f 1476/19/3 1467/19/3 1475/19/3
f 1477/19/3 1469/19/3 1468/19/3
f 1477/20/3 1468/20/3 1476/20/3
f 1478/19/3 1469/19/3 1477/19/3
f 1480/18/3 1472/18/3 1471/18/3
f 1481/18/3 1472/18/3 1480/18/3
f 1483/19/3 1480/19/3 1479/19/3
f 1484/19/3 1480/19/3 1483/19/3
f 1485/19/3 1480/19/3 1484/19/3
f 1486/18/3 1482/18/3 1481/18/3
f 1487/18/3 1482/18/3 1486/18/3
f 1490/19/3 1485/19/3 1484/19/3
f 1491/19/3 1485/19/3 1490/19/3
f 1493/18/3 1488/18/3 1487/18/3
f 1494/18/3 1488/18/3 1493/18/3
f 1501/19/3 1491/19/3 1490/19/3
f 1501/19/3 1490/19/3 1489/19/3
f 1502/19/3 1491/19/3 1501/19/3
f 1503/18/3 1493/18/3 1492/18/3
f 1504/18/3 1493/18/3 1503/18/3
f 1505/19/3 1496/19/3 1495/19/3
f 1506/20/3 1497/20/3 1496/20/3
f 1506/19/3 1496/19/3 1505/19/3
f 1507/19/3 1498/19/3 1497/19/3
f 1507/20/3 1497/20/3 1506/20/3
f 1508/20/3 1499/20/3 1498/20/3
f 1508/19/3 1498/19/3 1507/19/3
f 1509/19/3 1500/19/3 1499/19/3
f 1509/20/3 1499/20/3 1508/20/3
f 1510/19/3 1500/19/3 1509/19/3
f 1512/18/3 1503/18/3 1502/18/3
f 1513/18/3 1503/18/3 1512/18/3
f 1514/18/3 1511/18/3 1510/18/3
f 1515/18/3 1511/18/3 1514/18/3
f 1520/2/3 1517/2/3 1516/2/3
f 1521/2/3 1517/2/3 1520/2/3
f 1522/2/3 1519/2/3 1518/2/3
f 1523/2/3 1519/2/3 1522/2/3
f 1527/1/3 1525/1/3 1524/1/3
f 1528/1/3 1525/1/3 1527/1/3
f 1530/1/3 1527/1/3 1526/1/3
f 1530/1/3 1529/1/3 1528/1/3
f 1530/1/3 1528/1/3 1527/1/3
f 1531/1/3 1529/1/3 1530/1/3
f 1532/1/3 1529/1/3 1531/1/3
f 1533/1/3 1529/1/3 1532/1/3
f 1534/1/3 1532/1/3 1531/1/3
f 1535/1/3 1532/1/3 1534/1/3
f 1538/18/3 1537/18/3 1536/18/3
f 1539/18/3 1537/18/3 1538/18/3
f 1542/19/3 1541/19/3 1540/19/3
f 1543/19/3 1541/19/3 1542/19/3
f 1544/19/3 1541/19/3 1543/19/3
f 1548/19/3 1546/19/3 1545/19/3
f 1548/19/3 1547/19/3 1546/19/3
f 1549/19/3 1547/19/3 1548/19/3
f 1552/18/3 1551/18/3 1550/18/3
f 1553/18/3 1551/18/3 1552/18/3
f 1554/10/4 1555/10/4 1557/10/4
f 1555/1/4 1556/1/4 1558/1/4
f 1557/10/4 1555/10/4 1558/10/4
f 1558/1/4 1556/1/4 1559/1/4
f 1560/10/4 1561/10/4 1563/10/4
f 1561/1/4 1562/1/4 1564/1/4
f 1563/10/4 1561/10/4 1564/10/4
f 1564/1/4 1562/1/4 1565/1/4
f 1566/10/4 1567/10/4 1569/10/4
f 1567/1/4 1568/1/4 1570/1/4
f 1569/10/4 1567/10/4 1570/10/4
f 1570/1/4 1568/1/4 1571/1/4
f 1572/15/4 1573/15/4 1574/15/4
f 1574/15/4 1573/15/4 1575/15/4
f 1576/6/4 1577/6/4 1578/6/4
f 1578/6/4 1577/6/4 1579/6/4
f 1580/6/4 1581/6/4 1582/6/4
f 1582/6/4 1581/6/4 1583/6/4
f 1584/6/4 1585/6/4 1586/6/4
f 1586/6/4 1585/6/4 1587/6/4
f 1588/6/4 1589/6/4 1590/6/4
f 1590/6/4 1589/6/4 1591/6/4
f 1590/4/4 1591/4/4 1593/4/4
f 1591/6/4 1592/6/4 1594/6/4
f 1593/4/4 1591/4/4 1594/4/4
f 1594/6/4 1592/6/4 1595/6/4
f 1596/6/4 1597/6/4 1598/6/4
f 1598/6/4 1597/6/4 1599/6/4
f 1600/6/4 1601/6/4 1602/6/4
f 1602/6/4 1601/6/4 1603/6/4
f 1604/18/4 1605/18/4 1606/18/4
f 1606/18/4 1605/18/4 1607/18/4
f 1608/19/4 1609/19/4 1610/19/4
f 1610/19/4 1609/19/4 1611/19/4
f 1611/19/4 1609/19/4 1612/19/4
f 1613/19/4 1614/19/4 1616/19/4
f 1614/19/4 1615/19/4 1616/19/4
f 1616/19/4 1615/19/4 1617/19/4
f 1618/18/4 1619/18/4 1620/18/4
f 1620/18/4 1619/18/4 1621/18/4
f 1622/1/4 1623/1/4 1629/1/4
f 1629/1/4 1623/1/4 1630/1/4
f 1624/2/4 1625/2/4 1632/2/4
f 1632/2/4 1625/2/4 1633/2/4
f 1626/2/4 1627/2/4 1634/2/4
f 1634/2/4 1627/2/4 1635/2/4
f 1630/1/4 1631/1/4 1636/1/4
f 1628/1/4 1629/1/4 1636/1/4
f 1629/1/4 1630/1/4 1636/1/4
f 1636/1/4 1631/1/4 1637/1/4
f 1637/1/4 1631/1/4 1638/1/4
f 1638/1/4 1631/1/4 1639/1/4
f 1637/1/4 1638/1/4 1640/1/4
f 1640/1/4 1638/1/4 1641/1/4
f 1642/18/4 1643/18/4 1649/18/4
f 1649/18/4 1643/18/4 1650/18/4
f 1644/19/4 1645/19/4 1653/19/4
f 1645/20/4 1646/20/4 1654/20/4
f 1653/19/4 1645/19/4 1654/19/4
f 1646/19/4 1647/19/4 1655/19/4
f 1654/20/4 1646/20/4 1655/20/4
f 1647/20/4 1648/20/4 1656/20/4
f 1655/19/4 1647/19/4 1656/19/4
f 1648/19/4 1649/19/4 1657/19/4
f 1656/20/4 1648/20/4 1657/20/4
f 1657/19/4 1649/19/4 1658/19/4
f 1651/18/4 1652/18/4 1660/18/4
f 1660/18/4 1652/18/4 1661/18/4
f 1659/19/4 1660/19/4 1663/19/4
f 1663/19/4 1660/19/4 1664/19/4
f 1664/19/4 1660/19/4 1665/19/4
f 1661/18/4 1662/18/4 1666/18/4
f 1666/18/4 1662/18/4 1667/18/4
f 1664/19/4 1665/19/4 1670/19/4
f 1670/19/4 1665/19/4 1671/19/4
f 1667/18/4 1668/18/4 1673/18/4
f 1673/18/4 1668/18/4 1674/18/4
f 1670/19/4 1671/19/4 1681/19/4
f 1669/19/4 1670/19/4 1681/19/4
f 1681/19/4 1671/19/4 1682/19/4
f 1672/18/4 1673/18/4 1683/18/4
f 1683/18/4 1673/18/4 1684/18/4
f 1675/19/4 1676/19/4 1685/19/4
f 1676/20/4 1677/20/4 1686/20/4
f 1685/19/4 1676/19/4 1686/19/4
f 1677/19/4 1678/19/4 1687/19/4
f 1686/20/4 1677/20/4 1687/20/4
f 1678/20/4 1679/20/4 1688/20/4
f 1687/19/4 1678/19/4 1688/19/4
f 1679/19/4 1680/19/4 1689/19/4
f 1688/20/4 1679/20/4 1689/20/4
f 1689/19/4 1680/19/4 1690/19/4
f 1682/18/4 1683/18/4 1692/18/4
f 1692/18/4 1683/18/4 1693/18/4
f 1690/18/4 1691/18/4 1694/18/4
f 1694/18/4 1691/18/4 1695/18/4
f 1696/18/4 1697/18/4 1703/18/4
f 1703/18/4 1697/18/4 1704/18/4
f 1698/19/4 1699/19/4 1707/19/4
f 1707/19/4 1699/19/4 1708/19/4
f 1705/18/4 1706/18/4 1711/18/4
f 1711/18/4 1706/18/4 1712/18/4
f 1708/19/4 1699/19/4 1715/19/4
f 1709/2/4 1710/2/4 1716/2/4
f 1716/2/4 1710/2/4 1717/2/4
f 1712/18/4 1713/18/4 1719/18/4
f 1719/18/4 1713/18/4 1720/18/4
f 1714/19/4 1715/19/4 1721/19/4
f 1699/20/4 1700/20/4 1722/20/4
f 1721/19/4 1715/19/4 1722/19/4
f 1715/19/4 1699/19/4 1722/19/4
f 1700/19/4 1701/19/4 1723/19/4
f 1722/20/4 1700/20/4 1723/20/4
f 1701/20/4 1702/20/4 1724/20/4
f 1723/19/4 1701/19/4 1724/19/4
f 1702/19/4 1703/19/4 1725/19/4
f 1724/20/4 1702/20/4 1725/20/4
f 1725/19/4 1703/19/4 1726/19/4
f 1718/18/4 1719/18/4 1728/18/4
f 1728/18/4 1719/18/4 1729/18/4
f 1726/18/4 1727/18/4 1730/18/4
f 1730/18/4 1727/18/4 1731/18/4
f 1732/18/4 1733/18/4 1734/18/4
f 1734/18/4 1733/18/4 1735/18/4
f 1732/18/4 1734/18/4 1736/18/4
f 1732/18/4 1736/18/4 1738/18/4
f 1736/18/4 1737/18/4 1738/18/4
f 1738/18/4 1737/18/4 1739/18/4
f 1740/22/4 1741/22/4 1742/22/4
f 1742/22/4 1741/22/4 1743/22/4
f 1744/22/4 1745/22/4 1750/22/4
f 1745/21/4 1746/21/4 1751/21/4
f 1750/22/4 1745/22/4 1751/22/4
f 1746/22/4 1747/22/4 1752/22/4
f 1751/21/4 1746/21/4 1752/21/4
f 1752/22/4 1747/22/4 1753/22/4
f 1747/21/4 1748/21/4 1754/21/4
f 1753/22/4 1747/22/4 1754/22/4
f 1754/21/4 1748/21/4 1755/21/4
f 1749/22/4 1750/22/4 1757/22/4
f 1750/22/4 1751/22/4 1757/22/4
f 1751/22/4 1752/22/4 1757/22/4
f 1757/22/4 1752/22/4 1758/22/4
f 1749/22/4 1757/22/4 1759/22/4
f 1757/21/4 1758/21/4 1759/21/4
f 1758/22/4 1752/22/4 1760/22/4
f 1759/21/4 1758/21/4 1760/21/4
f 1752/21/4 1753/21/4 1761/21/4
f 1755/22/4 1756/22/4 1761/22/4
f 1754/22/4 1755/22/4 1761/22/4
f 1753/22/4 1754/22/4 1761/22/4
f 1761/22/4 1756/22/4 1762/22/4
f 1759/22/4 1760/22/4 1763/22/4
f 1749/22/4 1759/22/4 1763/22/4
f 1763/22/4 1760/22/4 1764/22/4
f 1760/22/4 1752/22/4 1765/22/4
f 1764/22/4 1760/22/4 1765/22/4
f 1752/21/4 1761/21/4 1766/21/4
f 1765/22/4 1752/22/4 1766/22/4
f 1766/21/4 1761/21/4 1767/21/4
f 1768/18/4 1769/18/4 1773/18/4
f 1773/18/4 1769/18/4 1774/18/4
f 1774/18/4 1769/18/4 1775/18/4
f 1771/20/4 1772/20/4 1777/20/4
f 1770/19/4 1771/19/4 1777/19/4
f 1772/19/4 1773/19/4 1778/19/4
f 1777/20/4 1772/20/4 1778/20/4
f 1773/19/4 1774/19/4 1778/19/4
f 1775/18/4 1776/18/4 1779/18/4
f 1778/19/4 1774/19/4 1779/19/4
f 1774/18/4 1775/18/4 1779/18/4
f 1779/18/4 1776/18/4 1780/18/4
f 1780/18/4 1776/18/4 1781/18/4
f 1777/19/4 1778/19/4 1783/19/4
f 1781/18/4 1782/18/4 1783/18/4
f 1780/18/4 1781/18/4 1783/18/4
f 1779/19/4 1780/19/4 1783/19/4
f 1778/19/4 1779/19/4 1783/19/4
f 1783/18/4 1782/18/4 1784/18/4
f 1784/18/4 1782/18/4 1785/18/4
f 1783/19/4 1784/19/4 1787/19/4
f 1785/18/4 1786/18/4 1787/18/4
f 1784/18/4 1785/18/4 1787/18/4
f 1787/18/4 1786/18/4 1788/18/4
f 1788/18/4 1786/18/4 1789/18/4
f 1787/19/4 1788/19/4 1791/19/4
f 1789/18/4 1790/18/4 1791/18/4
f 1788/18/4 1789/18/4 1791/18/4
f 1791/18/4 1790/18/4 1792/18/4
f 1792/18/4 1790/18/4 1793/18/4
f 1791/19/4 1792/19/4 1795/19/4
f 1793/18/4 1794/18/4 1795/18/4
f 1792/18/4 1793/18/4 1795/18/4
f 1795/18/4 1794/18/4 1796/18/4
f 1796/18/4 1794/18/4 1797/18/4
f 1795/19/4 1796/19/4 1799/19/4
f 1797/18/4 1798/18/4 1799/18/4
f 1796/18/4 1797/18/4 1799/18/4
f 1799/18/4 1798/18/4 1800/18/4
f 1800/18/4 1798/18/4 1801/18/4
f 1799/19/4 1800/19/4 1803/19/4
f 1801/18/4 1802/18/4 1803/18/4
f 1800/18/4 1801/18/4 1803/18/4
f 1803/18/4 1802/18/4 1804/18/4
f 1804/18/4 1802/18/4 1805/18/4
f 1799/19/4 1803/19/4 1807/19/4
f 1803/19/4 1804/19/4 1807/19/4
f 1805/18/4 1806/18/4 1808/18/4
f 1807/19/4 1804/19/4 1808/19/4
f 1804/18/4 1805/18/4 1808/18/4
f 1808/18/4 1806/18/4 1809/18/4
f 1809/18/4 1806/18/4 1810/18/4
f 1795/19/4 1799/19/4 1811/19/4
f 1799/19/4 1807/19/4 1811/19/4
f 1808/18/4 1809/18/4 1812/18/4
f 1811/19/4 1807/19/4 1812/19/4
f 1807/18/4 1808/18/4 1812/18/4
f 1812/18/4 1809/18/4 1813/18/4
f 1813/18/4 1809/18/4 1814/18/4
f 1791/19/4 1795/19/4 1815/19/4
f 1795/19/4 1811/19/4 1815/19/4
f 1812/18/4 1813/18/4 1816/18/4
f 1815/19/4 1811/19/4 1816/19/4
f 1811/18/4 1812/18/4 1816/18/4
f 1816/18/4 1813/18/4 1817/18/4
f 1817/18/4 1813/18/4 1818/18/4
f 1787/19/4 1791/19/4 1819/19/4
f 1791/19/4 1815/19/4 1819/19/4
f 1816/18/4 1817/18/4 1820/18/4
f 1819/19/4 1815/19/4 1820/19/4
f 1815/18/4 1816/18/4 1820/18/4
f 1820/18/4 1817/18/4 1821/18/4
f 1821/18/4 1817/18/4 1822/18/4
f 1783/19/4 1787/19/4 1823/19/4
f 1787/19/4 1819/19/4 1823/19/4
f 1820/18/4 1821/18/4 1824/18/4
f 1823/19/4 1819/19/4 1824/19/4
f 1819/18/4 1820/18/4 1824/18/4
f 1824/18/4 1821/18/4 1825/18/4
f 1825/18/4 1821/18/4 1826/18/4
f 1777/19/4 1783/19/4 1827/19/4
f 1783/19/4 1823/19/4 1827/19/4
f 1824/18/4 1825/18/4 1828/18/4
f 1827/19/4 1823/19/4 1828/19/4
f 1823/18/4 1824/18/4 1828/18/4
f 1828/18/4 1825/18/4 1829/18/4
f 1829/18/4 1825/18/4 1830/18/4
f 1770/19/4 1777/19/4 1831/19/4
f 1777/19/4 1827/19/4 1831/19/4
f 1831/19/4 1827/19/4 1832/19/4
f 1832/19/4 1827/19/4 1833/19/4
f 1828/18/4 1829/18/4 1834/18/4
f 1833/19/4 1827/19/4 1834/19/4
f 1827/18/4 1828/18/4 1834/18/4
f 1834/18/4 1829/18/4 1835/18/4
f 1835/18/4 1829/18/4 1836/18/4
f 1770/19/4 1831/19/4 1837/19/4
f 1831/20/4 1832/20/4 1838/20/4
f 1837/19/4 1831/19/4 1838/19/4
f 1832/19/4 1833/19/4 1839/19/4
f 1838/20/4 1832/20/4 1839/20/4
f 1839/19/4 1833/19/4 1840/19/4
f 1833/18/4 1834/18/4 1841/18/4
f 1840/19/4 1833/19/4 1841/19/4
f 1834/18/4 1835/18/4 1841/18/4
f 1841/18/4 1835/18/4 1842/18/4
f 1842/18/4 1835/18/4 1843/18/4
f 1841/18/4 1842/18/4 1844/18/4
f 1840/18/4 1841/18/4 1844/18/4
f 1844/18/4 1842/18/4 1845/18/4
f 1846/13/4 1847/13/4 1848/13/4
f 1848/13/4 1847/13/4 1849/13/4
f 1846/13/4 1848/13/4 1850/13/4
f 1848/17/4 1849/17/4 1850/17/4
f 1850/17/4 1849/17/4 1851/17/4
f 1846/13/4 1850/13/4 1852/13/4
f 1850/13/4 1851/13/4 1852/13/4
f 1852/13/4 1851/13/4 1853/13/4
f 1852/14/4 1853/14/4 1854/14/4
f 1854/14/4 1853/14/4 1855/14/4
f 1854/13/4 1855/13/4 1856/13/4
f 1856/13/4 1855/13/4 1857/13/4
f 1866/13/5 1859/13/5 1858/13/5
f 1867/6/5 1860/6/5 1859/6/5
f 1867/13/5 1859/13/5 1866/13/5
f 1868/6/5 1860/6/5 1867/6/5
f 1869/9/5 1861/9/5 1860/9/5
f 1869/6/5 1860/6/5 1868/6/5
f 1870/15/5 1862/15/5 1861/15/5
f 1870/9/5 1861/9/5 1869/9/5
f 1871/15/5 1862/15/5 1870/15/5
f 1872/6/5 1863/6/5 1862/6/5
f 1872/13/5 1864/13/5 1863/13/5
f 1873/14/5 1865/14/5 1864/14/5
f 1873/13/5 1864/13/5 1872/13/5
f 1874/13/5 1866/13/5 1858/13/5
f 1875/4/5 1867/4/5 1866/4/5
f 1875/13/5 1866/13/5 1874/13/5
f 1876/4/5 1867/4/5 1875/4/5
f 1877/6/5 1868/6/5 1867/6/5
f 1877/9/5 1869/9/5 1868/9/5
f 1877/9/5 1870/9/5 1869/9/5
f 1878/9/5 1870/9/5 1877/9/5
f 1879/15/5 1862/15/5 1871/15/5
f 1879/6/5 1871/6/5 1870/6/5
f 1880/15/5 1862/15/5 1879/15/5
f 1881/6/5 1872/6/5 1862/6/5
f 1881/15/5 1862/15/5 1880/15/5
f 1882/6/5 1872/6/5 1881/6/5
f 1883/6/5 1878/6/5 1877/6/5
f 1883/6/5 1877/6/5 1867/6/5
f 1884/9/5 1870/9/5 1878/9/5
f 1884/6/5 1878/6/5 1883/6/5
f 1885/2/5 1882/2/5 1881/2/5
f 1885/15/5 1881/15/5 1880/15/5
f 1886/6/5 1872/6/5 1882/6/5
f 1886/2/5 1882/2/5 1885/2/5
f 1887/14/5 1876/14/5 1875/14/5
f 1887/14/5 1875/14/5 1874/14/5
f 1888/14/5 1876/14/5 1887/14/5
f 1889/6/5 1883/6/5 1867/6/5
f 1889/9/5 1884/9/5 1883/9/5
f 1890/9/5 1870/9/5 1884/9/5
f 1890/9/5 1884/9/5 1889/9/5
f 1891/9/5 1870/9/5 1890/9/5
f 1892/6/5 1880/6/5 1879/6/5
f 1892/9/5 1870/9/5 1891/9/5
f 1892/6/5 1879/6/5 1870/6/5
f 1893/15/5 1885/15/5 1880/15/5
f 1893/6/5 1886/6/5 1885/6/5
f 1894/6/5 1872/6/5 1886/6/5
f 1894/6/5 1886/6/5 1893/6/5
f 1895/4/5 1867/4/5 1876/4/5
f 1895/6/5 1889/6/5 1867/6/5
f 1895/6/5 1890/6/5 1889/6/5
f 1896/9/5 1891/9/5 1890/9/5
f 1896/6/5 1890/6/5 1895/6/5
f 1897/9/5 1891/9/5 1896/9/5
f 1898/6/5 1892/6/5 1891/6/5
f 1898/9/5 1891/9/5 1897/9/5
f 1899/15/5 1893/15/5 1880/15/5
f 1899/6/5 1892/6/5 1898/6/5
f 1899/6/5 1880/6/5 1892/6/5
f 1899/15/5 1894/15/5 1893/15/5
f 1900/6/5 1872/6/5 1894/6/5
f 1900/15/5 1894/15/5 1899/15/5
f 1901/6/5 1872/6/5 1900/6/5
f 1902/17/5 1888/17/5 1887/17/5
f 1903/14/5 1876/14/5 1888/14/5
f 1903/17/5 1888/17/5 1902/17/5
f 1904/4/5 1895/4/5 1876/4/5
f 1904/15/5 1896/15/5 1895/15/5
f 1905/9/5 1897/9/5 1896/9/5
f 1905/15/5 1896/15/5 1904/15/5
f 1906/15/5 1899/15/5 1898/15/5
f 1906/9/5 1897/9/5 1905/9/5
f 1906/15/5 1898/15/5 1897/15/5
f 1906/15/5 1901/15/5 1900/15/5
f 1906/15/5 1900/15/5 1899/15/5
f 1907/15/5 1901/15/5 1906/15/5
f 1908/15/5 1901/15/5 1907/15/5
f 1909/15/5 1901/15/5 1908/15/5
f 1910/15/5 1901/15/5 1909/15/5
f 1911/15/5 1901/15/5 1910/15/5
f 1912/6/5 1872/6/5 1901/6/5
f 1912/15/5 1901/15/5 1911/15/5
f 1913/4/5 1873/4/5 1872/4/5
f 1913/6/5 1872/6/5 1912/6/5
f 1914/6/5 1905/6/5 1904/6/5
f 1914/15/5 1906/15/5 1905/15/5
f 1915/15/5 1906/15/5 1914/15/5
f 1916/6/5 1907/6/5 1906/6/5
f 1916/2/5 1908/2/5 1907/2/5
f 1917/6/5 1909/6/5 1908/6/5
f 1917/2/5 1908/2/5 1916/2/5
f 1918/6/5 1911/6/5 1910/6/5
f 1919/15/5 1912/15/5 1911/15/5
f 1919/6/5 1911/6/5 1918/6/5
f 1919/15/5 1913/15/5 1912/15/5
f 1920/4/5 1873/4/5 1913/4/5
f 1920/15/5 1913/15/5 1919/15/5
f 1921/14/5 1865/14/5 1873/14/5
f 1921/4/5 1873/4/5 1920/4/5
f 1922/14/5 1865/14/5 1921/14/5
f 1923/14/5 1865/14/5 1922/14/5
f 1924/6/5 1918/6/5 1910/6/5
f 1924/15/5 1910/15/5 1909/15/5
f 1925/9/5 1919/9/5 1918/9/5
f 1925/6/5 1918/6/5 1924/6/5
f 1926/6/5 1920/6/5 1919/6/5
f 1926/9/5 1919/9/5 1925/9/5
f 1927/4/5 1904/4/5 1876/4/5
f 1927/6/5 1915/6/5 1914/6/5
f 1927/6/5 1914/6/5 1904/6/5
f 1928/6/5 1915/6/5 1927/6/5
f 1929/15/5 1925/15/5 1924/15/5
f 1929/15/5 1924/15/5 1909/15/5
f 1929/6/5 1909/6/5 1917/6/5
f 1929/6/5 1917/6/5 1916/6/5
f 1930/6/5 1926/6/5 1925/6/5
f 1930/15/5 1925/15/5 1929/15/5
f 1931/15/5 1928/15/5 1927/15/5
f 1931/4/5 1927/4/5 1876/4/5
f 1932/6/5 1915/6/5 1928/6/5
f 1932/15/5 1928/15/5 1931/15/5
f 1933/6/5 1915/6/5 1932/6/5
f 1934/15/5 1906/15/5 1915/15/5
f 1934/6/5 1915/6/5 1933/6/5
f 1935/6/5 1926/6/5 1930/6/5
f 1935/6/5 1930/6/5 1929/6/5
f 1936/6/5 1920/6/5 1926/6/5
f 1936/6/5 1926/6/5 1935/6/5
f 1937/15/5 1906/15/5 1934/15/5
f 1937/6/5 1935/6/5 1929/6/5
f 1937/15/5 1934/15/5 1933/15/5
f 1937/6/5 1929/6/5 1916/6/5
f 1937/6/5 1916/6/5 1906/6/5
f 1938/6/5 1935/6/5 1937/6/5
f 1939/6/5 1920/6/5 1936/6/5
f 1939/15/5 1936/15/5 1935/15/5
f 1940/4/5 1921/4/5 1920/4/5
f 1940/6/5 1920/6/5 1939/6/5
f 1940/4/5 1922/4/5 1921/4/5
f 1941/9/5 1932/9/5 1931/9/5
f 1941/9/5 1933/9/5 1932/9/5
f 1942/15/5 1938/15/5 1937/15/5
f 1942/9/5 1933/9/5 1941/9/5
f 1942/15/5 1937/15/5 1933/15/5
f 1943/15/5 1938/15/5 1942/15/5
f 1944/15/5 1938/15/5 1943/15/5
f 1945/15/5 1938/15/5 1944/15/5
f 1946/6/5 1935/6/5 1938/6/5
f 1946/15/5 1938/15/5 1945/15/5
f 1947/6/5 1935/6/5 1946/6/5
f 1948/6/5 1935/6/5 1947/6/5
f 1949/15/5 1939/15/5 1935/15/5
f 1949/6/5 1935/6/5 1948/6/5
f 1949/15/5 1940/15/5 1939/15/5
f 1950/15/5 1940/15/5 1949/15/5
f 1951/4/5 1922/4/5 1940/4/5
f 1951/15/5 1940/15/5 1950/15/5
f 1952/4/5 1922/4/5 1951/4/5
f 1953/13/5 1923/13/5 1922/13/5
f 1953/4/5 1922/4/5 1952/4/5
f 1954/10/5 1942/10/5 1941/10/5
f 1954/10/5 1943/10/5 1942/10/5
f 1954/2/5 1944/2/5 1943/2/5
f 1955/6/5 1945/6/5 1944/6/5
f 1955/2/5 1944/2/5 1954/2/5
f 1956/9/5 1947/9/5 1946/9/5
f 1956/6/5 1945/6/5 1955/6/5
f 1956/9/5 1946/9/5 1945/9/5
f 1957/9/5 1947/9/5 1956/9/5
f 1958/6/5 1948/6/5 1947/6/5
f 1958/9/5 1947/9/5 1957/9/5
f 1959/15/5 1950/15/5 1949/15/5
f 1959/15/5 1949/15/5 1948/15/5
f 1960/9/5 1951/9/5 1950/9/5
f 1960/15/5 1950/15/5 1959/15/5
f 1961/9/5 1951/9/5 1960/9/5
f 1962/4/5 1952/4/5 1951/4/5
f 1962/9/5 1951/9/5 1961/9/5
f 1963/10/5 1954/10/5 1941/10/5
f 1963/9/5 1941/9/5 1931/9/5
f 1964/6/5 1955/6/5 1954/6/5
f 1964/10/5 1954/10/5 1963/10/5
f 1964/6/5 1956/6/5 1955/6/5
f 1965/6/5 1948/6/5 1958/6/5
f 1965/6/5 1958/6/5 1957/6/5
f 1966/15/5 1959/15/5 1948/15/5
f 1966/6/5 1948/6/5 1965/6/5
f 1967/2/5 1961/2/5 1960/2/5
f 1967/6/5 1960/6/5 1959/6/5
f 1968/10/5 1962/10/5 1961/10/5
f 1968/2/5 1961/2/5 1967/2/5
f 1969/4/5 1952/4/5 1962/4/5
f 1969/10/5 1962/10/5 1968/10/5
f 1970/9/5 1964/9/5 1963/9/5
f 1971/6/5 1956/6/5 1964/6/5
f 1971/9/5 1964/9/5 1970/9/5
f 1972/6/5 1956/6/5 1971/6/5
f 1973/15/5 1957/15/5 1956/15/5
f 1973/6/5 1956/6/5 1972/6/5
f 1974/6/5 1965/6/5 1957/6/5
f 1974/15/5 1957/15/5 1973/15/5
f 1975/15/5 1966/15/5 1965/15/5
f 1975/6/5 1965/6/5 1974/6/5
f 1976/15/5 1959/15/5 1966/15/5
f 1976/15/5 1966/15/5 1975/15/5
f 1977/6/5 1967/6/5 1959/6/5
f 1977/15/5 1959/15/5 1976/15/5
f 1978/4/5 1931/4/5 1876/4/5
f 1978/9/5 1970/9/5 1963/9/5
f 1978/9/5 1963/9/5 1931/9/5
f 1979/9/5 1970/9/5 1978/9/5
f 1980/6/5 1972/6/5 1971/6/5
f 1980/9/5 1970/9/5 1979/9/5
f 1980/6/5 1971/6/5 1970/6/5
f 1981/6/5 1967/6/5 1977/6/5
f 1981/9/5 1968/9/5 1967/9/5
f 1981/6/5 1977/6/5 1976/6/5
f 1981/9/5 1969/9/5 1968/9/5
f 1982/4/5 1952/4/5 1969/4/5
f 1982/9/5 1969/9/5 1981/9/5
f 1983/14/5 1903/14/5 1902/14/5
f 1984/14/5 1903/14/5 1983/14/5
f 1985/14/5 1876/14/5 1903/14/5
f 1985/14/5 1903/14/5 1984/14/5
f 1985/4/5 1978/4/5 1876/4/5
f 1986/9/5 1976/9/5 1975/9/5
f 1986/9/5 1974/9/5 1973/9/5
f 1986/9/5 1975/9/5 1974/9/5
f 1986/9/5 1973/9/5 1972/9/5
f 1987/9/5 1976/9/5 1986/9/5
f 1988/9/5 1976/9/5 1987/9/5
f 1989/6/5 1982/6/5 1981/6/5
f 1989/9/5 1976/9/5 1988/9/5
f 1989/6/5 1981/6/5 1976/6/5
f 1990/6/5 1982/6/5 1989/6/5
f 1991/4/5 1952/4/5 1982/4/5
f 1991/6/5 1982/6/5 1990/6/5
f 1992/6/5 1980/6/5 1979/6/5
f 1992/15/5 1979/15/5 1978/15/5
f 1993/6/5 1972/6/5 1980/6/5
f 1993/6/5 1980/6/5 1992/6/5
f 1994/2/5 1988/2/5 1987/2/5
f 1994/10/5 1987/10/5 1986/10/5
f 1995/10/5 1989/10/5 1988/10/5
f 1995/2/5 1988/2/5 1994/2/5
f 1996/6/5 1990/6/5 1989/6/5
f 1996/10/5 1989/10/5 1995/10/5
f 1997/15/5 1991/15/5 1990/15/5
f 1997/6/5 1990/6/5 1996/6/5
f 1998/15/5 1991/15/5 1997/15/5
f 1999/4/5 1952/4/5 1991/4/5
f 1999/15/5 1991/15/5 1998/15/5
f 2000/15/5 1992/15/5 1978/15/5
f 2000/4/5 1978/4/5 1985/4/5
f 2000/4/5 1985/4/5 1984/4/5
f 2000/15/5 1993/15/5 1992/15/5
f 2001/15/5 1993/15/5 2000/15/5
f 2002/15/5 1993/15/5 2001/15/5
f 2003/6/5 1972/6/5 1993/6/5
f 2003/9/5 1986/9/5 1972/9/5
f 2004/9/5 1986/9/5 2003/9/5
f 2005/15/5 1998/15/5 1997/15/5
f 2005/15/5 1997/15/5 1996/15/5
f 2006/6/5 1999/6/5 1998/6/5
f 2006/15/5 1998/15/5 2005/15/5
f 2007/4/5 1952/4/5 1999/4/5
f 2007/6/5 1999/6/5 2006/6/5
f 2008/4/5 2000/4/5 1984/4/5
f 2008/6/5 2001/6/5 2000/6/5
f 2009/2/5 2002/2/5 2001/2/5
f 2009/6/5 2001/6/5 2008/6/5
f 2010/15/5 1993/15/5 2002/15/5
f 2010/2/5 2002/2/5 2009/2/5
f 2011/6/5 2004/6/5 2003/6/5
f 2011/15/5 1993/15/5 2010/15/5
f 2011/6/5 2003/6/5 1993/6/5
f 2012/6/5 2004/6/5 2011/6/5
f 2013/10/5 1995/10/5 1994/10/5
f 2013/10/5 1996/10/5 1995/10/5
f 2014/15/5 2005/15/5 1996/15/5
f 2014/10/5 1996/10/5 2013/10/5
f 2015/9/5 2006/9/5 2005/9/5
f 2015/15/5 2005/15/5 2014/15/5
f 2015/9/5 2007/9/5 2006/9/5
f 2016/9/5 2007/9/5 2015/9/5
f 2017/4/5 1952/4/5 2007/4/5
f 2017/9/5 2007/9/5 2016/9/5
f 2018/15/5 2009/15/5 2008/15/5
f 2018/4/5 2008/4/5 1984/4/5
f 2019/2/5 2010/2/5 2009/2/5
f 2019/15/5 2009/15/5 2018/15/5
f 2020/9/5 2012/9/5 2011/9/5
f 2020/2/5 2010/2/5 2019/2/5
f 2020/9/5 2011/9/5 2010/9/5
f 2021/6/5 2004/6/5 2012/6/5
f 2021/9/5 2012/9/5 2020/9/5
f 2022/9/5 1986/9/5 2004/9/5
f 2022/6/5 2004/6/5 2021/6/5
f 2023/10/5 2013/10/5 1994/10/5
f 2023/9/5 1986/9/5 2022/9/5
f 2023/10/5 1994/10/5 1986/10/5
f 2024/9/5 2014/9/5 2013/9/5
f 2024/10/5 2013/10/5 2023/10/5
f 2025/6/5 2015/6/5 2014/6/5
f 2026/9/5 2016/9/5 2015/9/5
f 2026/6/5 2015/6/5 2025/6/5
f 2027/10/5 2017/10/5 2016/10/5
f 2027/9/5 2016/9/5 2026/9/5
f 2028/4/5 1952/4/5 2017/4/5
f 2028/10/5 2017/10/5 2027/10/5
f 2029/9/5 2021/9/5 2020/9/5
f 2029/15/5 2022/15/5 2021/15/5
f 2030/9/5 2023/9/5 2022/9/5
f 2030/15/5 2022/15/5 2029/15/5
f 2030/9/5 2024/9/5 2023/9/5
f 2031/9/5 2024/9/5 2030/9/5
f 2032/9/5 2024/9/5 2031/9/5
f 2033/9/5 2014/9/5 2024/9/5
f 2033/9/5 2024/9/5 2032/9/5
f 2033/6/5 2025/6/5 2014/6/5
f 2034/9/5 2028/9/5 2027/9/5
f 2034/9/5 2027/9/5 2026/9/5
f 2034/9/5 2026/9/5 2025/9/5
f 2035/4/5 1952/4/5 2028/4/5
f 2035/9/5 2028/9/5 2034/9/5
f 2036/4/5 2018/4/5 1984/4/5
f 2036/6/5 2019/6/5 2018/6/5
f 2037/10/5 2020/10/5 2019/10/5
f 2037/6/5 2019/6/5 2036/6/5
f 2038/9/5 2029/9/5 2020/9/5
f 2038/10/5 2020/10/5 2037/10/5
f 2039/6/5 2030/6/5 2029/6/5
f 2039/9/5 2029/9/5 2038/9/5
f 2039/6/5 2031/6/5 2030/6/5
f 2040/6/5 2033/6/5 2032/6/5
f 2041/6/5 2025/6/5 2033/6/5
f 2041/6/5 2033/6/5 2040/6/5
f 2042/9/5 2037/9/5 2036/9/5
f 2042/4/5 2036/4/5 1984/4/5
f 2043/6/5 2038/6/5 2037/6/5
f 2043/9/5 2037/9/5 2042/9/5
f 2043/6/5 2039/6/5 2038/6/5
f 2044/6/5 2039/6/5 2043/6/5
f 2045/6/5 2031/6/5 2039/6/5
f 2045/6/5 2039/6/5 2044/6/5
f 2046/9/5 2041/9/5 2040/9/5
f 2046/6/5 2040/6/5 2032/6/5
f 2047/6/5 2025/6/5 2041/6/5
f 2047/9/5 2041/9/5 2046/9/5
f 2048/9/5 2034/9/5 2025/9/5
f 2048/6/5 2025/6/5 2047/6/5
f 2049/6/5 2035/6/5 2034/6/5
f 2049/9/5 2034/9/5 2048/9/5
f 2050/6/5 2044/6/5 2043/6/5
f 2050/4/5 2042/4/5 1984/4/5
f 2050/6/5 2043/6/5 2042/6/5
f 2051/9/5 2045/9/5 2044/9/5
f 2051/6/5 2044/6/5 2050/6/5
f 2052/6/5 2047/6/5 2046/6/5
f 2052/6/5 2048/6/5 2047/6/5
f 2052/6/5 2049/6/5 2048/6/5
f 2053/6/5 2049/6/5 2052/6/5
f 2054/6/5 2049/6/5 2053/6/5
f 2055/6/5 2035/6/5 2049/6/5
f 2055/6/5 2049/6/5 2054/6/5
f 2056/9/5 2045/9/5 2051/9/5
f 2056/9/5 2051/9/5 2050/9/5
f 2057/6/5 2031/6/5 2045/6/5
f 2057/9/5 2045/9/5 2056/9/5
f 2058/6/5 2046/6/5 2032/6/5
f 2058/6/5 2052/6/5 2046/6/5
f 2059/9/5 2053/9/5 2052/9/5
f 2059/6/5 2052/6/5 2058/6/5
f 2060/6/5 2054/6/5 2053/6/5
f 2060/9/5 2053/9/5 2059/9/5
f 2061/9/5 2056/9/5 2050/9/5
f 2062/9/5 2056/9/5 2061/9/5
f 2063/2/5 2059/2/5 2058/2/5
f 2063/6/5 2058/6/5 2032/6/5
f 2064/6/5 2060/6/5 2059/6/5
f 2064/2/5 2059/2/5 2063/2/5
f 2065/6/5 2054/6/5 2060/6/5
f 2065/6/5 2060/6/5 2064/6/5
f 2065/9/5 2055/9/5 2054/9/5
f 2066/6/5 2035/6/5 2055/6/5
f 2066/9/5 2055/9/5 2065/9/5
f 2067/4/5 1952/4/5 2035/4/5
f 2067/6/5 2035/6/5 2066/6/5
f 2068/9/5 2056/9/5 2062/9/5
f 2068/6/5 2057/6/5 2056/6/5
f 2069/6/5 2031/6/5 2057/6/5
f 2069/6/5 2057/6/5 2068/6/5
f 2070/15/5 2032/15/5 2031/15/5
f 2070/6/5 2031/6/5 2069/6/5
f 2071/6/5 2065/6/5 2064/6/5
f 2071/6/5 2064/6/5 2063/6/5
f 2071/6/5 2066/6/5 2065/6/5
f 2072/15/5 2067/15/5 2066/15/5
f 2072/6/5 2066/6/5 2071/6/5
f 2073/4/5 1952/4/5 2067/4/5
f 2073/15/5 2067/15/5 2072/15/5
f 2074/9/5 2061/9/5 2050/9/5
f 2074/10/5 2062/10/5 2061/10/5
f 2075/9/5 2068/9/5 2062/9/5
f 2075/10/5 2062/10/5 2074/10/5
f 2076/9/5 2070/9/5 2069/9/5
f 2076/15/5 2069/15/5 2068/15/5
f 2077/15/5 2032/15/5 2070/15/5
f 2077/9/5 2070/9/5 2076/9/5
f 2078/6/5 2063/6/5 2032/6/5
f 2078/15/5 2032/15/5 2077/15/5
f 2078/6/5 2071/6/5 2063/6/5
f 2079/6/5 2071/6/5 2078/6/5
f 2080/6/5 2071/6/5 2079/6/5
f 2081/9/5 2072/9/5 2071/9/5
f 2081/6/5 2071/6/5 2080/6/5
f 2081/9/5 2073/9/5 2072/9/5
f 2082/4/5 1952/4/5 2073/4/5
f 2082/9/5 2073/9/5 2081/9/5
f 2083/15/5 2076/15/5 2068/15/5
f 2083/9/5 2068/9/5 2075/9/5
f 2083/15/5 2077/15/5 2076/15/5
f 2083/15/5 2078/15/5 2077/15/5
f 2083/15/5 2079/15/5 2078/15/5
f 2083/9/5 2075/9/5 2074/9/5
f 2084/15/5 2079/15/5 2083/15/5
f 2085/6/5 2080/6/5 2079/6/5
f 2085/15/5 2079/15/5 2084/15/5
f 2086/9/5 2081/9/5 2080/9/5
f 2086/6/5 2080/6/5 2085/6/5
f 2087/9/5 2074/9/5 2050/9/5
f 2087/4/5 2050/4/5 1984/4/5
f 2087/9/5 2083/9/5 2074/9/5
f 2088/9/5 2083/9/5 2087/9/5
f 2089/6/5 2084/6/5 2083/6/5
f 2089/9/5 2083/9/5 2088/9/5
f 2090/9/5 2081/9/5 2086/9/5
f 2090/9/5 2086/9/5 2085/9/5
f 2091/10/5 2082/10/5 2081/10/5
f 2091/9/5 2081/9/5 2090/9/5
f 2092/6/5 2089/6/5 2088/6/5
f 2092/15/5 2088/15/5 2087/15/5
f 2093/6/5 2089/6/5 2092/6/5
f 2094/9/5 2090/9/5 2085/9/5
f 2094/15/5 2085/15/5 2084/15/5
f 2095/9/5 2090/9/5 2094/9/5
f 2096/2/5 2093/2/5 2092/2/5
f 2096/15/5 2092/15/5 2087/15/5
f 2097/6/5 2089/6/5 2093/6/5
f 2097/2/5 2093/2/5 2096/2/5
f 2098/6/5 2084/6/5 2089/6/5
f 2098/6/5 2089/6/5 2097/6/5
f 2099/6/5 2084/6/5 2098/6/5
f 2100/15/5 2095/15/5 2094/15/5
f 2100/6/5 2084/6/5 2099/6/5
f 2100/15/5 2094/15/5 2084/15/5
f 2101/15/5 2095/15/5 2100/15/5
f 2102/9/5 2090/9/5 2095/9/5
f 2102/15/5 2095/15/5 2101/15/5
f 2103/9/5 2090/9/5 2102/9/5
f 2104/10/5 2082/10/5 2091/10/5
f 2104/10/5 2091/10/5 2090/10/5
f 2105/4/5 1952/4/5 2082/4/5
f 2105/10/5 2082/10/5 2104/10/5
f 2106/9/5 2090/9/5 2103/9/5
f 2106/6/5 2103/6/5 2102/6/5
f 2106/6/5 2102/6/5 2101/6/5
f 2107/10/5 2104/10/5 2090/10/5
f 2107/9/5 2090/9/5 2106/9/5
f 2108/9/5 2105/9/5 2104/9/5
f 2108/10/5 2104/10/5 2107/10/5
f 2109/4/5 1952/4/5 2105/4/5
f 2109/9/5 2105/9/5 2108/9/5
f 2110/15/5 2096/15/5 2087/15/5
f 2110/4/5 2087/4/5 1984/4/5
f 2111/15/5 2096/15/5 2110/15/5
f 2112/6/5 2097/6/5 2096/6/5
f 2112/15/5 2096/15/5 2111/15/5
f 2112/6/5 2098/6/5 2097/6/5
f 2113/9/5 2099/9/5 2098/9/5
f 2113/6/5 2098/6/5 2112/6/5
f 2114/15/5 2101/15/5 2100/15/5
f 2114/9/5 2099/9/5 2113/9/5
f 2114/15/5 2100/15/5 2099/15/5
f 2115/6/5 2111/6/5 2110/6/5
f 2115/15/5 2113/15/5 2112/15/5
f 2115/15/5 2114/15/5 2113/15/5
f 2115/15/5 2112/15/5 2111/15/5
f 2116/15/5 2114/15/5 2115/15/5
f 2117/15/5 2114/15/5 2116/15/5
f 2118/15/5 2101/15/5 2114/15/5
f 2118/15/5 2114/15/5 2117/15/5
f 2119/15/5 2101/15/5 2118/15/5
f 2120/6/5 2108/6/5 2107/6/5
f 2120/6/5 2107/6/5 2106/6/5
f 2120/6/5 2109/6/5 2108/6/5
f 2121/6/5 2109/6/5 2120/6/5
f 2122/4/5 2110/4/5 1984/4/5
f 2122/6/5 2115/6/5 2110/6/5
f 2123/9/5 2116/9/5 2115/9/5
f 2123/6/5 2115/6/5 2122/6/5
f 2124/6/5 2119/6/5 2118/6/5
f 2124/15/5 2118/15/5 2117/15/5
f 2125/15/5 2101/15/5 2119/15/5
f 2125/6/5 2119/6/5 2124/6/5
f 2126/2/5 2121/2/5 2120/2/5
f 2126/6/5 2120/6/5 2106/6/5
f 2127/6/5 2109/6/5 2121/6/5
f 2127/2/5 2121/2/5 2126/2/5
f 2128/15/5 2123/15/5 2122/15/5
f 2128/4/5 2122/4/5 1984/4/5
f 2129/9/5 2116/9/5 2123/9/5
f 2129/15/5 2123/15/5 2128/15/5
f 2130/9/5 2116/9/5 2129/9/5
f 2131/10/5 2117/10/5 2116/10/5
f 2131/9/5 2116/9/5 2130/9/5
f 2132/15/5 2124/15/5 2117/15/5
f 2132/10/5 2117/10/5 2131/10/5
f 2132/15/5 2125/15/5 2124/15/5
f 2133/15/5 2125/15/5 2132/15/5
f 2134/9/5 2130/9/5 2129/9/5
f 2134/10/5 2131/10/5 2130/10/5
f 2134/9/5 2129/9/5 2128/9/5
f 2134/10/5 2132/10/5 2131/10/5
f 2135/6/5 2133/6/5 2132/6/5
f 2135/10/5 2132/10/5 2134/10/5
f 2136/15/5 2125/15/5 2133/15/5
f 2136/6/5 2133/6/5 2135/6/5
f 2137/15/5 2101/15/5 2125/15/5
f 2137/15/5 2125/15/5 2136/15/5
f 2138/6/5 2106/6/5 2101/6/5
f 2138/15/5 2101/15/5 2137/15/5
f 2138/6/5 2126/6/5 2106/6/5
f 2138/6/5 2127/6/5 2126/6/5
f 2139/6/5 2127/6/5 2138/6/5
f 2140/6/5 2127/6/5 2139/6/5
f 2141/4/5 1952/4/5 2109/4/5
f 2141/6/5 2127/6/5 2140/6/5
f 2141/6/5 2109/6/5 2127/6/5
f 2142/9/5 2135/9/5 2134/9/5
f 2143/6/5 2137/6/5 2136/6/5
f 2143/9/5 2135/9/5 2142/9/5
f 2143/6/5 2136/6/5 2135/6/5
f 2144/15/5 2139/15/5 2138/15/5
f 2144/15/5 2138/15/5 2137/15/5
f 2145/15/5 2139/15/5 2144/15/5
f 2146/6/5 2140/6/5 2139/6/5
f 2146/15/5 2139/15/5 2145/15/5
f 2147/6/5 2140/6/5 2146/6/5
f 2148/9/5 2141/9/5 2140/9/5
f 2148/6/5 2140/6/5 2147/6/5
f 2149/9/5 2142/9/5 2134/9/5
f 2149/9/5 2134/9/5 2128/9/5
f 2149/4/5 2128/4/5 1984/4/5
f 2150/9/5 2142/9/5 2149/9/5
f 2151/9/5 2142/9/5 2150/9/5
f 2152/6/5 2143/6/5 2142/6/5
f 2152/9/5 2142/9/5 2151/9/5
f 2153/6/5 2137/6/5 2143/6/5
f 2153/6/5 2143/6/5 2152/6/5
f 2154/6/5 2145/6/5 2144/6/5
f 2154/15/5 2146/15/5 2145/15/5
f 2155/2/5 2147/2/5 2146/2/5
f 2155/15/5 2146/15/5 2154/15/5
f 2156/9/5 2148/9/5 2147/9/5
f 2156/2/5 2147/2/5 2155/2/5
f 2157/9/5 2151/9/5 2150/9/5
f 2157/6/5 2150/6/5 2149/6/5
f 2158/6/5 2152/6/5 2151/6/5
f 2158/9/5 2151/9/5 2157/9/5
f 2159/9/5 2153/9/5 2152/9/5
f 2159/6/5 2152/6/5 2158/6/5
f 2160/9/5 2153/9/5 2159/9/5
f 2161/6/5 2137/6/5 2153/6/5
f 2162/15/5 2144/15/5 2137/15/5
f 2162/6/5 2137/6/5 2161/6/5
f 2163/6/5 2155/6/5 2154/6/5
f 2163/15/5 2144/15/5 2162/15/5
f 2163/6/5 2154/6/5 2144/6/5
f 2164/15/5 2156/15/5 2155/15/5
f 2164/6/5 2155/6/5 2163/6/5
f 2165/9/5 2153/9/5 2160/9/5
f 2165/6/5 2160/6/5 2159/6/5
f 2165/6/5 2158/6/5 2157/6/5
f 2165/6/5 2159/6/5 2158/6/5
f 2166/6/5 2161/6/5 2153/6/5
f 2166/9/5 2153/9/5 2165/9/5
f 2167/15/5 2162/15/5 2161/15/5
f 2167/6/5 2161/6/5 2166/6/5
f 2167/15/5 2164/15/5 2163/15/5
f 2167/15/5 2163/15/5 2162/15/5
f 2168/15/5 2156/15/5 2164/15/5
f 2168/15/5 2164/15/5 2167/15/5
f 2169/9/5 2148/9/5 2156/9/5
f 2169/15/5 2156/15/5 2168/15/5
f 2170/9/5 2141/9/5 2148/9/5
f 2170/9/5 2148/9/5 2169/9/5
f 2171/4/5 1952/4/5 2141/4/5
f 2171/9/5 2141/9/5 2170/9/5
f 2172/6/5 2166/6/5 2165/6/5
f 2172/4/5 2149/4/5 1984/4/5
f 2172/6/5 2165/6/5 2157/6/5
f 2172/6/5 2157/6/5 2149/6/5
f 2173/15/5 2167/15/5 2166/15/5
f 2173/6/5 2166/6/5 2172/6/5
f 2174/15/5 2170/15/5 2169/15/5
f 2174/15/5 2169/15/5 2168/15/5
f 2174/6/5 2171/6/5 2170/6/5
f 2175/4/5 1952/4/5 2171/4/5
f 2175/6/5 2171/6/5 2174/6/5
f 2176/15/5 2167/15/5 2173/15/5
f 2176/15/5 2173/15/5 2172/15/5
f 2176/6/5 2168/6/5 2167/6/5
f 2177/15/5 2175/15/5 2174/15/5
f 2177/6/5 2168/6/5 2176/6/5
f 2177/15/5 2174/15/5 2168/15/5
f 2178/15/5 2176/15/5 2172/15/5
f 2178/4/5 2172/4/5 1984/4/5
f 2178/15/5 2177/15/5 2176/15/5
f 2179/4/5 1952/4/5 2175/4/5
f 2179/15/5 2177/15/5 2178/15/5
f 2179/15/5 2175/15/5 2177/15/5
f 2180/4/5 2179/4/5 2178/4/5
f 2180/4/5 1952/4/5 2179/4/5
f 2181/13/5 1953/13/5 1952/13/5
f 2181/4/5 1952/4/5 2180/4/5
f 2182/13/5 1984/13/5 1983/13/5
f 2182/4/5 2178/4/5 1984/4/5
f 2182/4/5 2180/4/5 2178/4/5
f 2183/14/5 2181/14/5 2180/14/5
f 2183/4/5 2180/4/5 2182/4/5
f 2184/13/5 2182/13/5 1983/13/5
f 2184/13/5 2183/13/5 2182/13/5
f 2185/14/5 2181/14/5 2183/14/5
f 2185/13/5 2183/13/5 2184/13/5
f 2186/13/5 1953/13/5 2181/13/5
f 2186/14/5 2181/14/5 2185/14/5
f 2187/13/5 1923/13/5 1953/13/5
f 2187/13/5 1953/13/5 2186/13/5
f 2190/22/5 2189/22/5 2188/22/5
f 2191/22/5 2189/22/5 2190/22/5
f 2192/22/5 2189/22/5 2191/22/5
f 2193/22/5 2189/22/5 2192/22/5
f 2194/22/5 2190/22/5 2188/22/5
f 2195/22/5 2190/22/5 2194/22/5
f 2196/24/5 2195/24/5 2194/24/5
f 2197/24/5 2195/24/5 2196/24/5
f 2198/23/5 2197/23/5 2196/23/5
f 2199/23/5 2197/23/5 2198/23/5
f 2200/22/5 2199/22/5 2198/22/5
f 2201/22/5 2200/22/5 2198/22/5
f 2202/22/5 2201/22/5 2198/22/5
f 2203/22/5 2202/22/5 2198/22/5
f 2204/22/5 2203/22/5 2198/22/5
f 2205/22/5 2203/22/5 2204/22/5
f 2206/21/5 2205/21/5 2204/21/5
f 2207/21/5 2205/21/5 2206/21/5
f 2208/22/5 2207/22/5 2206/22/5
f 2209/22/5 2208/22/5 2206/22/5
f 2210/22/5 2208/22/5 2209/22/5
f 2215/18/5 2212/18/5 2211/18/5
f 2216/18/5 2212/18/5 2215/18/5
f 2221/18/5 2214/18/5 2213/18/5
f 2222/18/5 2214/18/5 2221/18/5
f 2223/18/5 2215/18/5 2211/18/5
f 2224/18/5 2215/18/5 2223/18/5
f 2225/1/5 2218/1/5 2217/1/5
f 2226/1/5 2218/1/5 2225/1/5
f 2227/1/5 2220/1/5 2219/1/5
f 2228/1/5 2220/1/5 2227/1/5
f 2229/18/5 2214/18/5 2222/18/5
f 2230/18/5 2214/18/5 2229/18/5
f 2233/18/5 2232/18/5 2231/18/5
f 2234/18/5 2232/18/5 2233/18/5
f 2235/18/5 2214/18/5 2230/18/5
f 2236/18/5 2214/18/5 2235/18/5
f 2241/20/5 2238/20/5 2237/20/5
f 2242/20/5 2238/20/5 2241/20/5
f 2243/20/5 2240/20/5 2239/20/5
f 2244/20/5 2240/20/5 2243/20/5
f 2249/18/5 2246/18/5 2245/18/5
f 2250/18/5 2246/18/5 2249/18/5
f 2251/18/5 2248/18/5 2247/18/5
f 2252/18/5 2248/18/5 2251/18/5
f 2257/19/5 2254/19/5 2253/19/5
f 2258/19/5 2256/19/5 2255/19/5
f 2259/19/5 2254/19/5 2257/19/5
f 2260/19/5 2254/19/5 2259/19/5
f 2261/19/5 2258/19/5 2255/19/5
f 2262/19/5 2258/19/5 2261/19/5
f 2267/20/5 2264/20/5 2263/20/5
f 2268/20/5 2264/20/5 2267/20/5
f 2269/20/5 2266/20/5 2265/20/5
f 2270/20/5 2266/20/5 2269/20/5
f 2271/19/5 2268/19/5 2267/19/5
f 2272/19/5 2268/19/5 2271/19/5
f 2273/19/5 2270/19/5 2269/19/5
f 2274/19/5 2270/19/5 2273/19/5
f 2285/18/5 2276/18/5 2275/18/5
f 2286/18/5 2276/18/5 2285/18/5
f 2287/22/5 2278/22/5 2277/22/5
f 2288/20/5 2279/20/5 2278/20/5
f 2288/22/5 2278/22/5 2287/22/5
f 2289/19/5 2280/19/5 2279/19/5
f 2289/20/5 2279/20/5 2288/20/5
f 2290/20/5 2281/20/5 2280/20/5
f 2290/19/5 2280/19/5 2289/19/5
f 2291/22/5 2282/22/5 2281/22/5
f 2291/20/5 2281/20/5 2290/20/5
f 2292/22/5 2282/22/5 2291/22/5
f 2293/18/5 2284/18/5 2283/18/5
f 2294/18/5 2284/18/5 2293/18/5
f 2295/19/5 2292/19/5 2291/19/5
f 2295/19/5 2288/19/5 2287/19/5
f 2295/19/5 2291/19/5 2290/19/5
f 2295/19/5 2289/19/5 2288/19/5
f 2295/19/5 2290/19/5 2289/19/5
f 2296/19/5 2292/19/5 2295/19/5
f 2297/19/5 2292/19/5 2296/19/5
f 2298/19/5 2292/19/5 2297/19/5
f 2303/18/5 2300/18/5 2299/18/5
f 2304/18/5 2300/18/5 2303/18/5
f 2305/18/5 2302/18/5 2301/18/5
f 2306/18/5 2302/18/5 2305/18/5
f 2311/18/5 2308/18/5 2307/18/5
f 2312/18/5 2308/18/5 2311/18/5
f 2313/18/5 2310/18/5 2309/18/5
f 2314/18/5 2310/18/5 2313/18/5
f 2319/18/5 2316/18/5 2315/18/5
f 2320/18/5 2316/18/5 2319/18/5
f 2321/18/5 2318/18/5 2317/18/5
f 2322/18/5 2318/18/5 2321/18/5
f 2325/19/5 2324/19/5 2323/19/5
f 2326/19/5 2324/19/5 2325/19/5
f 2331/18/5 2328/18/5 2327/18/5
f 2332/18/5 2328/18/5 2331/18/5
f 2333/18/5 2330/18/5 2329/18/5
f 2334/18/5 2330/18/5 2333/18/5
f 2339/18/5 2336/18/5 2335/18/5
f 2340/18/5 2336/18/5 2339/18/5
f 2341/18/5 2338/18/5 2337/18/5
f 2342/18/5 2338/18/5 2341/18/5
f 2347/18/5 2344/18/5 2343/18/5
f 2348/18/5 2344/18/5 2347/18/5
f 2349/18/5 2346/18/5 2345/18/5
f 2350/18/5 2346/18/5 2349/18/5
f 2351/2/5 2349/2/5 2348/2/5
f 2352/2/5 2349/2/5 2351/2/5
f 2356/18/5 2354/18/5 2353/18/5
f 2357/18/5 2354/18/5 2356/18/5
f 2359/18/5 2356/18/5 2355/18/5
f 2359/18/5 2358/18/5 2357/18/5
f 2359/18/5 2357/18/5 2356/18/5
f 2360/18/5 2358/18/5 2359/18/5
f 2361/18/5 2358/18/5 2360/18/5
f 2362/18/5 2358/18/5 2361/18/5
f 2363/18/5 2361/18/5 2360/18/5
f 2364/18/5 2361/18/5 2363/18/5
f 2367/18/5 2366/18/5 2365/18/5
f 2368/18/5 2366/18/5 2367/18/5
f 2372/18/5 2370/18/5 2369/18/5
f 2373/18/5 2370/18/5 2372/18/5
f 2376/18/5 2372/18/5 2371/18/5
f 2377/18/5 2372/18/5 2376/18/5
f 2378/18/5 2374/18/5 2373/18/5
f 2379/18/5 2374/18/5 2378/18/5
f 2381/18/5 2376/18/5 2375/18/5
f 2382/18/5 2376/18/5 2381/18/5
f 2385/18/5 2380/18/5 2379/18/5
f 2386/18/5 2380/18/5 2385/18/5
f 2387/18/5 2383/18/5 2382/18/5
f 2388/18/5 2383/18/5 2387/18/5
f 2389/18/5 2385/18/5 2384/18/5
f 2390/18/5 2385/18/5 2389/18/5
f 2391/18/5 2389/18/5 2388/18/5
f 2392/18/5 2389/18/5 2391/18/5
f 2395/2/5 2394/2/5 2393/2/5
f 2396/2/5 2394/2/5 2395/2/5
f 2400/19/5 2398/19/5 2397/19/5
f 2401/19/5 2398/19/5 2400/19/5
f 2403/19/5 2400/19/5 2399/19/5
f 2404/19/5 2400/19/5 2403/19/5
f 2405/19/5 2402/19/5 2401/19/5
f 2406/19/5 2402/19/5 2405/19/5
f 2407/19/5 2405/19/5 2404/19/5
f 2408/19/5 2405/19/5 2407/19/5
f 2414/18/5 2410/18/5 2409/18/5
f 2415/18/5 2410/18/5 2414/18/5
f 2416/18/5 2412/18/5 2411/18/5
f 2417/18/5 2412/18/5 2416/18/5
f 2419/18/5 2414/18/5 2413/18/5
f 2420/18/5 2414/18/5 2419/18/5
f 2423/18/5 2418/18/5 2417/18/5
f 2424/18/5 2418/18/5 2423/18/5
f 2425/18/5 2421/18/5 2420/18/5
f 2426/18/5 2421/18/5 2425/18/5
f 2427/18/5 2423/18/5 2422/18/5
f 2428/18/5 2423/18/5 2427/18/5
f 2431/18/5 2430/18/5 2429/18/5
f 2432/18/5 2430/18/5 2431/18/5
f 2433/2/5 2432/2/5 2431/2/5
f 2434/2/5 2432/2/5 2433/2/5
f 2437/2/5 2436/2/5 2435/2/5
f 2438/2/5 2436/2/5 2437/2/5
f 2439/18/5 2438/18/5 2437/18/5
f 2440/18/5 2438/18/5 2439/18/5
f 2445/1/5 2442/1/5 2441/1/5
f 2446/1/5 2442/1/5 2445/1/5
f 2447/1/5 2444/1/5 2443/1/5
f 2448/1/5 2444/1/5 2447/1/5
f 2449/6/6 2450/6/6 2454/6/6
f 2450/9/6 2451/9/6 2455/9/6
f 2454/6/6 2450/6/6 2455/6/6
f 2451/15/6 2452/15/6 2456/15/6
f 2455/9/6 2451/9/6 2456/9/6
f 2456/15/6 2452/15/6 2457/15/6
f 2449/6/6 2454/6/6 2458/6/6
f 2454/9/6 2455/9/6 2458/9/6
f 2455/9/6 2456/9/6 2458/9/6
f 2458/9/6 2456/9/6 2459/9/6
f 2457/15/6 2452/15/6 2460/15/6
f 2456/6/6 2457/6/6 2460/6/6
f 2460/15/6 2452/15/6 2461/15/6
f 2452/6/6 2453/6/6 2462/6/6
f 2461/15/6 2452/15/6 2462/15/6
f 2462/6/6 2453/6/6 2463/6/6
f 2458/6/6 2459/6/6 2464/6/6
f 2449/6/6 2458/6/6 2464/6/6
f 2459/9/6 2456/9/6 2465/9/6
f 2464/6/6 2459/6/6 2465/6/6
f 2462/2/6 2463/2/6 2466/2/6
f 2461/15/6 2462/15/6 2466/15/6
f 2463/6/6 2453/6/6 2467/6/6
f 2466/2/6 2463/2/6 2467/2/6
f 2449/6/6 2464/6/6 2468/6/6
f 2464/9/6 2465/9/6 2468/9/6
f 2465/9/6 2456/9/6 2469/9/6
f 2468/9/6 2465/9/6 2469/9/6
f 2469/9/6 2456/9/6 2470/9/6
f 2460/6/6 2461/6/6 2471/6/6
f 2470/9/6 2456/9/6 2471/9/6
f 2456/6/6 2460/6/6 2471/6/6
f 2461/15/6 2466/15/6 2472/15/6
f 2466/6/6 2467/6/6 2472/6/6
f 2467/6/6 2453/6/6 2473/6/6
f 2472/6/6 2467/6/6 2473/6/6
f 2449/6/6 2468/6/6 2474/6/6
f 2468/6/6 2469/6/6 2474/6/6
f 2469/9/6 2470/9/6 2475/9/6
f 2474/6/6 2469/6/6 2475/6/6
f 2475/9/6 2470/9/6 2476/9/6
f 2470/6/6 2471/6/6 2477/6/6
f 2476/9/6 2470/9/6 2477/9/6
f 2461/15/6 2472/15/6 2478/15/6
f 2477/6/6 2471/6/6 2478/6/6
f 2471/6/6 2461/6/6 2478/6/6
f 2472/15/6 2473/15/6 2478/15/6
f 2473/6/6 2453/6/6 2479/6/6
f 2478/15/6 2473/15/6 2479/15/6
f 2479/6/6 2453/6/6 2480/6/6
f 2474/15/6 2475/15/6 2481/15/6
f 2475/9/6 2476/9/6 2482/9/6
f 2481/15/6 2475/15/6 2482/15/6
f 2476/15/6 2477/15/6 2483/15/6
f 2482/9/6 2476/9/6 2483/9/6
f 2477/15/6 2478/15/6 2483/15/6
f 2479/15/6 2480/15/6 2483/15/6
f 2478/15/6 2479/15/6 2483/15/6
f 2483/15/6 2480/15/6 2484/15/6
f 2484/15/6 2480/15/6 2485/15/6
f 2485/15/6 2480/15/6 2486/15/6
f 2486/15/6 2480/15/6 2487/15/6
f 2487/15/6 2480/15/6 2488/15/6
f 2480/6/6 2453/6/6 2489/6/6
f 2488/15/6 2480/15/6 2489/15/6
f 2489/6/6 2453/6/6 2490/6/6
f 2481/6/6 2482/6/6 2491/6/6
f 2482/15/6 2483/15/6 2491/15/6
f 2491/15/6 2483/15/6 2492/15/6
f 2483/6/6 2484/6/6 2493/6/6
f 2484/2/6 2485/2/6 2493/2/6
f 2485/6/6 2486/6/6 2494/6/6
f 2493/2/6 2485/2/6 2494/2/6
f 2487/6/6 2488/6/6 2495/6/6
f 2489/15/6 2490/15/6 2496/15/6
f 2495/6/6 2488/6/6 2496/6/6
f 2488/15/6 2489/15/6 2496/15/6
f 2496/15/6 2490/15/6 2497/15/6
f 2487/6/6 2495/6/6 2498/6/6
f 2486/15/6 2487/15/6 2498/15/6
f 2495/9/6 2496/9/6 2499/9/6
f 2498/6/6 2495/6/6 2499/6/6
f 2496/6/6 2497/6/6 2500/6/6
f 2499/9/6 2496/9/6 2500/9/6
f 2491/6/6 2492/6/6 2501/6/6
f 2481/6/6 2491/6/6 2501/6/6
f 2501/6/6 2492/6/6 2502/6/6
f 2494/6/6 2486/6/6 2503/6/6
f 2498/15/6 2499/15/6 2503/15/6
f 2493/6/6 2494/6/6 2503/6/6
f 2486/15/6 2498/15/6 2503/15/6
f 2499/6/6 2500/6/6 2504/6/6
f 2503/15/6 2499/15/6 2504/15/6
f 2501/15/6 2502/15/6 2505/15/6
f 2502/6/6 2492/6/6 2506/6/6
f 2505/15/6 2502/15/6 2506/15/6
f 2506/6/6 2492/6/6 2507/6/6
f 2492/15/6 2483/15/6 2508/15/6
f 2507/6/6 2492/6/6 2508/6/6
f 2504/6/6 2500/6/6 2509/6/6
f 2503/6/6 2504/6/6 2509/6/6
f 2500/6/6 2497/6/6 2510/6/6
f 2509/6/6 2500/6/6 2510/6/6
f 2503/6/6 2509/6/6 2511/6/6
f 2483/6/6 2493/6/6 2511/6/6
f 2508/15/6 2483/15/6 2511/15/6
f 2493/6/6 2503/6/6 2511/6/6
f 2507/15/6 2508/15/6 2511/15/6
f 2511/6/6 2509/6/6 2512/6/6
f 2510/6/6 2497/6/6 2513/6/6
f 2509/15/6 2510/15/6 2513/15/6
f 2513/6/6 2497/6/6 2514/6/6
f 2506/9/6 2507/9/6 2515/9/6
f 2505/9/6 2506/9/6 2515/9/6
f 2511/15/6 2512/15/6 2516/15/6
f 2515/9/6 2507/9/6 2516/9/6
f 2507/15/6 2511/15/6 2516/15/6
f 2516/15/6 2512/15/6 2517/15/6
f 2517/15/6 2512/15/6 2518/15/6
f 2518/15/6 2512/15/6 2519/15/6
f 2512/6/6 2509/6/6 2520/6/6
f 2519/15/6 2512/15/6 2520/15/6
f 2520/6/6 2509/6/6 2521/6/6
f 2521/6/6 2509/6/6 2522/6/6
f 2513/15/6 2514/15/6 2523/15/6
f 2522/6/6 2509/6/6 2523/6/6
f 2509/15/6 2513/15/6 2523/15/6
f 2523/15/6 2514/15/6 2524/15/6
f 2524/15/6 2514/15/6 2525/15/6
f 2515/10/6 2516/10/6 2526/10/6
f 2516/10/6 2517/10/6 2526/10/6
f 2517/2/6 2518/2/6 2526/2/6
f 2518/6/6 2519/6/6 2527/6/6
f 2526/2/6 2518/2/6 2527/2/6
f 2520/9/6 2521/9/6 2528/9/6
f 2527/6/6 2519/6/6 2528/6/6
f 2519/9/6 2520/9/6 2528/9/6
f 2528/9/6 2521/9/6 2529/9/6
f 2521/6/6 2522/6/6 2530/6/6
f 2529/9/6 2521/9/6 2530/9/6
f 2523/15/6 2524/15/6 2531/15/6
f 2522/15/6 2523/15/6 2531/15/6
f 2524/9/6 2525/9/6 2532/9/6
f 2531/15/6 2524/15/6 2532/15/6
f 2532/9/6 2525/9/6 2533/9/6
f 2533/9/6 2525/9/6 2534/9/6
f 2515/10/6 2526/10/6 2535/10/6
f 2505/9/6 2515/9/6 2535/9/6
f 2526/6/6 2527/6/6 2536/6/6
f 2535/10/6 2526/10/6 2536/10/6
f 2527/6/6 2528/6/6 2536/6/6
f 2530/6/6 2522/6/6 2537/6/6
f 2529/6/6 2530/6/6 2537/6/6
f 2522/15/6 2531/15/6 2538/15/6
f 2537/6/6 2522/6/6 2538/6/6
f 2532/2/6 2533/2/6 2539/2/6
f 2531/6/6 2532/6/6 2539/6/6
f 2533/10/6 2534/10/6 2540/10/6
f 2539/2/6 2533/2/6 2540/2/6
f 2540/10/6 2534/10/6 2541/10/6
f 2535/9/6 2536/9/6 2542/9/6
f 2536/6/6 2528/6/6 2543/6/6
f 2542/9/6 2536/9/6 2543/9/6
f 2543/6/6 2528/6/6 2544/6/6
f 2528/15/6 2529/15/6 2545/15/6
f 2544/6/6 2528/6/6 2545/6/6
f 2529/6/6 2537/6/6 2546/6/6
f 2545/15/6 2529/15/6 2546/15/6
f 2537/15/6 2538/15/6 2547/15/6
f 2546/6/6 2537/6/6 2547/6/6
f 2538/15/6 2531/15/6 2548/15/6
f 2547/15/6 2538/15/6 2548/15/6
f 2531/6/6 2539/6/6 2549/6/6
f 2548/15/6 2531/15/6 2549/15/6
f 2505/9/6 2535/9/6 2550/9/6
f 2535/9/6 2542/9/6 2550/9/6
f 2550/9/6 2542/9/6 2551/9/6
f 2543/6/6 2544/6/6 2552/6/6
f 2551/9/6 2542/9/6 2552/9/6
f 2542/6/6 2543/6/6 2552/6/6
f 2549/6/6 2539/6/6 2553/6/6
f 2548/6/6 2549/6/6 2553/6/6
f 2539/9/6 2540/9/6 2553/9/6
f 2540/9/6 2541/9/6 2553/9/6
f 2553/9/6 2541/9/6 2554/9/6
f 2547/9/6 2548/9/6 2555/9/6
f 2544/9/6 2545/9/6 2555/9/6
f 2546/9/6 2547/9/6 2555/9/6
f 2545/9/6 2546/9/6 2555/9/6
f 2555/9/6 2548/9/6 2556/9/6
f 2556/9/6 2548/9/6 2557/9/6
f 2553/6/6 2554/6/6 2558/6/6
f 2557/9/6 2548/9/6 2558/9/6
f 2548/6/6 2553/6/6 2558/6/6
f 2558/6/6 2554/6/6 2559/6/6
f 2559/6/6 2554/6/6 2560/6/6
f 2550/15/6 2551/15/6 2561/15/6
f 2551/6/6 2552/6/6 2561/6/6
f 2552/6/6 2544/6/6 2562/6/6
f 2561/6/6 2552/6/6 2562/6/6
f 2556/2/6 2557/2/6 2563/2/6
f 2555/10/6 2556/10/6 2563/10/6
f 2557/10/6 2558/10/6 2564/10/6
f 2563/2/6 2557/2/6 2564/2/6
f 2558/6/6 2559/6/6 2565/6/6
f 2564/10/6 2558/10/6 2565/10/6
f 2559/15/6 2560/15/6 2566/15/6
f 2565/6/6 2559/6/6 2566/6/6
f 2566/15/6 2560/15/6 2567/15/6
f 2567/15/6 2560/15/6 2568/15/6
f 2550/15/6 2561/15/6 2569/15/6
f 2561/15/6 2562/15/6 2569/15/6
f 2569/15/6 2562/15/6 2570/15/6
f 2570/15/6 2562/15/6 2571/15/6
f 2562/6/6 2544/6/6 2572/6/6
f 2544/9/6 2555/9/6 2572/9/6
f 2572/9/6 2555/9/6 2573/9/6
f 2565/15/6 2566/15/6 2574/15/6
f 2566/15/6 2567/15/6 2574/15/6
f 2567/6/6 2568/6/6 2575/6/6
f 2574/15/6 2567/15/6 2575/15/6
f 2575/6/6 2568/6/6 2576/6/6
f 2569/6/6 2570/6/6 2577/6/6
f 2570/2/6 2571/2/6 2578/2/6
f 2577/6/6 2570/6/6 2578/6/6
f 2571/15/6 2562/15/6 2579/15/6
f 2578/2/6 2571/2/6 2579/2/6
f 2572/6/6 2573/6/6 2580/6/6
f 2579/15/6 2562/15/6 2580/15/6
f 2562/6/6 2572/6/6 2580/6/6
f 2580/6/6 2573/6/6 2581/6/6
f 2564/10/6 2565/10/6 2582/10/6
f 2563/10/6 2564/10/6 2582/10/6
f 2565/15/6 2574/15/6 2583/15/6
f 2582/10/6 2565/10/6 2583/10/6
f 2575/9/6 2576/9/6 2584/9/6
f 2583/15/6 2574/15/6 2584/15/6
f 2574/9/6 2575/9/6 2584/9/6
f 2584/9/6 2576/9/6 2585/9/6
f 2585/9/6 2576/9/6 2586/9/6
f 2577/15/6 2578/15/6 2587/15/6
f 2578/2/6 2579/2/6 2588/2/6
f 2587/15/6 2578/15/6 2588/15/6
f 2580/9/6 2581/9/6 2589/9/6
f 2588/2/6 2579/2/6 2589/2/6
f 2579/9/6 2580/9/6 2589/9/6
f 2581/6/6 2573/6/6 2590/6/6
f 2589/9/6 2581/9/6 2590/9/6
f 2573/9/6 2555/9/6 2591/9/6
f 2590/6/6 2573/6/6 2591/6/6
f 2563/10/6 2582/10/6 2592/10/6
f 2591/9/6 2555/9/6 2592/9/6
f 2555/10/6 2563/10/6 2592/10/6
f 2582/9/6 2583/9/6 2593/9/6
f 2592/10/6 2582/10/6 2593/10/6
f 2583/6/6 2584/6/6 2594/6/6
f 2584/9/6 2585/9/6 2595/9/6
f 2594/6/6 2584/6/6 2595/6/6
f 2585/10/6 2586/10/6 2596/10/6
f 2595/9/6 2585/9/6 2596/9/6
f 2596/10/6 2586/10/6 2597/10/6
f 2590/15/6 2591/15/6 2598/15/6
f 2589/9/6 2590/9/6 2598/9/6
f 2591/9/6 2592/9/6 2599/9/6
f 2598/15/6 2591/15/6 2599/15/6
f 2592/9/6 2593/9/6 2599/9/6
f 2599/9/6 2593/9/6 2600/9/6
f 2600/9/6 2593/9/6 2601/9/6
f 2583/6/6 2594/6/6 2602/6/6
f 2601/9/6 2593/9/6 2602/9/6
f 2593/9/6 2583/9/6 2602/9/6
f 2596/9/6 2597/9/6 2603/9/6
f 2594/9/6 2595/9/6 2603/9/6
f 2595/9/6 2596/9/6 2603/9/6
f 2603/9/6 2597/9/6 2604/9/6
f 2587/6/6 2588/6/6 2605/6/6
f 2588/10/6 2589/10/6 2606/10/6
f 2605/6/6 2588/6/6 2606/6/6
f 2589/9/6 2598/9/6 2607/9/6
f 2606/10/6 2589/10/6 2607/10/6
f 2599/6/6 2600/6/6 2608/6/6
f 2607/9/6 2598/9/6 2608/9/6
f 2598/6/6 2599/6/6 2608/6/6
f 2601/6/6 2602/6/6 2609/6/6
f 2602/6/6 2594/6/6 2610/6/6
f 2609/6/6 2602/6/6 2610/6/6
f 2605/9/6 2606/9/6 2611/9/6
f 2606/6/6 2607/6/6 2612/6/6
f 2611/9/6 2606/9/6 2612/9/6
f 2607/6/6 2608/6/6 2612/6/6
f 2612/6/6 2608/6/6 2613/6/6
f 2608/6/6 2600/6/6 2614/6/6
f 2613/6/6 2608/6/6 2614/6/6
f 2601/6/6 2609/6/6 2615/6/6
f 2609/9/6 2610/9/6 2615/9/6
f 2610/6/6 2594/6/6 2616/6/6
f 2615/9/6 2610/9/6 2616/9/6
f 2594/9/6 2603/9/6 2617/9/6
f 2616/6/6 2594/6/6 2617/6/6
f 2603/6/6 2604/6/6 2618/6/6
f 2617/9/6 2603/9/6 2618/9/6
f 2612/6/6 2613/6/6 2619/6/6
f 2611/6/6 2612/6/6 2619/6/6
f 2613/9/6 2614/9/6 2620/9/6
f 2619/6/6 2613/6/6 2620/6/6
f 2616/6/6 2617/6/6 2621/6/6
f 2615/6/6 2616/6/6 2621/6/6
f 2617/6/6 2618/6/6 2621/6/6
f 2621/6/6 2618/6/6 2622/6/6
f 2622/6/6 2618/6/6 2623/6/6
f 2618/6/6 2604/6/6 2624/6/6
f 2623/6/6 2618/6/6 2624/6/6
f 2620/9/6 2614/9/6 2625/9/6
f 2619/9/6 2620/9/6 2625/9/6
f 2614/6/6 2600/6/6 2626/6/6
f 2625/9/6 2614/9/6 2626/9/6
f 2601/6/6 2615/6/6 2627/6/6
f 2615/6/6 2621/6/6 2627/6/6
f 2621/9/6 2622/9/6 2628/9/6
f 2627/6/6 2621/6/6 2628/6/6
f 2622/6/6 2623/6/6 2629/6/6
f 2628/9/6 2622/9/6 2629/9/6
f 2619/9/6 2625/9/6 2630/9/6
f 2630/9/6 2625/9/6 2631/9/6
f 2627/2/6 2628/2/6 2632/2/6
f 2601/6/6 2627/6/6 2632/6/6
f 2628/6/6 2629/6/6 2633/6/6
f 2632/2/6 2628/2/6 2633/2/6
f 2629/6/6 2623/6/6 2634/6/6
f 2633/6/6 2629/6/6 2634/6/6
f 2623/9/6 2624/9/6 2634/9/6
f 2624/6/6 2604/6/6 2635/6/6
f 2634/9/6 2624/9/6 2635/9/6
f 2635/6/6 2604/6/6 2636/6/6
f 2631/9/6 2625/9/6 2637/9/6
f 2625/6/6 2626/6/6 2637/6/6
f 2626/6/6 2600/6/6 2638/6/6
f 2637/6/6 2626/6/6 2638/6/6
f 2600/15/6 2601/15/6 2639/15/6
f 2638/6/6 2600/6/6 2639/6/6
f 2632/6/6 2633/6/6 2640/6/6
f 2633/6/6 2634/6/6 2640/6/6
f 2634/6/6 2635/6/6 2640/6/6
f 2635/15/6 2636/15/6 2641/15/6
f 2640/6/6 2635/6/6 2641/6/6
f 2641/15/6 2636/15/6 2642/15/6
f 2619/9/6 2630/9/6 2643/9/6
f 2630/10/6 2631/10/6 2643/10/6
f 2631/9/6 2637/9/6 2644/9/6
f 2643/10/6 2631/10/6 2644/10/6
f 2637/15/6 2638/15/6 2645/15/6
f 2638/9/6 2639/9/6 2645/9/6
f 2639/15/6 2601/15/6 2646/15/6
f 2645/9/6 2639/9/6 2646/9/6
f 2632/6/6 2640/6/6 2647/6/6
f 2646/15/6 2601/15/6 2647/15/6
f 2601/6/6 2632/6/6 2647/6/6
f 2647/6/6 2640/6/6 2648/6/6
f 2648/6/6 2640/6/6 2649/6/6
f 2641/9/6 2642/9/6 2650/9/6
f 2649/6/6 2640/6/6 2650/6/6
f 2640/9/6 2641/9/6 2650/9/6
f 2650/9/6 2642/9/6 2651/9/6
f 2644/9/6 2637/9/6 2652/9/6
f 2637/15/6 2645/15/6 2652/15/6
f 2643/9/6 2644/9/6 2652/9/6
f 2645/15/6 2646/15/6 2652/15/6
f 2646/15/6 2647/15/6 2652/15/6
f 2647/15/6 2648/15/6 2652/15/6
f 2652/15/6 2648/15/6 2653/15/6
f 2648/6/6 2649/6/6 2654/6/6
f 2653/15/6 2648/15/6 2654/15/6
f 2649/9/6 2650/9/6 2655/9/6
f 2654/6/6 2649/6/6 2655/6/6
f 2619/9/6 2643/9/6 2656/9/6
f 2643/9/6 2652/9/6 2656/9/6
f 2656/9/6 2652/9/6 2657/9/6
f 2652/6/6 2653/6/6 2658/6/6
f 2657/9/6 2652/9/6 2658/9/6
f 2655/9/6 2650/9/6 2659/9/6
f 2654/9/6 2655/9/6 2659/9/6
f 2650/10/6 2651/10/6 2660/10/6
f 2659/9/6 2650/9/6 2660/9/6
f 2656/15/6 2657/15/6 2661/15/6
f 2657/6/6 2658/6/6 2661/6/6
f 2661/6/6 2658/6/6 2662/6/6
f 2654/9/6 2659/9/6 2663/9/6
f 2653/15/6 2654/15/6 2663/15/6
f 2663/9/6 2659/9/6 2664/9/6
f 2661/2/6 2662/2/6 2665/2/6
f 2656/15/6 2661/15/6 2665/15/6
f 2662/6/6 2658/6/6 2666/6/6
f 2665/2/6 2662/2/6 2666/2/6
f 2658/6/6 2653/6/6 2667/6/6
f 2666/6/6 2658/6/6 2667/6/6
f 2667/6/6 2653/6/6 2668/6/6
f 2663/15/6 2664/15/6 2669/15/6
f 2668/6/6 2653/6/6 2669/6/6
f 2653/15/6 2663/15/6 2669/15/6
f 2669/15/6 2664/15/6 2670/15/6
f 2664/9/6 2659/9/6 2671/9/6
f 2670/15/6 2664/15/6 2671/15/6
f 2671/9/6 2659/9/6 2672/9/6
f 2660/10/6 2651/10/6 2673/10/6
f 2659/10/6 2660/10/6 2673/10/6
f 2673/10/6 2651/10/6 2674/10/6
f 2672/9/6 2659/9/6 2675/9/6
f 2671/6/6 2672/6/6 2675/6/6
f 2670/6/6 2671/6/6 2675/6/6
f 2659/10/6 2673/10/6 2676/10/6
f 2675/9/6 2659/9/6 2676/9/6
f 2673/9/6 2674/9/6 2677/9/6
f 2676/10/6 2673/10/6 2677/10/6
f 2677/9/6 2674/9/6 2678/9/6
f 2656/15/6 2665/15/6 2679/15/6
f 2679/15/6 2665/15/6 2680/15/6
f 2665/6/6 2666/6/6 2681/6/6
f 2680/15/6 2665/15/6 2681/15/6
f 2666/6/6 2667/6/6 2681/6/6
f 2667/9/6 2668/9/6 2682/9/6
f 2681/6/6 2667/6/6 2682/6/6
f 2669/15/6 2670/15/6 2683/15/6
f 2682/9/6 2668/9/6 2683/9/6
f 2668/15/6 2669/15/6 2683/15/6
f 2679/6/6 2680/6/6 2684/6/6
f 2681/15/6 2682/15/6 2684/15/6
f 2682/15/6 2683/15/6 2684/15/6
f 2680/15/6 2681/15/6 2684/15/6
f 2684/15/6 2683/15/6 2685/15/6
f 2685/15/6 2683/15/6 2686/15/6
f 2683/15/6 2670/15/6 2687/15/6
f 2686/15/6 2683/15/6 2687/15/6
f 2687/15/6 2670/15/6 2688/15/6
f 2676/6/6 2677/6/6 2689/6/6
f 2675/6/6 2676/6/6 2689/6/6
f 2677/6/6 2678/6/6 2689/6/6
f 2689/6/6 2678/6/6 2690/6/6
f 2679/6/6 2684/6/6 2691/6/6
f 2684/9/6 2685/9/6 2692/9/6
f 2691/6/6 2684/6/6 2692/6/6
f 2687/6/6 2688/6/6 2693/6/6
f 2686/15/6 2687/15/6 2693/15/6
f 2688/15/6 2670/15/6 2694/15/6
f 2693/6/6 2688/6/6 2694/6/6
f 2675/6/6 2689/6/6 2695/6/6
f 2689/2/6 2690/2/6 2695/2/6
f 2690/6/6 2678/6/6 2696/6/6
f 2695/2/6 2690/2/6 2696/2/6
f 2691/15/6 2692/15/6 2697/15/6
f 2692/9/6 2685/9/6 2698/9/6
f 2697/15/6 2692/15/6 2698/15/6
f 2698/9/6 2685/9/6 2699/9/6
f 2685/10/6 2686/10/6 2700/10/6
f 2699/9/6 2685/9/6 2700/9/6
f 2686/15/6 2693/15/6 2701/15/6
f 2700/10/6 2686/10/6 2701/10/6
f 2693/15/6 2694/15/6 2701/15/6
f 2701/15/6 2694/15/6 2702/15/6
f 2698/9/6 2699/9/6 2703/9/6
f 2699/10/6 2700/10/6 2703/10/6
f 2697/9/6 2698/9/6 2703/9/6
f 2700/10/6 2701/10/6 2703/10/6
f 2701/6/6 2702/6/6 2704/6/6
f 2703/10/6 2701/10/6 2704/10/6
f 2702/15/6 2694/15/6 2705/15/6
f 2704/6/6 2702/6/6 2705/6/6
f 2694/15/6 2670/15/6 2706/15/6
f 2705/15/6 2694/15/6 2706/15/6
f 2670/6/6 2675/6/6 2707/6/6
f 2706/15/6 2670/15/6 2707/15/6
f 2675/6/6 2695/6/6 2707/6/6
f 2695/6/6 2696/6/6 2707/6/6
f 2707/6/6 2696/6/6 2708/6/6
f 2708/6/6 2696/6/6 2709/6/6
f 2696/6/6 2678/6/6 2710/6/6
f 2709/6/6 2696/6/6 2710/6/6
f 2703/9/6 2704/9/6 2711/9/6
f 2705/6/6 2706/6/6 2712/6/6
f 2711/9/6 2704/9/6 2712/9/6
f 2704/6/6 2705/6/6 2712/6/6
f 2706/15/6 2707/15/6 2713/15/6
f 2707/15/6 2708/15/6 2713/15/6
f 2713/15/6 2708/15/6 2714/15/6
f 2708/6/6 2709/6/6 2715/6/6
f 2714/15/6 2708/15/6 2715/15/6
f 2715/6/6 2709/6/6 2716/6/6
f 2709/9/6 2710/9/6 2717/9/6
f 2716/6/6 2709/6/6 2717/6/6
f 2697/9/6 2703/9/6 2718/9/6
f 2703/9/6 2711/9/6 2718/9/6
f 2718/9/6 2711/9/6 2719/9/6
f 2719/9/6 2711/9/6 2720/9/6
f 2711/6/6 2712/6/6 2721/6/6
f 2720/9/6 2711/9/6 2721/9/6
f 2712/6/6 2706/6/6 2722/6/6
f 2721/6/6 2712/6/6 2722/6/6
f 2713/6/6 2714/6/6 2723/6/6
f 2714/15/6 2715/15/6 2723/15/6
f 2715/2/6 2716/2/6 2724/2/6
f 2723/15/6 2715/15/6 2724/15/6
f 2716/9/6 2717/9/6 2725/9/6
f 2724/2/6 2716/2/6 2725/2/6
f 2719/9/6 2720/9/6 2726/9/6
f 2718/6/6 2719/6/6 2726/6/6
f 2720/6/6 2721/6/6 2727/6/6
f 2726/9/6 2720/9/6 2727/9/6
f 2721/9/6 2722/9/6 2728/9/6
f 2727/6/6 2721/6/6 2728/6/6
f 2728/9/6 2722/9/6 2729/9/6
f 2722/6/6 2706/6/6 2730/6/6
f 2706/15/6 2713/15/6 2731/15/6
f 2730/6/6 2706/6/6 2731/6/6
f 2723/6/6 2724/6/6 2732/6/6
f 2731/15/6 2713/15/6 2732/15/6
f 2713/6/6 2723/6/6 2732/6/6
f 2724/15/6 2725/15/6 2733/15/6
f 2732/6/6 2724/6/6 2733/6/6
f 2729/9/6 2722/9/6 2734/9/6
f 2728/6/6 2729/6/6 2734/6/6
f 2726/6/6 2727/6/6 2734/6/6
f 2727/6/6 2728/6/6 2734/6/6
f 2722/6/6 2730/6/6 2735/6/6
f 2734/9/6 2722/9/6 2735/9/6
f 2730/15/6 2731/15/6 2736/15/6
f 2735/6/6 2730/6/6 2736/6/6
f 2732/15/6 2733/15/6 2736/15/6
f 2731/15/6 2732/15/6 2736/15/6
f 2733/15/6 2725/15/6 2737/15/6
f 2736/15/6 2733/15/6 2737/15/6
f 2725/9/6 2717/9/6 2738/9/6
f 2737/15/6 2725/15/6 2738/15/6
f 2717/9/6 2710/9/6 2739/9/6
f 2738/9/6 2717/9/6 2739/9/6
f 2739/9/6 2710/9/6 2740/9/6
f 2734/6/6 2735/6/6 2741/6/6
f 2718/6/6 2726/6/6 2741/6/6
f 2726/6/6 2734/6/6 2741/6/6
f 2741/6/6 2735/6/6 2742/6/6
f 2735/15/6 2736/15/6 2743/15/6
f 2742/6/6 2735/6/6 2743/6/6
f 2736/6/6 2737/6/6 2744/6/6
f 2743/15/6 2736/15/6 2744/15/6
f 2737/15/6 2738/15/6 2745/15/6
f 2744/6/6 2737/6/6 2745/6/6
f 2738/15/6 2739/15/6 2745/15/6
f 2745/15/6 2739/15/6 2746/15/6
f 2739/6/6 2740/6/6 2747/6/6
f 2746/15/6 2739/15/6 2747/15/6
f 2747/6/6 2740/6/6 2748/6/6
f 2741/15/6 2742/15/6 2749/15/6
f 2749/15/6 2742/15/6 2750/15/6
f 2751/13/6 2752/13/6 2756/13/6
f 2756/13/6 2752/13/6 2757/13/6
f 2757/13/6 2752/13/6 2758/13/6
f 2758/13/6 2752/13/6 2759/13/6
f 2753/13/6 2754/13/6 2760/13/6
f 2760/13/6 2754/13/6 2761/13/6
f 2756/14/6 2757/14/6 2762/14/6
f 2757/17/6 2758/17/6 2762/17/6
f 2758/14/6 2759/14/6 2763/14/6
f 2762/17/6 2758/17/6 2763/17/6
f 2753/13/6 2760/13/6 2764/13/6
f 2760/17/6 2761/17/6 2765/17/6
f 2764/13/6 2760/13/6 2765/13/6
f 2761/13/6 2754/13/6 2766/13/6
f 2765/17/6 2761/17/6 2766/17/6
f 2754/14/6 2755/14/6 2767/14/6
f 2767/14/6 2755/14/6 2768/14/6
f 2756/14/6 2762/14/6 2769/14/6
f 2762/14/6 2763/14/6 2769/14/6
f 2769/14/6 2763/14/6 2770/14/6
f 2759/13/6 2752/13/6 2771/13/6
f 2771/13/6 2752/13/6 2772/13/6
f 2767/5/6 2768/5/6 2773/5/6
f 2754/14/6 2767/14/6 2773/14/6
f 2768/14/6 2755/14/6 2774/14/6
f 2773/5/6 2768/5/6 2774/5/6
f 2770/14/6 2763/14/6 2775/14/6
f 2775/14/6 2763/14/6 2776/14/6
f 2759/13/6 2771/13/6 2777/13/6
f 2777/13/6 2771/13/6 2778/13/6
f 2764/17/6 2765/17/6 2779/17/6
f 2753/13/6 2764/13/6 2779/13/6
f 2765/13/6 2766/13/6 2780/13/6
f 2779/17/6 2765/17/6 2780/17/6
f 2769/17/6 2770/17/6 2781/17/6
f 2770/14/6 2775/14/6 2782/14/6
f 2781/17/6 2770/17/6 2782/17/6
f 2775/5/6 2776/5/6 2783/5/6
f 2782/14/6 2775/14/6 2783/14/6
f 2776/14/6 2763/14/6 2784/14/6
f 2783/5/6 2776/5/6 2784/5/6
f 2777/5/6 2778/5/6 2785/5/6
f 2759/13/6 2777/13/6 2785/13/6
f 2778/13/6 2771/13/6 2786/13/6
f 2785/5/6 2778/5/6 2786/5/6
f 2771/8/6 2772/8/6 2787/8/6
f 2786/13/6 2771/13/6 2787/13/6
f 2772/13/6 2752/13/6 2788/13/6
f 2787/8/6 2772/8/6 2788/8/6
f 2774/14/6 2755/14/6 2789/14/6
f 2773/14/6 2774/14/6 2789/14/6
f 2789/14/6 2755/14/6 2790/14/6
f 2782/14/6 2783/14/6 2791/14/6
f 2781/14/6 2782/14/6 2791/14/6
f 2783/14/6 2784/14/6 2791/14/6
f 2791/14/6 2784/14/6 2792/14/6
f 2766/13/6 2754/13/6 2793/13/6
f 2754/14/6 2773/14/6 2793/14/6
f 2780/13/6 2766/13/6 2793/13/6
f 2773/14/6 2789/14/6 2793/14/6
f 2779/13/6 2780/13/6 2793/13/6
f 2789/7/6 2790/7/6 2794/7/6
f 2793/14/6 2789/14/6 2794/14/6
f 2790/14/6 2755/14/6 2795/14/6
f 2794/7/6 2790/7/6 2795/7/6
f 2795/14/6 2755/14/6 2796/14/6
f 2781/14/6 2791/14/6 2797/14/6
f 2797/14/6 2791/14/6 2798/14/6
f 2793/13/6 2794/13/6 2799/13/6
f 2779/13/6 2793/13/6 2799/13/6
f 2799/13/6 2794/13/6 2800/13/6
f 2797/17/6 2798/17/6 2801/17/6
f 2781/14/6 2797/14/6 2801/14/6
f 2798/14/6 2791/14/6 2802/14/6
f 2801/17/6 2798/17/6 2802/17/6
f 2792/14/6 2784/14/6 2803/14/6
f 2791/5/6 2792/5/6 2803/5/6
f 2803/14/6 2784/14/6 2804/14/6
f 2786/13/6 2787/13/6 2805/13/6
f 2785/13/6 2786/13/6 2805/13/6
f 2787/13/6 2788/13/6 2805/13/6
f 2805/13/6 2788/13/6 2806/13/6
f 2799/8/6 2800/8/6 2807/8/6
f 2779/13/6 2799/13/6 2807/13/6
f 2800/13/6 2794/13/6 2808/13/6
f 2807/8/6 2800/8/6 2808/8/6
f 2794/7/6 2795/7/6 2809/7/6
f 2808/13/6 2794/13/6 2809/13/6
f 2795/13/6 2796/13/6 2810/13/6
f 2809/7/6 2795/7/6 2810/7/6
f 2802/14/6 2791/14/6 2811/14/6
f 2801/14/6 2802/14/6 2811/14/6
f 2803/5/6 2804/5/6 2811/5/6
f 2791/5/6 2803/5/6 2811/5/6
f 2811/5/6 2804/5/6 2812/5/6
f 2785/13/6 2805/13/6 2813/13/6
f 2805/7/6 2806/7/6 2813/7/6
f 2806/13/6 2788/13/6 2814/13/6
f 2813/7/6 2806/7/6 2814/7/6
f 2809/13/6 2810/13/6 2815/13/6
f 2753/13/6 2779/13/6 2815/13/6
f 2779/13/6 2807/13/6 2815/13/6
f 2807/13/6 2808/13/6 2815/13/6
f 2808/13/6 2809/13/6 2815/13/6
f 2815/13/6 2810/13/6 2816/13/6
f 2816/13/6 2810/13/6 2817/13/6
f 2817/13/6 2810/13/6 2818/13/6
f 2804/14/6 2784/14/6 2819/14/6
f 2819/14/6 2784/14/6 2820/14/6
f 2784/14/6 2763/14/6 2821/14/6
f 2820/14/6 2784/14/6 2821/14/6
f 2763/14/6 2759/14/6 2821/14/6
f 2759/13/6 2785/13/6 2822/13/6
f 2821/14/6 2759/14/6 2822/14/6
f 2813/13/6 2814/13/6 2822/13/6
f 2785/13/6 2813/13/6 2822/13/6
f 2822/13/6 2814/13/6 2823/13/6
f 2753/13/6 2815/13/6 2824/13/6
f 2815/17/6 2816/17/6 2824/17/6
f 2816/13/6 2817/13/6 2825/13/6
f 2824/17/6 2816/17/6 2825/17/6
f 2817/5/6 2818/5/6 2826/5/6
f 2825/13/6 2817/13/6 2826/13/6
f 2818/13/6 2810/13/6 2827/13/6
f 2826/5/6 2818/5/6 2827/5/6
f 2812/5/6 2804/5/6 2828/5/6
f 2811/14/6 2812/14/6 2828/14/6
f 2804/14/6 2819/14/6 2829/14/6
f 2828/5/6 2804/5/6 2829/5/6
f 2819/5/6 2820/5/6 2830/5/6
f 2829/14/6 2819/14/6 2830/14/6
f 2820/14/6 2821/14/6 2831/14/6
f 2830/5/6 2820/5/6 2831/5/6
f 2823/13/6 2814/13/6 2832/13/6
f 2814/13/6 2788/13/6 2833/13/6
f 2832/13/6 2814/13/6 2833/13/6
f 2829/14/6 2830/14/6 2834/14/6
f 2828/14/6 2829/14/6 2834/14/6
f 2811/14/6 2828/14/6 2834/14/6
f 2830/14/6 2831/14/6 2834/14/6
f 2834/14/6 2831/14/6 2835/14/6
f 2831/14/6 2821/14/6 2836/14/6
f 2835/14/6 2831/14/6 2836/14/6
f 2836/14/6 2821/14/6 2837/14/6
f 2834/17/6 2835/17/6 2838/17/6
f 2811/14/6 2834/14/6 2838/14/6
f 2835/14/6 2836/14/6 2839/14/6
f 2838/17/6 2835/17/6 2839/17/6
f 2836/7/6 2837/7/6 2840/7/6
f 2839/14/6 2836/14/6 2840/14/6
f 2837/14/6 2821/14/6 2841/14/6
f 2840/7/6 2837/7/6 2841/7/6
f 2821/5/6 2822/5/6 2842/5/6
f 2841/14/6 2821/14/6 2842/14/6
f 2822/5/6 2823/5/6 2842/5/6
f 2842/5/6 2823/5/6 2843/5/6
f 2823/13/6 2832/13/6 2844/13/6
f 2843/5/6 2823/5/6 2844/5/6
f 2833/13/6 2788/13/6 2845/13/6
f 2788/13/6 2752/13/6 2846/13/6
f 2845/13/6 2788/13/6 2846/13/6
f 2825/13/6 2826/13/6 2847/13/6
f 2824/13/6 2825/13/6 2847/13/6
f 2826/13/6 2827/13/6 2847/13/6
f 2753/13/6 2824/13/6 2847/13/6
f 2847/13/6 2827/13/6 2848/13/6
f 2844/13/6 2832/13/6 2849/13/6
f 2832/8/6 2833/8/6 2849/8/6
f 2843/13/6 2844/13/6 2849/13/6
f 2833/13/6 2845/13/6 2850/13/6
f 2849/8/6 2833/8/6 2850/8/6
f 2845/7/6 2846/7/6 2851/7/6
f 2850/13/6 2845/13/6 2851/13/6
f 2846/13/6 2752/13/6 2852/13/6
f 2851/7/6 2846/7/6 2852/7/6
f 2847/5/6 2848/5/6 2853/5/6
f 2753/13/6 2847/13/6 2853/13/6
f 2848/13/6 2827/13/6 2854/13/6
f 2853/5/6 2848/5/6 2854/5/6
f 2843/13/6 2849/13/6 2855/13/6
f 2842/14/6 2843/14/6 2855/14/6
f 2840/14/6 2841/14/6 2855/14/6
f 2838/14/6 2839/14/6 2855/14/6
f 2850/13/6 2851/13/6 2855/13/6
f 2839/14/6 2840/14/6 2855/14/6
f 2841/14/6 2842/14/6 2855/14/6
f 2849/13/6 2850/13/6 2855/13/6
f 2851/13/6 2852/13/6 2855/13/6
f 2855/13/6 2852/13/6 2856/13/6
f 2753/13/6 2853/13/6 2857/13/6
f 2853/13/6 2854/13/6 2857/13/6
f 2857/13/6 2854/13/6 2858/13/6
f 2854/13/6 2827/13/6 2859/13/6
f 2858/13/6 2854/13/6 2859/13/6
f 2859/13/6 2827/13/6 2860/13/6
f 2855/14/6 2856/14/6 2861/14/6
f 2811/14/6 2838/14/6 2861/14/6
f 2801/14/6 2811/14/6 2861/14/6
f 2781/14/6 2801/14/6 2861/14/6
f 2838/14/6 2855/14/6 2861/14/6
f 2861/14/6 2856/14/6 2862/14/6
f 2862/14/6 2856/14/6 2863/14/6
f 2856/13/6 2852/13/6 2864/13/6
f 2863/14/6 2856/14/6 2864/14/6
f 2857/17/6 2858/17/6 2865/17/6
f 2753/13/6 2857/13/6 2865/13/6
f 2858/13/6 2859/13/6 2866/13/6
f 2865/17/6 2858/17/6 2866/17/6
f 2859/17/6 2860/17/6 2867/17/6
f 2866/13/6 2859/13/6 2867/13/6
f 2860/13/6 2827/13/6 2868/13/6
f 2867/17/6 2860/17/6 2868/17/6
f 2868/13/6 2827/13/6 2869/13/6
f 2862/14/6 2863/14/6 2870/14/6
f 2863/5/6 2864/5/6 2870/5/6
f 2864/13/6 2852/13/6 2871/13/6
f 2870/5/6 2864/5/6 2871/5/6
f 2871/13/6 2852/13/6 2872/13/6
f 2872/13/6 2852/13/6 2873/13/6
f 2871/13/6 2872/13/6 2874/13/6
f 2872/8/6 2873/8/6 2874/8/6
f 2873/13/6 2852/13/6 2875/13/6
f 2874/8/6 2873/8/6 2875/8/6
f 2861/13/6 2862/13/6 2876/13/6
f 2876/13/6 2862/13/6 2877/13/6
f 2866/14/6 2867/14/6 2878/14/6
f 2868/14/6 2869/14/6 2878/14/6
f 2867/14/6 2868/14/6 2878/14/6
f 2878/14/6 2869/14/6 2879/14/6
f 2869/13/6 2827/13/6 2880/13/6
f 2880/13/6 2827/13/6 2881/13/6
f 2862/14/6 2870/14/6 2882/14/6
f 2870/14/6 2871/14/6 2882/14/6
f 2882/14/6 2871/14/6 2883/14/6
f 2879/14/6 2869/14/6 2884/14/6
f 2878/5/6 2879/5/6 2884/5/6
f 2869/13/6 2880/13/6 2885/13/6
f 2884/14/6 2869/14/6 2885/14/6
f 2880/16/6 2881/16/6 2886/16/6
f 2885/13/6 2880/13/6 2886/13/6
f 2881/13/6 2827/13/6 2887/13/6
f 2886/16/6 2881/16/6 2887/16/6
f 2876/7/6 2877/7/6 2888/7/6
f 2861/13/6 2876/13/6 2888/13/6
f 2877/13/6 2862/13/6 2889/13/6
f 2888/7/6 2877/7/6 2889/7/6
f 2862/14/6 2882/14/6 2890/14/6
f 2889/13/6 2862/13/6 2890/13/6
f 2882/5/6 2883/5/6 2891/5/6
f 2890/14/6 2882/14/6 2891/14/6
f 2883/14/6 2871/14/6 2892/14/6
f 2891/5/6 2883/5/6 2892/5/6
f 2871/13/6 2874/13/6 2893/13/6
f 2892/14/6 2871/14/6 2893/14/6
f 2874/13/6 2875/13/6 2893/13/6
f 2884/5/6 2885/5/6 2894/5/6
f 2866/14/6 2878/14/6 2894/14/6
f 2878/5/6 2884/5/6 2894/5/6
f 2894/5/6 2885/5/6 2895/5/6
f 2890/13/6 2891/13/6 2896/13/6
f 2861/13/6 2888/13/6 2896/13/6
f 2888/13/6 2889/13/6 2896/13/6
f 2889/13/6 2890/13/6 2896/13/6
f 2896/13/6 2891/13/6 2897/13/6
f 2891/5/6 2892/5/6 2898/5/6
f 2897/13/6 2891/13/6 2898/13/6
f 2892/13/6 2893/13/6 2899/13/6
f 2898/5/6 2892/5/6 2899/5/6
f 2896/17/6 2897/17/6 2900/17/6
f 2897/13/6 2898/13/6 2900/13/6
f 2898/13/6 2899/13/6 2900/13/6
f 2900/13/6 2899/13/6 2901/13/6
f 2901/13/6 2899/13/6 2902/13/6
f 2902/13/6 2899/13/6 2903/13/6
f 2899/13/6 2893/13/6 2904/13/6
f 2903/13/6 2899/13/6 2904/13/6
f 2895/5/6 2885/5/6 2905/5/6
f 2894/14/6 2895/14/6 2905/14/6
f 2885/13/6 2886/13/6 2906/13/6
f 2905/5/6 2885/5/6 2906/5/6
f 2886/13/6 2887/13/6 2906/13/6
f 2861/13/6 2896/13/6 2907/13/6
f 2896/17/6 2900/17/6 2907/17/6
f 2900/17/6 2901/17/6 2907/17/6
f 2907/17/6 2901/17/6 2908/17/6
f 2901/13/6 2902/13/6 2909/13/6
f 2902/7/6 2903/7/6 2909/7/6
f 2903/17/6 2904/17/6 2910/17/6
f 2909/7/6 2903/7/6 2910/7/6
f 2904/13/6 2893/13/6 2911/13/6
f 2910/17/6 2904/17/6 2911/17/6
f 2907/13/6 2908/13/6 2912/13/6
f 2861/13/6 2907/13/6 2912/13/6
f 2908/17/6 2901/17/6 2913/17/6
f 2912/13/6 2908/13/6 2913/13/6
f 2909/13/6 2910/13/6 2914/13/6
f 2913/17/6 2901/17/6 2914/17/6
f 2901/13/6 2909/13/6 2914/13/6
f 2910/13/6 2911/13/6 2914/13/6
f 2894/14/6 2905/14/6 2915/14/6
f 2905/14/6 2906/14/6 2915/14/6
f 2866/14/6 2894/14/6 2915/14/6
f 2915/14/6 2906/14/6 2916/14/6
f 2810/13/6 2796/13/6 2917/13/6
f 2827/13/6 2810/13/6 2917/13/6
f 2887/13/6 2827/13/6 2917/13/6
f 2906/13/6 2887/13/6 2917/13/6
f 2917/13/6 2796/13/6 2918/13/6
f 2861/13/6 2912/13/6 2919/13/6
f 2919/13/6 2912/13/6 2920/13/6
f 2915/17/6 2916/17/6 2921/17/6
f 2916/14/6 2906/14/6 2922/14/6
f 2921/17/6 2916/17/6 2922/17/6
f 2919/17/6 2920/17/6 2923/17/6
f 2920/13/6 2912/13/6 2924/13/6
f 2923/17/6 2920/17/6 2924/17/6
f 2915/17/6 2921/17/6 2925/17/6
f 2866/14/6 2915/14/6 2925/14/6
f 2921/14/6 2922/14/6 2926/14/6
f 2925/17/6 2921/17/6 2926/17/6
f 2924/13/6 2912/13/6 2927/13/6
f 2912/7/6 2913/7/6 2927/7/6
f 2923/13/6 2924/13/6 2927/13/6
f 2913/13/6 2914/13/6 2928/13/6
f 2927/7/6 2913/7/6 2928/7/6
f 2914/13/6 2911/13/6 2929/13/6
f 2928/13/6 2914/13/6 2929/13/6
f 2875/13/6 2852/13/6 2929/13/6
f 2893/13/6 2875/13/6 2929/13/6
f 2911/13/6 2893/13/6 2929/13/6
f 2852/13/6 2752/13/6 2930/13/6
f 2929/13/6 2852/13/6 2930/13/6
f 2925/14/6 2926/14/6 2931/14/6
f 2865/13/6 2866/13/6 2931/13/6
f 2866/14/6 2925/14/6 2931/14/6
f 2926/14/6 2922/14/6 2932/14/6
f 2931/14/6 2926/14/6 2932/14/6
f 2922/14/6 2906/14/6 2932/14/6
f 2932/14/6 2906/14/6 2933/14/6
f 2906/13/6 2917/13/6 2934/13/6
f 2933/14/6 2906/14/6 2934/14/6
f 2917/16/6 2918/16/6 2935/16/6
f 2934/13/6 2917/13/6 2935/13/6
f 2935/16/6 2918/16/6 2936/16/6
f 2927/13/6 2928/13/6 2937/13/6
f 2928/13/6 2929/13/6 2937/13/6
f 2937/13/6 2929/13/6 2938/13/6
f 2938/13/6 2929/13/6 2939/13/6
f 2865/13/6 2931/13/6 2940/13/6
f 2753/13/6 2865/13/6 2940/13/6
f 2931/13/6 2932/13/6 2940/13/6
f 2940/13/6 2932/13/6 2941/13/6
f 2937/5/6 2938/5/6 2942/5/6
f 2927/13/6 2937/13/6 2942/13/6
f 2938/14/6 2939/14/6 2943/14/6
f 2942/5/6 2938/5/6 2943/5/6
f 2939/13/6 2929/13/6 2944/13/6
f 2944/13/6 2929/13/6 2945/13/6
f 2929/17/6 2930/17/6 2946/17/6
f 2945/13/6 2929/13/6 2946/13/6
f 2753/13/6 2940/13/6 2947/13/6
f 2947/13/6 2940/13/6 2948/13/6
f 2940/5/6 2941/5/6 2949/5/6
f 2948/13/6 2940/13/6 2949/13/6
f 2941/13/6 2932/13/6 2950/13/6
f 2949/5/6 2941/5/6 2950/5/6
f 2950/13/6 2932/13/6 2951/13/6
f 2932/14/6 2933/14/6 2952/14/6
f 2951/13/6 2932/13/6 2952/13/6
f 2944/16/6 2945/16/6 2953/16/6
f 2939/13/6 2944/13/6 2953/13/6
f 2945/17/6 2946/17/6 2954/17/6
f 2953/16/6 2945/16/6 2954/16/6
f 2946/17/6 2930/17/6 2955/17/6
f 2954/17/6 2946/17/6 2955/17/6
f 2930/13/6 2752/13/6 2956/13/6
f 2955/17/6 2930/17/6 2956/17/6
f 2753/13/6 2947/13/6 2957/13/6
f 2950/13/6 2951/13/6 2958/13/6
f 2948/13/6 2949/13/6 2958/13/6
f 2949/13/6 2950/13/6 2958/13/6
f 2958/13/6 2951/13/6 2959/13/6
f 2951/5/6 2952/5/6 2960/5/6
f 2959/13/6 2951/13/6 2960/13/6
f 2952/14/6 2933/14/6 2961/14/6
f 2960/5/6 2952/5/6 2961/5/6
f 2935/13/6 2936/13/6 2962/13/6
f 2961/14/6 2933/14/6 2962/14/6
f 2933/13/6 2934/13/6 2962/13/6
f 2934/13/6 2935/13/6 2962/13/6
f 2962/13/6 2936/13/6 2963/13/6
f 2963/13/6 2936/13/6 2964/13/6
f 2954/17/6 2955/17/6 2965/17/6
f 2953/17/6 2954/17/6 2965/17/6
f 2939/13/6 2953/13/6 2965/13/6
f 2955/13/6 2956/13/6 2966/13/6
f 2965/17/6 2955/17/6 2966/17/6
f 2959/17/6 2960/17/6 2967/17/6
f 2957/13/6 2958/13/6 2967/13/6
f 2958/13/6 2959/13/6 2967/13/6
f 2960/13/6 2961/13/6 2968/13/6
f 2967/17/6 2960/17/6 2968/17/6
f 2961/13/6 2962/13/6 2968/13/6
f 2962/13/6 2963/13/6 2968/13/6
f 2963/5/6 2964/5/6 2969/5/6
f 2968/13/6 2963/13/6 2969/13/6
f 2964/13/6 2936/13/6 2970/13/6
f 2969/5/6 2964/5/6 2970/5/6
f 2970/13/6 2936/13/6 2971/13/6
f 2927/13/6 2942/13/6 2972/13/6
f 2942/13/6 2943/13/6 2972/13/6
f 2943/14/6 2939/14/6 2973/14/6
f 2972/13/6 2943/13/6 2973/13/6
f 2973/14/6 2939/14/6 2974/14/6
f 2965/13/6 2966/13/6 2975/13/6
f 2974/14/6 2939/14/6 2975/14/6
f 2939/13/6 2965/13/6 2975/13/6
f 2975/13/6 2966/13/6 2976/13/6
f 2966/13/6 2956/13/6 2977/13/6
f 2976/13/6 2966/13/6 2977/13/6
f 2968/13/6 2969/13/6 2978/13/6
f 2967/13/6 2968/13/6 2978/13/6
f 2969/14/6 2970/14/6 2978/14/6
f 2970/17/6 2971/17/6 2979/17/6
f 2978/14/6 2970/14/6 2979/14/6
f 2975/13/6 2976/13/6 2980/13/6
f 2976/17/6 2977/17/6 2980/17/6
f 2974/13/6 2975/13/6 2980/13/6
f 2977/13/6 2956/13/6 2981/13/6
f 2980/17/6 2977/17/6 2981/17/6
f 2981/13/6 2956/13/6 2982/13/6
f 2956/13/6 2752/13/6 2983/13/6
f 2982/13/6 2956/13/6 2983/13/6
f 2978/16/6 2979/16/6 2984/16/6
f 2967/13/6 2978/13/6 2984/13/6
f 2979/17/6 2971/17/6 2985/17/6
f 2984/16/6 2979/16/6 2985/16/6
f 2971/13/6 2936/13/6 2986/13/6
f 2985/17/6 2971/17/6 2986/17/6
f 2981/13/6 2982/13/6 2987/13/6
f 2980/13/6 2981/13/6 2987/13/6
f 2983/13/6 2752/13/6 2988/13/6
f 2927/13/6 2972/13/6 2989/13/6
f 2973/16/6 2974/16/6 2989/16/6
f 2972/16/6 2973/16/6 2989/16/6
f 2987/13/6 2988/13/6 2990/13/6
f 2989/16/6 2974/16/6 2990/16/6
f 2974/13/6 2980/13/6 2990/13/6
f 2980/13/6 2987/13/6 2990/13/6
f 2985/13/6 2986/13/6 2991/13/6
f 2984/13/6 2985/13/6 2991/13/6
f 2991/13/6 2986/13/6 2992/13/6
f 2984/13/6 2991/13/6 2993/13/6
f 2991/16/6 2992/16/6 2993/16/6
f 2992/13/6 2986/13/6 2994/13/6
f 2993/16/6 2992/16/6 2994/16/6
f 2927/13/6 2989/13/6 2995/13/6
f 2989/13/6 2990/13/6 2995/13/6
f 2995/13/6 2990/13/6 2996/13/6
f 2957/13/6 2967/13/6 2997/13/6
f 2967/13/6 2984/13/6 2997/13/6
f 2993/13/6 2994/13/6 2997/13/6
f 2753/13/6 2957/13/6 2997/13/6
f 2984/13/6 2993/13/6 2997/13/6
f 2997/13/6 2994/13/6 2998/13/6
f 2923/13/6 2927/13/6 2999/13/6
f 2927/13/6 2995/13/6 2999/13/6
f 2999/13/6 2995/13/6 3000/13/6
f 2995/5/6 2996/5/6 3001/5/6
f 3000/13/6 2995/13/6 3001/13/6
f 2996/13/6 2990/13/6 3002/13/6
f 3001/5/6 2996/5/6 3002/5/6
f 2753/13/6 2997/13/6 3003/13/6
f 2998/13/6 2994/13/6 3004/13/6
f 2994/13/6 2986/13/6 3005/13/6
f 2986/13/6 2936/13/6 3005/13/6
f 3004/13/6 2994/13/6 3005/13/6
f 3005/13/6 2936/13/6 3006/13/6
f 3000/13/6 3001/13/6 3007/13/6
f 2999/5/6 3000/5/6 3007/5/6
f 3001/13/6 3002/13/6 3007/13/6
f 3007/13/6 3002/13/6 3008/13/6
f 3003/13/6 3004/13/6 3014/13/6
f 2753/13/6 3003/13/6 3014/13/6
f 3004/13/6 3005/13/6 3014/13/6
f 3014/13/6 3005/13/6 3015/13/6
f 3015/13/6 3005/13/6 3016/13/6
f 3016/13/6 3005/13/6 3017/13/6
f 3017/13/6 3005/13/6 3018/13/6
f 2923/13/6 2999/13/6 3019/13/6
f 2999/5/6 3007/5/6 3020/5/6
f 3019/13/6 2999/13/6 3020/13/6
f 3007/16/6 3008/16/6 3021/16/6
f 3020/5/6 3007/5/6 3021/5/6
f 3008/13/6 3002/13/6 3022/13/6
f 3021/16/6 3008/16/6 3022/16/6
f 2990/13/6 2988/13/6 3023/13/6
f 3022/13/6 3002/13/6 3023/13/6
f 3002/13/6 2990/13/6 3023/13/6
f 2988/13/6 2752/13/6 3024/13/6
f 3023/13/6 2988/13/6 3024/13/6
f 3009/9/6 3010/9/6 3025/9/6
f 3010/15/6 3011/15/6 3026/15/6
f 3025/9/6 3010/9/6 3026/9/6
f 3011/6/6 3012/6/6 3027/6/6
f 3026/15/6 3011/15/6 3027/15/6
f 3027/6/6 3012/6/6 3028/6/6
f 3013/6/6 3014/6/6 3029/6/6
f 3014/13/6 3015/13/6 3030/13/6
f 3029/6/6 3014/6/6 3030/6/6
f 3030/13/6 3015/13/6 3031/13/6
f 3016/13/6 3017/13/6 3032/13/6
f 3019/5/6 3020/5/6 3033/5/6
f 3020/5/6 3021/5/6 3033/5/6
f 3021/13/6 3022/13/6 3034/13/6
f 3033/5/6 3021/5/6 3034/5/6
f 3022/13/6 3023/13/6 3034/13/6
f 3034/13/6 3023/13/6 3035/13/6
f 3035/13/6 3023/13/6 3036/13/6
f 3036/13/6 3023/13/6 3037/13/6
f 3024/13/6 2752/13/6 3038/13/6
f 3009/9/6 3025/9/6 3039/9/6
f 3039/9/6 3025/9/6 3040/9/6
f 3025/15/6 3026/15/6 3041/15/6
f 3040/9/6 3025/9/6 3041/9/6
f 3026/6/6 3027/6/6 3042/6/6
f 3041/15/6 3026/15/6 3042/15/6
f 3027/10/6 3028/10/6 3043/10/6
f 3042/6/6 3027/6/6 3043/6/6
f 3028/6/6 3012/6/6 3044/6/6
f 3043/10/6 3028/10/6 3044/10/6
f 3012/15/6 3013/15/6 3045/15/6
f 3044/6/6 3012/6/6 3045/6/6
f 3013/6/6 3029/6/6 3046/6/6
f 3045/15/6 3013/15/6 3046/15/6
f 3029/15/6 3030/15/6 3047/15/6
f 3046/6/6 3029/6/6 3047/6/6
f 3030/13/6 3031/13/6 3048/13/6
f 3047/15/6 3030/15/6 3048/15/6
f 3031/13/6 3032/13/6 3048/13/6
f 3032/13/6 3017/13/6 3049/13/6
f 3048/13/6 3032/13/6 3049/13/6
f 3049/13/6 3017/13/6 3050/13/6
f 3005/5/6 3006/5/6 3051/5/6
f 3018/13/6 3005/13/6 3051/13/6
f 3006/13/6 2936/13/6 3052/13/6
f 3051/5/6 3006/5/6 3052/5/6
f 3037/13/6 3038/13/6 3053/13/6
f 3036/13/6 3037/13/6 3053/13/6
f 3038/13/6 2752/13/6 3054/13/6
f 3053/13/6 3038/13/6 3054/13/6
f 3009/9/6 3039/9/6 3055/9/6
f 3039/2/6 3040/2/6 3056/2/6
f 3055/9/6 3039/9/6 3056/9/6
f 3043/10/6 3044/10/6 3057/10/6
f 3056/2/6 3040/2/6 3057/2/6
f 3042/10/6 3043/10/6 3057/10/6
f 3040/10/6 3041/10/6 3057/10/6
f 3041/10/6 3042/10/6 3057/10/6
f 3057/10/6 3044/10/6 3058/10/6
f 3046/15/6 3047/15/6 3059/15/6
f 3058/10/6 3044/10/6 3059/10/6
f 3045/15/6 3046/15/6 3059/15/6
f 3044/15/6 3045/15/6 3059/15/6
f 3059/15/6 3047/15/6 3060/15/6
f 3060/15/6 3047/15/6 3061/15/6
f 3047/6/6 3048/6/6 3062/6/6
f 3061/15/6 3047/15/6 3062/15/6
f 3048/13/6 3049/13/6 3063/13/6
f 3063/13/6 3049/13/6 3064/13/6
f 3049/16/6 3050/16/6 3065/16/6
f 3064/13/6 3049/13/6 3065/13/6
f 3050/13/6 3017/13/6 3066/13/6
f 3065/16/6 3050/16/6 3066/16/6
f 3017/14/6 3018/14/6 3067/14/6
f 3066/13/6 3017/13/6 3067/13/6
f 3067/14/6 3018/14/6 3068/14/6
f 3018/13/6 3051/13/6 3069/13/6
f 3068/14/6 3018/14/6 3069/14/6
f 3051/13/6 3052/13/6 3069/13/6
f 3052/13/6 2936/13/6 3070/13/6
f 3069/13/6 3052/13/6 3070/13/6
f 3019/5/6 3033/5/6 3071/5/6
f 2923/13/6 3019/13/6 3071/13/6
f 3034/13/6 3035/13/6 3072/13/6
f 3071/5/6 3033/5/6 3072/5/6
f 3033/13/6 3034/13/6 3072/13/6
f 3036/13/6 3053/13/6 3073/13/6
f 3073/13/6 3053/13/6 3074/13/6
f 3062/6/6 3048/6/6 3075/6/6
f 3048/13/6 3063/13/6 3076/13/6
f 3075/6/6 3048/6/6 3076/6/6
f 3076/13/6 3063/13/6 3077/13/6
f 3077/13/6 3063/13/6 3078/13/6
f 3067/13/6 3068/13/6 3079/13/6
f 3064/13/6 3065/13/6 3079/13/6
f 3065/13/6 3066/13/6 3079/13/6
f 3066/13/6 3067/13/6 3079/13/6
f 3035/14/6 3036/14/6 3080/14/6
f 3080/14/6 3036/14/6 3081/14/6
f 3036/13/6 3073/13/6 3082/13/6
f 3077/13/6 3078/13/6 3083/13/6
f 3078/13/6 3079/13/6 3083/13/6
f 3083/13/6 3079/13/6 3084/13/6
f 3035/14/6 3080/14/6 3085/14/6
f 3085/14/6 3080/14/6 3086/14/6
f 3080/17/6 3081/17/6 3087/17/6
f 3086/14/6 3080/14/6 3087/14/6
f 3081/14/6 3036/14/6 3088/14/6
f 3087/17/6 3081/17/6 3088/17/6
f 3036/13/6 3082/13/6 3089/13/6
f 3089/13/6 3082/13/6 3090/13/6
f 3075/6/6 3076/6/6 3091/6/6
f 3091/6/6 3076/6/6 3092/6/6
f 3085/5/6 3086/5/6 3093/5/6
f 3035/14/6 3085/14/6 3093/14/6
f 3086/14/6 3087/14/6 3094/14/6
f 3093/5/6 3086/5/6 3094/5/6
f 3087/14/6 3088/14/6 3094/14/6
f 3036/13/6 3089/13/6 3095/13/6
f 3090/13/6 3082/13/6 3096/13/6
f 3084/13/6 3079/13/6 3098/13/6
f 3097/13/6 3098/13/6 3100/13/6
f 3035/14/6 3093/14/6 3101/14/6
f 3093/14/6 3094/14/6 3101/14/6
f 3094/14/6 3088/14/6 3102/14/6
f 3101/14/6 3094/14/6 3102/14/6
f 3095/13/6 3096/13/6 3103/13/6
f 3096/13/6 3082/13/6 3103/13/6
f 3103/13/6 3082/13/6 3104/13/6
f 3099/13/6 3100/13/6 3105/13/6
f 3079/13/6 3068/13/6 3105/13/6
f 3100/13/6 3098/13/6 3105/13/6
f 3098/13/6 3079/13/6 3105/13/6
f 3105/13/6 3068/13/6 3106/13/6
f 3101/17/6 3102/17/6 3107/17/6
f 3035/14/6 3101/14/6 3107/14/6
f 3102/14/6 3088/14/6 3108/14/6
f 3107/17/6 3102/17/6 3108/17/6
f 3105/5/6 3106/5/6 3109/5/6
f 3099/13/6 3105/13/6 3109/13/6
f 3106/13/6 3068/13/6 3110/13/6
f 3109/5/6 3106/5/6 3110/5/6
f 3069/14/6 3070/14/6 3111/14/6
f 3068/14/6 3069/14/6 3111/14/6
f 3111/14/6 3070/14/6 3112/14/6
f 2923/13/6 3071/13/6 3113/13/6
f 3071/13/6 3072/13/6 3113/13/6
f 3113/13/6 3072/13/6 3114/13/6
f 3095/13/6 3103/13/6 3115/13/6
f 3111/16/6 3112/16/6 3116/16/6
f 3068/14/6 3111/14/6 3116/14/6
f 3112/14/6 3070/14/6 3117/14/6
f 3116/16/6 3112/16/6 3117/16/6
f 3113/5/6 3114/5/6 3118/5/6
f 2923/13/6 3113/13/6 3118/13/6
f 3114/13/6 3072/13/6 3119/13/6
f 3118/5/6 3114/5/6 3119/5/6
f 3035/14/6 3107/14/6 3120/14/6
f 3119/13/6 3072/13/6 3120/13/6
f 3072/13/6 3035/13/6 3120/13/6
f 3107/14/6 3108/14/6 3120/14/6
f 3109/13/6 3110/13/6 3121/13/6
f 3099/13/6 3109/13/6 3121/13/6
f 3121/13/6 3110/13/6 3122/13/6
f 3110/13/6 3068/13/6 3123/13/6
f 3122/13/6 3110/13/6 3123/13/6
f 3068/14/6 3116/14/6 3124/14/6
f 3123/13/6 3068/13/6 3124/13/6
f 3116/14/6 3117/14/6 3124/14/6
f 3122/17/6 3123/17/6 3125/17/6
f 3123/14/6 3124/14/6 3126/14/6
f 3125/17/6 3123/17/6 3126/17/6
f 3124/14/6 3117/14/6 3127/14/6
f 3126/14/6 3124/14/6 3127/14/6
f 3117/14/6 3070/14/6 3128/14/6
f 3127/14/6 3117/14/6 3128/14/6
f 3095/13/6 3115/13/6 3129/13/6
f 3121/14/6 3122/14/6 3130/14/6
f 3122/17/6 3125/17/6 3130/17/6
f 3125/14/6 3126/14/6 3131/14/6
f 3130/17/6 3125/17/6 3131/17/6
f 3126/14/6 3127/14/6 3131/14/6
f 3128/14/6 3070/14/6 3132/14/6
f 3132/14/6 3070/14/6 3133/14/6
f 3121/14/6 3130/14/6 3134/14/6
f 3130/14/6 3131/14/6 3134/14/6
f 3134/14/6 3131/14/6 3135/14/6
f 3127/13/6 3128/13/6 3136/13/6
f 3128/14/6 3132/14/6 3136/14/6
f 3136/14/6 3132/14/6 3137/14/6
f 3132/16/6 3133/16/6 3138/16/6
f 3137/14/6 3132/14/6 3138/14/6
f 3133/14/6 3070/14/6 3139/14/6
f 3138/16/6 3133/16/6 3139/16/6
f 3095/13/6 3129/13/6 3140/13/6
f 3036/13/6 3095/13/6 3140/13/6
f 3140/13/6 3129/13/6 3141/13/6
f 3099/13/6 3121/13/6 3142/13/6
f 3142/13/6 3121/13/6 3143/13/6
f 3134/17/6 3135/17/6 3144/17/6
f 3121/14/6 3134/14/6 3144/14/6
f 3135/14/6 3131/14/6 3145/14/6
f 3144/17/6 3135/17/6 3145/17/6
f 3131/14/6 3127/14/6 3146/14/6
f 3145/14/6 3131/14/6 3146/14/6
f 3137/14/6 3138/14/6 3147/14/6
f 3138/14/6 3139/14/6 3147/14/6
f 3147/14/6 3139/14/6 3148/14/6
f 3118/14/6 3119/14/6 3149/14/6
f 3120/14/6 3108/14/6 3149/14/6
f 3119/14/6 3120/14/6 3149/14/6
f 3149/14/6 3108/14/6 3150/14/6
f 3140/17/6 3141/17/6 3151/17/6
f 3136/16/6 3137/16/6 3152/16/6
f 3127/13/6 3136/13/6 3152/13/6
f 3137/14/6 3147/14/6 3153/14/6
f 3152/16/6 3137/16/6 3153/16/6
f 3147/5/6 3148/5/6 3154/5/6
f 3153/14/6 3147/14/6 3154/14/6
f 3148/14/6 3139/14/6 3155/14/6
f 3154/5/6 3148/5/6 3155/5/6
f 3149/16/6 3150/16/6 3156/16/6
f 3118/14/6 3149/14/6 3156/14/6
f 3150/14/6 3108/14/6 3157/14/6
f 3156/16/6 3150/16/6 3157/16/6
f 3036/13/6 3140/13/6 3158/13/6
f 3140/17/6 3151/17/6 3159/17/6
f 3158/13/6 3140/13/6 3159/13/6
f 3142/16/6 3143/16/6 3160/16/6
f 3099/13/6 3142/13/6 3160/13/6
f 3143/13/6 3121/13/6 3161/13/6
f 3160/16/6 3143/16/6 3161/16/6
f 3146/14/6 3127/14/6 3162/14/6
f 3145/17/6 3146/17/6 3162/17/6
f 3153/13/6 3154/13/6 3163/13/6
f 3162/14/6 3127/14/6 3163/14/6
f 3152/13/6 3153/13/6 3163/13/6
f 3127/13/6 3152/13/6 3163/13/6
f 3088/14/6 3036/14/6 3164/14/6
f 3156/14/6 3157/14/6 3164/14/6
f 3108/14/6 3088/14/6 3164/14/6
f 3157/14/6 3108/14/6 3164/14/6
f 3036/13/6 3158/13/6 3165/13/6
f 3164/14/6 3036/14/6 3165/14/6
f 3145/17/6 3162/17/6 3166/17/6
f 3162/17/6 3163/17/6 3166/17/6
f 3144/14/6 3145/14/6 3166/14/6
f 3166/17/6 3163/17/6 3167/17/6
f 3163/13/6 3154/13/6 3168/13/6
f 3167/17/6 3163/17/6 3168/17/6
f 3168/13/6 3154/13/6 3169/13/6
f 3166/14/6 3167/14/6 3170/14/6
f 3121/14/6 3144/14/6 3170/14/6
f 3144/14/6 3166/14/6 3170/14/6
f 3170/14/6 3167/14/6 3171/14/6
f 3168/17/6 3169/17/6 3172/17/6
f 3167/17/6 3168/17/6 3172/17/6
f 3169/13/6 3154/13/6 3173/13/6
f 3172/17/6 3169/17/6 3173/17/6
f 3165/13/6 3158/13/6 3174/13/6
f 3164/13/6 3165/13/6 3174/13/6
f 3158/17/6 3159/17/6 3174/17/6
f 3159/17/6 3151/17/6 3175/17/6
f 3174/17/6 3159/17/6 3175/17/6
f 3167/17/6 3172/17/6 3176/17/6
f 3172/13/6 3173/13/6 3176/13/6
f 3173/13/6 3154/13/6 3177/13/6
f 3176/13/6 3173/13/6 3177/13/6
f 3154/14/6 3155/14/6 3177/14/6
f 3167/17/6 3176/17/6 3178/17/6
f 3171/14/6 3167/14/6 3178/14/6
f 3176/14/6 3177/14/6 3179/14/6
f 3178/17/6 3176/17/6 3179/17/6
f 3118/14/6 3156/14/6 3180/14/6
f 3156/14/6 3164/14/6 3180/14/6
f 3180/14/6 3164/14/6 3181/14/6
f 3181/14/6 3164/14/6 3182/14/6
f 3182/14/6 3164/14/6 3183/14/6
f 3170/17/6 3171/17/6 3184/17/6
f 3121/14/6 3170/14/6 3184/14/6
f 3171/14/6 3178/14/6 3185/14/6
f 3184/17/6 3171/17/6 3185/17/6
f 3178/14/6 3179/14/6 3185/14/6
f 3179/14/6 3177/14/6 3186/14/6
f 3185/14/6 3179/14/6 3186/14/6
f 3177/14/6 3155/14/6 3187/14/6
f 3186/14/6 3177/14/6 3187/14/6
f 3155/14/6 3139/14/6 3187/14/6
f 3182/5/6 3183/5/6 3188/5/6
f 3181/14/6 3182/14/6 3188/14/6
f 3183/14/6 3164/14/6 3189/14/6
f 3188/5/6 3183/5/6 3189/5/6
f 3180/16/6 3181/16/6 3190/16/6
f 3118/14/6 3180/14/6 3190/14/6
f 3181/14/6 3188/14/6 3191/14/6
f 3190/16/6 3181/16/6 3191/16/6
f 3188/14/6 3189/14/6 3191/14/6
f 3185/14/6 3186/14/6 3192/14/6
f 3184/14/6 3185/14/6 3192/14/6
f 3192/14/6 3186/14/6 3193/14/6
f 3186/16/6 3187/16/6 3194/16/6
f 3193/14/6 3186/14/6 3194/14/6
f 3187/14/6 3139/14/6 3195/14/6
f 3194/16/6 3187/16/6 3195/16/6
f 3174/13/6 3175/13/6 3196/13/6
f 3184/14/6 3192/14/6 3197/14/6
f 3197/14/6 3192/14/6 3198/14/6
f 3184/14/6 3197/14/6 3199/14/6
f 3197/5/6 3198/5/6 3199/5/6
f 3198/14/6 3192/14/6 3200/14/6
f 3199/5/6 3198/5/6 3200/5/6
f 3192/17/6 3193/17/6 3201/17/6
f 3200/14/6 3192/14/6 3201/14/6
f 3193/14/6 3194/14/6 3202/14/6
f 3201/17/6 3193/17/6 3202/17/6
f 3194/14/6 3195/14/6 3202/14/6
f 3202/14/6 3195/14/6 3203/14/6
f 3203/14/6 3195/14/6 3204/14/6
f 3200/14/6 3201/14/6 3205/14/6
f 3199/14/6 3200/14/6 3205/14/6
f 3184/14/6 3199/14/6 3205/14/6
f 3202/14/6 3203/14/6 3205/14/6
f 3201/14/6 3202/14/6 3205/14/6
f 3205/14/6 3203/14/6 3206/14/6
f 3203/16/6 3204/16/6 3207/16/6
f 3206/14/6 3203/14/6 3207/14/6
f 3204/14/6 3195/14/6 3208/14/6
f 3207/16/6 3204/16/6 3208/16/6
f 3174/13/6 3196/13/6 3209/13/6
f 3191/14/6 3189/14/6 3210/14/6
f 3190/14/6 3191/14/6 3210/14/6
f 3210/14/6 3189/14/6 3211/14/6
f 3174/13/6 3209/13/6 3212/13/6
f 3160/13/6 3161/13/6 3214/13/6
f 3099/13/6 3160/13/6 3214/13/6
f 3161/13/6 3121/13/6 3215/13/6
f 3214/13/6 3161/13/6 3215/13/6
f 3121/14/6 3184/14/6 3215/14/6
f 3184/14/6 3205/14/6 3215/14/6
f 3215/14/6 3205/14/6 3216/14/6
f 3190/14/6 3210/14/6 3217/14/6
f 3210/17/6 3211/17/6 3217/17/6
f 3211/14/6 3189/14/6 3218/14/6
f 3217/17/6 3211/17/6 3218/17/6
f 3174/13/6 3212/13/6 3219/13/6
f 3212/13/6 3213/13/6 3219/13/6
f 3164/13/6 3174/13/6 3219/13/6
f 3219/13/6 3213/13/6 3220/13/6
f 3214/14/6 3215/14/6 3221/14/6
f 3215/16/6 3216/16/6 3221/16/6
f 3216/14/6 3205/14/6 3222/14/6
f 3221/16/6 3216/16/6 3222/16/6
f 3205/5/6 3206/5/6 3223/5/6
f 3222/14/6 3205/14/6 3223/14/6
f 3206/14/6 3207/14/6 3224/14/6
f 3223/5/6 3206/5/6 3224/5/6
f 3207/14/6 3208/14/6 3224/14/6
f 3218/14/6 3189/14/6 3225/14/6
f 3217/14/6 3218/14/6 3225/14/6
f 3189/14/6 3164/14/6 3225/14/6
f 3164/13/6 3219/13/6 3225/13/6
f 3219/17/6 3220/17/6 3226/17/6
f 3225/13/6 3219/13/6 3226/13/6
f 3224/14/6 3208/14/6 3227/14/6
f 3223/14/6 3224/14/6 3227/14/6
f 3222/14/6 3223/14/6 3227/14/6
f 3221/14/6 3222/14/6 3227/14/6
f 3227/14/6 3208/14/6 3228/14/6
f 3226/17/6 3220/17/6 3229/17/6
f 3225/17/6 3226/17/6 3229/17/6
f 3220/13/6 3213/13/6 3229/13/6
f 3229/13/6 3213/13/6 3230/13/6
f 3230/13/6 3213/13/6 3231/13/6
f 3099/13/6 3214/13/6 3232/13/6
f 3227/16/6 3228/16/6 3233/16/6
f 3221/14/6 3227/14/6 3233/14/6
f 3228/14/6 3208/14/6 3234/14/6
f 3233/16/6 3228/16/6 3234/16/6
f 3195/14/6 3139/14/6 3235/14/6
f 3234/14/6 3208/14/6 3235/14/6
f 3208/14/6 3195/14/6 3235/14/6
f 3139/14/6 3070/14/6 3236/14/6
f 3235/14/6 3139/14/6 3236/14/6
f 3217/14/6 3225/14/6 3237/14/6
f 3225/17/6 3229/17/6 3237/17/6
f 3229/17/6 3230/17/6 3237/17/6
f 3237/17/6 3230/17/6 3238/17/6
f 3234/14/6 3235/14/6 3239/14/6
f 3233/14/6 3234/14/6 3239/14/6
f 3235/5/6 3236/5/6 3239/5/6
f 3236/14/6 3070/14/6 3240/14/6
f 3239/5/6 3236/5/6 3240/5/6
f 3238/17/6 3230/17/6 3241/17/6
f 3237/13/6 3238/13/6 3241/13/6
f 3230/13/6 3231/13/6 3242/13/6
f 3241/17/6 3230/17/6 3242/17/6
f 3231/13/6 3232/13/6 3242/13/6
f 3239/14/6 3240/14/6 3243/14/6
f 3233/14/6 3239/14/6 3243/14/6
f 3243/14/6 3240/14/6 3244/14/6
f 3233/14/6 3243/14/6 3245/14/6
f 3243/17/6 3244/17/6 3245/17/6
f 3244/14/6 3240/14/6 3246/14/6
f 3245/17/6 3244/17/6 3246/17/6
f 3217/14/6 3237/14/6 3247/14/6
f 3118/14/6 3190/14/6 3247/14/6
f 3190/14/6 3217/14/6 3247/14/6
f 2923/13/6 3118/13/6 3247/13/6
f 3237/13/6 3241/13/6 3248/13/6
f 3247/14/6 3237/14/6 3248/14/6
f 3241/13/6 3242/13/6 3248/13/6
f 3242/13/6 3232/13/6 3249/13/6
f 3248/13/6 3242/13/6 3249/13/6
f 3249/13/6 3232/13/6 3250/13/6
f 3221/14/6 3233/14/6 3251/14/6
f 3245/14/6 3246/14/6 3251/14/6
f 3233/14/6 3245/14/6 3251/14/6
f 3214/14/6 3221/14/6 3251/14/6
f 3251/14/6 3246/14/6 3252/14/6
f 3247/13/6 3248/13/6 3253/13/6
f 3248/13/6 3249/13/6 3253/13/6
f 3253/13/6 3249/13/6 3254/13/6
f 3249/17/6 3250/17/6 3255/17/6
f 3254/13/6 3249/13/6 3255/13/6
f 3250/13/6 3232/13/6 3256/13/6
f 3255/17/6 3250/17/6 3256/17/6
f 3251/16/6 3252/16/6 3257/16/6
f 3252/14/6 3246/14/6 3258/14/6
f 3257/16/6 3252/16/6 3258/16/6
f 3253/17/6 3254/17/6 3259/17/6
f 3247/13/6 3253/13/6 3259/13/6
f 3254/13/6 3255/13/6 3260/13/6
f 3259/17/6 3254/17/6 3260/17/6
f 3255/13/6 3256/13/6 3260/13/6
f 3260/13/6 3256/13/6 3261/13/6
f 3261/13/6 3256/13/6 3262/13/6
f 3251/16/6 3257/16/6 3263/16/6
f 3214/14/6 3251/14/6 3263/14/6
f 3257/14/6 3258/14/6 3264/14/6
f 3263/16/6 3257/16/6 3264/16/6
f 3246/14/6 3240/14/6 3265/14/6
f 3264/14/6 3258/14/6 3265/14/6
f 3258/14/6 3246/14/6 3265/14/6
f 3240/14/6 3070/14/6 3266/14/6
f 3265/14/6 3240/14/6 3266/14/6
f 3262/13/6 3256/13/6 3267/13/6
f 3261/17/6 3262/17/6 3267/17/6
f 3256/13/6 3232/13/6 3268/13/6
f 3267/13/6 3256/13/6 3268/13/6
f 3260/13/6 3261/13/6 3269/13/6
f 3261/17/6 3267/17/6 3269/17/6
f 3267/17/6 3268/17/6 3269/17/6
f 3259/13/6 3260/13/6 3269/13/6
f 3269/17/6 3268/17/6 3270/17/6
f 3268/13/6 3232/13/6 3271/13/6
f 3271/13/6 3232/13/6 3272/13/6
f 3259/13/6 3269/13/6 3273/13/6
f 3269/13/6 3270/13/6 3273/13/6
f 3273/13/6 3270/13/6 3274/13/6
f 3270/17/6 3268/17/6 3275/17/6
f 3274/13/6 3270/13/6 3275/13/6
f 3268/13/6 3271/13/6 3276/13/6
f 3275/17/6 3268/17/6 3276/17/6
f 3271/17/6 3272/17/6 3277/17/6
f 3276/13/6 3271/13/6 3277/13/6
f 3272/13/6 3232/13/6 3278/13/6
f 3277/17/6 3272/17/6 3278/17/6
f 3247/13/6 3259/13/6 3279/13/6
f 2923/13/6 3247/13/6 3279/13/6
f 3259/13/6 3273/13/6 3279/13/6
f 3273/17/6 3274/17/6 3280/17/6
f 3279/13/6 3273/13/6 3280/13/6
f 3277/13/6 3278/13/6 3281/13/6
f 3280/17/6 3274/17/6 3281/17/6
f 3276/13/6 3277/13/6 3281/13/6
f 3274/13/6 3275/13/6 3281/13/6
f 3275/13/6 3276/13/6 3281/13/6
f 3264/14/6 3265/14/6 3282/14/6
f 3281/13/6 3278/13/6 3282/13/6
f 3278/13/6 3232/13/6 3282/13/6
f 3263/14/6 3264/14/6 3282/14/6
f 3214/14/6 3263/14/6 3282/14/6
f 3232/13/6 3214/13/6 3282/13/6
f 3265/13/6 3266/13/6 3283/13/6
f 3282/14/6 3265/14/6 3283/14/6
f 3283/13/6 3266/13/6 3284/13/6
f 3285/15/6 3286/15/6 3289/15/6
f 3289/15/6 3286/15/6 3290/15/6
f 3287/6/6 3288/6/6 3291/6/6
f 3291/6/6 3288/6/6 3292/6/6
f 3293/15/6 3294/15/6 3304/15/6
f 3304/15/6 3294/15/6 3305/15/6
f 3294/6/6 3295/6/6 3306/6/6
f 3305/15/6 3294/15/6 3306/15/6
f 3295/10/6 3296/10/6 3307/10/6
f 3306/6/6 3295/6/6 3307/6/6
f 3296/15/6 3297/15/6 3308/15/6
f 3307/10/6 3296/10/6 3308/10/6
f 3308/15/6 3297/15/6 3309/15/6
f 3299/6/6 3300/6/6 3310/6/6
f 3298/15/6 3299/15/6 3310/15/6
f 3310/6/6 3300/6/6 3311/6/6
f 3311/6/6 3300/6/6 3312/6/6
f 3301/6/6 3302/6/6 3315/6/6
f 3315/6/6 3302/6/6 3316/6/6
f 3303/15/6 3304/15/6 3317/15/6
f 3317/15/6 3304/15/6 3318/15/6
f 3304/9/6 3305/9/6 3319/9/6
f 3318/15/6 3304/15/6 3319/15/6
f 3319/9/6 3305/9/6 3320/9/6
f 3305/15/6 3306/15/6 3321/15/6
f 3306/15/6 3307/15/6 3321/15/6
f 3307/10/6 3308/10/6 3322/10/6
f 3321/15/6 3307/15/6 3322/15/6
f 3322/10/6 3308/10/6 3323/10/6
f 3308/6/6 3309/6/6 3324/6/6
f 3323/10/6 3308/10/6 3324/10/6
f 3309/15/6 3297/15/6 3325/15/6
f 3297/6/6 3298/6/6 3325/6/6
f 3325/6/6 3298/6/6 3326/6/6
f 3298/15/6 3310/15/6 3327/15/6
f 3326/6/6 3298/6/6 3327/6/6
f 3310/2/6 3311/2/6 3328/2/6
f 3327/15/6 3310/15/6 3328/15/6
f 3311/15/6 3312/15/6 3329/15/6
f 3328/2/6 3311/2/6 3329/2/6
f 3313/6/6 3314/6/6 3330/6/6
f 3330/6/6 3314/6/6 3331/6/6
f 3331/6/6 3314/6/6 3332/6/6
f 3320/9/6 3305/9/6 3336/9/6
f 3305/15/6 3321/15/6 3337/15/6
f 3336/9/6 3305/9/6 3337/9/6
f 3322/9/6 3323/9/6 3338/9/6
f 3337/15/6 3321/15/6 3338/15/6
f 3321/9/6 3322/9/6 3338/9/6
f 3323/6/6 3324/6/6 3339/6/6
f 3338/9/6 3323/9/6 3339/9/6
f 3324/6/6 3309/6/6 3340/6/6
f 3339/6/6 3324/6/6 3340/6/6
f 3309/15/6 3325/15/6 3340/15/6
f 3325/9/6 3326/9/6 3341/9/6
f 3340/15/6 3325/15/6 3341/15/6
f 3326/15/6 3327/15/6 3342/15/6
f 3341/9/6 3326/9/6 3342/9/6
f 3327/15/6 3328/15/6 3342/15/6
f 3328/15/6 3329/15/6 3342/15/6
f 3342/15/6 3329/15/6 3343/15/6
f 3329/15/6 3312/15/6 3344/15/6
f 3343/15/6 3329/15/6 3344/15/6
f 3313/6/6 3330/6/6 3345/6/6
f 3345/6/6 3330/6/6 3346/6/6
f 3334/6/6 3335/6/6 3347/6/6
f 3347/6/6 3335/6/6 3348/6/6
f 3317/6/6 3318/6/6 3349/6/6
f 3332/6/6 3333/6/6 3352/6/6
f 3352/6/6 3333/6/6 3353/6/6
f 3350/15/6 3351/15/6 3354/15/6
f 3349/6/6 3350/6/6 3354/6/6
f 3354/15/6 3351/15/6 3355/15/6
f 3317/6/6 3349/6/6 3356/6/6
f 3349/6/6 3354/6/6 3356/6/6
f 3356/6/6 3354/6/6 3357/6/6
f 3358/6/6 3359/6/6 3364/6/6
f 3359/9/6 3360/9/6 3364/9/6
f 3364/9/6 3360/9/6 3365/9/6
f 3361/9/6 3362/9/6 3376/9/6
f 3358/6/6 3364/6/6 3377/6/6
f 3377/6/6 3364/6/6 3378/6/6
f 3365/15/6 3366/15/6 3379/15/6
f 3379/15/6 3366/15/6 3380/15/6
f 3367/9/6 3368/9/6 3381/9/6
f 3368/6/6 3369/6/6 3382/6/6
f 3381/9/6 3368/9/6 3382/9/6
f 3382/6/6 3369/6/6 3383/6/6
f 3369/15/6 3370/15/6 3384/15/6
f 3383/6/6 3369/6/6 3384/6/6
f 3370/6/6 3371/6/6 3385/6/6
f 3384/15/6 3370/15/6 3385/15/6
f 3371/2/6 3372/2/6 3386/2/6
f 3385/6/6 3371/6/6 3386/6/6
f 3372/6/6 3373/6/6 3387/6/6
f 3386/2/6 3372/2/6 3387/2/6
f 3387/6/6 3373/6/6 3388/6/6
f 3374/15/6 3375/15/6 3389/15/6
f 3375/9/6 3376/9/6 3390/9/6
f 3389/15/6 3375/15/6 3390/15/6
f 3376/9/6 3362/9/6 3391/9/6
f 3390/9/6 3376/9/6 3391/9/6
f 3362/6/6 3363/6/6 3392/6/6
f 3391/9/6 3362/9/6 3392/9/6
f 3381/6/6 3382/6/6 3395/6/6
f 3382/6/6 3383/6/6 3395/6/6
f 3383/15/6 3384/15/6 3396/15/6
f 3395/6/6 3383/6/6 3396/6/6
f 3387/6/6 3388/6/6 3397/6/6
f 3396/15/6 3384/15/6 3397/15/6
f 3386/6/6 3387/6/6 3397/6/6
f 3384/6/6 3385/6/6 3397/6/6
f 3385/6/6 3386/6/6 3397/6/6
f 3397/6/6 3388/6/6 3398/6/6
f 3398/6/6 3388/6/6 3399/6/6
f 3391/6/6 3392/6/6 3400/6/6
f 3392/6/6 3363/6/6 3401/6/6
f 3400/6/6 3392/6/6 3401/6/6
f 3393/6/6 3394/6/6 3402/6/6
f 3402/6/6 3394/6/6 3403/6/6
f 3404/1/6 3405/1/6 3406/1/6
f 3406/1/6 3405/1/6 3407/1/6
f 3408/1/6 3409/1/6 3410/1/6
f 3410/1/6 3409/1/6 3411/1/6
f 3412/1/6 3413/1/6 3414/1/6
f 3414/1/6 3413/1/6 3415/1/6
f 3416/6/6 3417/6/6 3418/6/6
f 3418/6/6 3417/6/6 3419/6/6
f 3420/19/6 3421/19/6 3424/19/6
f 3424/19/6 3421/19/6 3425/19/6
f 3422/19/6 3423/19/6 3426/19/6
f 3426/19/6 3423/19/6 3427/19/6
f 3428/1/6 3429/1/6 3432/1/6
f 3432/1/6 3429/1/6 3433/1/6
f 3430/1/6 3431/1/6 3434/1/6
f 3434/1/6 3431/1/6 3435/1/6
f 3436/22/6 3437/22/6 3438/22/6
f 3438/22/6 3437/22/6 3439/22/6
f 3440/21/6 3441/21/6 3442/21/6
f 3442/21/6 3441/21/6 3443/21/6
f 3444/20/6 3445/20/6 3448/20/6
f 3448/20/6 3445/20/6 3449/20/6
f 3446/20/6 3447/20/6 3450/20/6
f 3450/20/6 3447/20/6 3451/20/6
f 3452/21/6 3453/21/6 3456/21/6
f 3453/22/6 3454/22/6 3457/22/6
f 3456/21/6 3453/21/6 3457/21/6
f 3455/22/6 3456/22/6 3458/22/6
f 3456/22/6 3457/22/6 3458/22/6
f 3458/22/6 3457/22/6 3459/22/6
f 3459/22/6 3457/22/6 3460/22/6
f 3457/22/6 3454/22/6 3461/22/6
f 3460/22/6 3457/22/6 3461/22/6
f 3458/24/6 3459/24/6 3462/24/6
f 3459/22/6 3460/22/6 3463/22/6
f 3462/24/6 3459/24/6 3463/24/6
f 3460/21/6 3461/21/6 3464/21/6
f 3463/22/6 3460/22/6 3464/22/6
f 3462/22/6 3463/22/6 3464/22/6
f 3464/21/6 3461/21/6 3465/21/6
f 3462/22/6 3464/22/6 3466/22/6
f 3464/22/6 3465/22/6 3466/22/6
f 3466/22/6 3465/22/6 3467/22/6
f 3465/21/6 3461/21/6 3468/21/6
f 3467/22/6 3465/22/6 3468/22/6
f 3468/21/6 3461/21/6 3469/21/6
f 3466/23/6 3467/23/6 3470/23/6
f 3467/22/6 3468/22/6 3470/22/6
f 3468/22/6 3469/22/6 3470/22/6
f 3470/22/6 3469/22/6 3471/22/6
f 3466/23/6 3470/23/6 3472/23/6
f 3470/21/6 3471/21/6 3472/21/6
f 3471/22/6 3469/22/6 3473/22/6
f 3472/21/6 3471/21/6 3473/21/6
f 3466/23/6 3472/23/6 3474/23/6
f 3472/22/6 3473/22/6 3475/22/6
f 3474/23/6 3472/23/6 3475/23/6
f 3474/22/6 3475/22/6 3476/22/6
f 3475/22/6 3473/22/6 3477/22/6
f 3476/22/6 3475/22/6 3477/22/6
f 3477/22/6 3473/22/6 3478/22/6
f 3473/22/6 3469/22/6 3479/22/6
f 3478/22/6 3473/22/6 3479/22/6
f 3480/18/6 3481/18/6 3484/18/6
f 3484/18/6 3481/18/6 3485/18/6
f 3482/18/6 3483/18/6 3486/18/6
f 3486/18/6 3483/18/6 3487/18/6
f 3488/18/6 3489/18/6 3492/18/6
f 3492/18/6 3489/18/6 3493/18/6
f 3490/18/6 3491/18/6 3494/18/6
f 3494/18/6 3491/18/6 3495/18/6
f 3496/20/6 3497/20/6 3500/20/6
f 3500/20/6 3497/20/6 3501/20/6
f 3498/20/6 3499/20/6 3502/20/6
f 3502/20/6 3499/20/6 3503/20/6
f 3504/20/6 3505/20/6 3508/20/6
f 3508/20/6 3505/20/6 3509/20/6
f 3506/20/6 3507/20/6 3510/20/6
f 3510/20/6 3507/20/6 3511/20/6
f 3514/22/6 3515/22/6 3522/22/6
f 3515/20/6 3516/20/6 3523/20/6
f 3522/22/6 3515/22/6 3523/22/6
f 3516/19/6 3517/19/6 3524/19/6
f 3523/20/6 3516/20/6 3524/20/6
f 3517/20/6 3518/20/6 3525/20/6
f 3524/19/6 3517/19/6 3525/19/6
f 3518/22/6 3519/22/6 3526/22/6
f 3525/20/6 3518/20/6 3526/20/6
f 3526/22/6 3519/22/6 3527/22/6
f 3512/18/6 3513/18/6 3528/18/6
f 3528/18/6 3513/18/6 3529/18/6
f 3520/18/6 3521/18/6 3530/18/6
f 3530/18/6 3521/18/6 3531/18/6
f 3532/18/6 3533/18/6 3536/18/6
f 3536/18/6 3533/18/6 3537/18/6
f 3534/18/6 3535/18/6 3538/18/6
f 3538/18/6 3535/18/6 3539/18/6
f 3544/19/6 3545/19/6 3546/19/6
f 3546/19/6 3545/19/6 3547/19/6
f 3540/18/6 3541/18/6 3548/18/6
f 3548/18/6 3541/18/6 3549/18/6
f 3542/18/6 3543/18/6 3550/18/6
f 3550/18/6 3543/18/6 3551/18/6
f 3552/18/6 3553/18/6 3556/18/6
f 3556/18/6 3553/18/6 3557/18/6
f 3554/18/6 3555/18/6 3558/18/6
f 3558/18/6 3555/18/6 3559/18/6
f 3560/18/6 3561/18/6 3564/18/6
f 3562/18/6 3563/18/6 3565/18/6
f 3560/18/6 3564/18/6 3566/18/6
f 3566/18/6 3564/18/6 3567/18/6
f 3565/18/6 3563/18/6 3568/18/6
f 3568/18/6 3563/18/6 3569/18/6
f 3570/18/6 3571/18/6 3574/18/6
f 3572/18/6 3573/18/6 3575/18/6
f 3570/18/6 3574/18/6 3576/18/6
f 3576/18/6 3574/18/6 3577/18/6
f 3575/18/6 3573/18/6 3578/18/6
f 3578/18/6 3573/18/6 3579/18/6
f 3580/18/6 3581/18/6 3584/18/6
f 3584/18/6 3581/18/6 3585/18/6
f 3582/18/6 3583/18/6 3586/18/6
f 3586/18/6 3583/18/6 3587/18/6
f 3588/18/6 3589/18/6 3592/18/6
f 3592/18/6 3589/18/6 3593/18/6
f 3590/18/6 3591/18/6 3594/18/6
f 3594/18/6 3591/18/6 3595/18/6
f 3596/18/6 3597/18/6 3598/18/6
f 3598/18/6 3597/18/6 3599/18/6
f 3600/18/6 3601/18/6 3602/18/6
f 3602/18/6 3601/18/6 3603/18/6
f 3604/18/6 3605/18/6 3606/18/6
f 3606/18/6 3605/18/6 3607/18/6
f 3608/18/6 3609/18/6 3612/18/6
f 3612/18/6 3609/18/6 3613/18/6
f 3610/18/6 3611/18/6 3614/18/6
f 3614/18/6 3611/18/6 3615/18/6
f 3616/18/6 3617/18/6 3618/18/6
f 3618/18/6 3617/18/6 3619/18/6
f 3620/18/6 3621/18/6 3625/18/6
f 3625/18/6 3621/18/6 3626/18/6
f 3622/18/6 3623/18/6 3627/18/6
f 3627/18/6 3623/18/6 3628/18/6
f 3624/18/6 3625/18/6 3631/18/6
f 3625/19/6 3626/19/6 3632/19/6
f 3631/18/6 3625/18/6 3632/18/6
f 3626/2/6 3627/2/6 3633/2/6
f 3632/19/6 3626/19/6 3633/19/6
f 3627/19/6 3628/19/6 3634/19/6
f 3633/2/6 3627/2/6 3634/2/6
f 3628/18/6 3629/18/6 3635/18/6
f 3634/19/6 3628/19/6 3635/19/6
f 3635/18/6 3629/18/6 3636/18/6
f 3630/18/6 3631/18/6 3638/18/6
f 3631/19/6 3632/19/6 3639/19/6
f 3638/18/6 3631/18/6 3639/18/6
f 3639/19/6 3632/19/6 3640/19/6
f 3633/19/6 3634/19/6 3641/19/6
f 3641/19/6 3634/19/6 3642/19/6
f 3635/19/6 3636/19/6 3643/19/6
f 3636/18/6 3637/18/6 3644/18/6
f 3643/19/6 3636/19/6 3644/19/6
f 3644/18/6 3637/18/6 3645/18/6
f 3639/2/6 3640/2/6 3647/2/6
f 3642/19/6 3643/19/6 3648/19/6
f 3641/19/6 3642/19/6 3648/19/6
f 3647/2/6 3640/2/6 3648/2/6
f 3640/19/6 3641/19/6 3648/19/6
f 3648/19/6 3643/19/6 3649/19/6
f 3649/19/6 3643/19/6 3650/19/6
f 3643/2/6 3644/2/6 3651/2/6
f 3650/19/6 3643/19/6 3651/19/6
f 3651/2/6 3644/2/6 3652/2/6
f 3646/18/6 3647/18/6 3654/18/6
f 3647/19/6 3648/19/6 3655/19/6
f 3654/18/6 3647/18/6 3655/18/6
f 3655/19/6 3648/19/6 3656/19/6
f 3649/19/6 3650/19/6 3657/19/6
f 3657/19/6 3650/19/6 3658/19/6
f 3651/19/6 3652/19/6 3659/19/6
f 3652/18/6 3653/18/6 3660/18/6
f 3659/19/6 3652/19/6 3660/19/6
f 3660/18/6 3653/18/6 3661/18/6
f 3655/18/6 3656/18/6 3662/18/6
f 3656/19/6 3657/19/6 3663/19/6
f 3662/18/6 3656/18/6 3663/18/6
f 3657/2/6 3658/2/6 3664/2/6
f 3663/19/6 3657/19/6 3664/19/6
f 3658/19/6 3659/19/6 3665/19/6
f 3664/2/6 3658/2/6 3665/2/6
f 3659/18/6 3660/18/6 3666/18/6
f 3665/19/6 3659/19/6 3666/19/6
f 3666/18/6 3660/18/6 3667/18/6
f 3663/18/6 3664/18/6 3668/18/6
f 3668/18/6 3664/18/6 3669/18/6
f 3665/18/6 3666/18/6 3670/18/6
f 3670/18/6 3666/18/6 3671/18/6
f 3672/19/6 3673/19/6 3674/19/6
f 3674/19/6 3673/19/6 3675/19/6
f 3676/19/6 3677/19/6 3678/19/6
f 3678/19/6 3677/19/6 3679/19/6
f 3680/18/6 3681/18/6 3685/18/6
f 3685/18/6 3681/18/6 3686/18/6
f 3682/18/6 3683/18/6 3687/18/6
f 3687/18/6 3683/18/6 3688/18/6
f 3684/18/6 3685/18/6 3690/18/6
f 3690/18/6 3685/18/6 3691/18/6
f 3688/18/6 3689/18/6 3694/18/6
f 3694/18/6 3689/18/6 3695/18/6
f 3691/18/6 3692/18/6 3696/18/6
f 3696/18/6 3692/18/6 3697/18/6
f 3693/18/6 3694/18/6 3698/18/6
f 3698/18/6 3694/18/6 3699/18/6
f 3700/18/6 3701/18/6 3703/18/6
f 3703/18/6 3701/18/6 3704/18/6
f 3702/18/6 3703/18/6 3706/18/6
f 3706/18/6 3703/18/6 3707/18/6
f 3704/18/6 3705/18/6 3708/18/6
f 3708/18/6 3705/18/6 3709/18/6
f 3707/18/6 3708/18/6 3710/18/6
f 3710/18/6 3708/18/6 3711/18/6
f 3712/18/6 3713/18/6 3714/18/6
f 3714/18/6 3713/18/6 3715/18/6
f 3716/18/6 3717/18/6 3718/18/6
f 3718/18/6 3717/18/6 3719/18/6
f 3720/1/6 3721/1/6 3724/1/6
f 3724/1/6 3721/1/6 3725/1/6
f 3722/1/6 3723/1/6 3726/1/6
f 3726/1/6 3723/1/6 3727/1/6
f 3728/1/6 3729/1/6 3730/1/6
f 3730/1/6 3729/1/6 3731/1/6
